-- NUOVA VISTE DESRE
INSERT INTO ESTRAZIONE_REPORT ( ESTRAZIONE, DESCRIZIONE, DESCRIZIONE_AL1, DESCRIZIONE_AL2, SEQUENZA,
OGGETTO, NUM_RIC, NOTE ) VALUES ( 
'DISOCCUPAZIONE_INPS', 'Estrazione per Modullo disoccupazione INPS', NULL, NULL, NULL
, 'RAGI', 0, 'Nume stampa'); 

INSERT INTO ESTRAZIONE_VALORI_CONTABILI ( ESTRAZIONE, COLONNA, DAL, AL, DESCRIZIONE,
DESCRIZIONE_AL1, DESCRIZIONE_AL2, SEQUENZA, NOTE, MOLTIPLICA, ARROTONDA, DIVIDE, NOTE_AL1,
NOTE_AL2 ) VALUES ( 
'DISOCCUPAZIONE_INPS', 'DS22',  TO_Date( '01/01/1940 12:00:00 AM', 'MM/DD/YYYY HH:MI:SS AM')
, NULL, NULL, NULL, NULL, 1, NULL, NULL, NULL, NULL, NULL, NULL); 
INSERT INTO ESTRAZIONE_VALORI_CONTABILI ( ESTRAZIONE, COLONNA, DAL, AL, DESCRIZIONE,
DESCRIZIONE_AL1, DESCRIZIONE_AL2, SEQUENZA, NOTE, MOLTIPLICA, ARROTONDA, DIVIDE, NOTE_AL1,
NOTE_AL2 ) VALUES ( 
'DISOCCUPAZIONE_INPS', 'EMOLUMENTI',  TO_Date( '01/01/1940 12:00:00 AM', 'MM/DD/YYYY HH:MI:SS AM')
, NULL, NULL, NULL, NULL, 2, NULL, NULL, NULL, NULL, NULL, NULL); 
INSERT INTO ESTRAZIONE_VALORI_CONTABILI ( ESTRAZIONE, COLONNA, DAL, AL, DESCRIZIONE,
DESCRIZIONE_AL1, DESCRIZIONE_AL2, SEQUENZA, NOTE, MOLTIPLICA, ARROTONDA, DIVIDE, NOTE_AL1,
NOTE_AL2 ) VALUES ( 
'DISOCCUPAZIONE_INPS', 'EMOLUMENTI_13A',  TO_Date( '01/01/1940 12:00:00 AM', 'MM/DD/YYYY HH:MI:SS AM')
, NULL, NULL, NULL, NULL, 3, NULL, NULL, NULL, NULL, NULL, NULL);

--MODIFICA TABELLA ASTENSIONI
ALTER TABLE astensioni ADD disoccupazione_inps number(2);

--REF CODES ASTENSIONI
INSERT INTO PGM_REF_CODES ( RV_LOW_VALUE, RV_HIGH_VALUE, RV_ABBREVIATION, RV_DOMAIN, RV_MEANING,
RV_TYPE, RV_MEANING_AL1, RV_MEANING_AL2 ) VALUES ( 
'1', NULL, NULL, 'ASTENSIONI.DISOCCUPAZIONE_INPS', 'Malattia', 'CFG', NULL, NULL); 
INSERT INTO PGM_REF_CODES ( RV_LOW_VALUE, RV_HIGH_VALUE, RV_ABBREVIATION, RV_DOMAIN, RV_MEANING,
RV_TYPE, RV_MEANING_AL1, RV_MEANING_AL2 ) VALUES ( 
'2', NULL, NULL, 'ASTENSIONI.DISOCCUPAZIONE_INPS', 'Maternita''', 'CFG', NULL, NULL); 
INSERT INTO PGM_REF_CODES ( RV_LOW_VALUE, RV_HIGH_VALUE, RV_ABBREVIATION, RV_DOMAIN, RV_MEANING,
RV_TYPE, RV_MEANING_AL1, RV_MEANING_AL2 ) VALUES ( 
'3', NULL, NULL, 'ASTENSIONI.DISOCCUPAZIONE_INPS', 'Infortunio', 'CFG', NULL, NULL); 
INSERT INTO PGM_REF_CODES ( RV_LOW_VALUE, RV_HIGH_VALUE, RV_ABBREVIATION, RV_DOMAIN, RV_MEANING,
RV_TYPE, RV_MEANING_AL1, RV_MEANING_AL2 ) VALUES ( 
'4', NULL, NULL, 'ASTENSIONI.DISOCCUPAZIONE_INPS', 'Servizio Militare o Equiparato'
, 'CFG', NULL, NULL); 
INSERT INTO PGM_REF_CODES ( RV_LOW_VALUE, RV_HIGH_VALUE, RV_ABBREVIATION, RV_DOMAIN, RV_MEANING,
RV_TYPE, RV_MEANING_AL1, RV_MEANING_AL2 ) VALUES ( 
'5', NULL, NULL, 'ASTENSIONI.DISOCCUPAZIONE_INPS', 'Sciopero', 'CFG', NULL, NULL); 
INSERT INTO PGM_REF_CODES ( RV_LOW_VALUE, RV_HIGH_VALUE, RV_ABBREVIATION, RV_DOMAIN, RV_MEANING,
RV_TYPE, RV_MEANING_AL1, RV_MEANING_AL2 ) VALUES ( 
'6', NULL, NULL, 'ASTENSIONI.DISOCCUPAZIONE_INPS', 'Permessi non Retribuiti', 'CFG'
, NULL, NULL); 
INSERT INTO PGM_REF_CODES ( RV_LOW_VALUE, RV_HIGH_VALUE, RV_ABBREVIATION, RV_DOMAIN, RV_MEANING,
RV_TYPE, RV_MEANING_AL1, RV_MEANING_AL2 ) VALUES ( 
'7', NULL, NULL, 'ASTENSIONI.DISOCCUPAZIONE_INPS', 'Altro', 'CFG', NULL, NULL);

-- Guida P_CADDI
INSERT INTO A_GUIDE_O ( GUIDA_O, SEQUENZA, ALIAS, LETTERA, LETTERA_AL1, LETTERA_AL2, TITOLO,
TITOLO_AL1, TITOLO_AL2, GUIDA_V, VOCE_MENU, VOCE_RIF, PROPRIETA, TITOLO_ESTESO, TITOLO_ESTESO_AL1,
TITOLO_ESTESO_AL2 ) VALUES ( 
'P_CADDI', 1, 'PREN', 'P', NULL, NULL, 'Prenot.', NULL, NULL, NULL, 'ACAEPRPA', '*'
, NULL, NULL, NULL, NULL); 
INSERT INTO A_GUIDE_O ( GUIDA_O, SEQUENZA, ALIAS, LETTERA, LETTERA_AL1, LETTERA_AL2, TITOLO,
TITOLO_AL1, TITOLO_AL2, GUIDA_V, VOCE_MENU, VOCE_RIF, PROPRIETA, TITOLO_ESTESO, TITOLO_ESTESO_AL1,
TITOLO_ESTESO_AL2 ) VALUES ( 
'P_CADDI', 3, 'RAIN', 'I', NULL, NULL, 'Individui', NULL, NULL, NULL, 'P00RANAG', NULL
, NULL, NULL, NULL, NULL); 

-- Voce PECCADDI
INSERT INTO A_VOCI_MENU ( VOCE_MENU, AMBIENTE, ACRONIMO, ACRONIMO_AL1, ACRONIMO_AL2, TITOLO,
TITOLO_AL1, TITOLO_AL2, TIPO_VOCE, TIPO, MODULO, STRINGA, IMPORTANZA, GUIDA_O,
PROPRIETA ) VALUES ( 
'PECCADDI', 'P00', 'CADDI', NULL, NULL, 'Caricamento Archivio Disoccupazione', NULL
, NULL, 'F', 'D', 'ACAPARPR', NULL, 1, 'P_CADDI', NULL);

-- Passi PECCADDI
INSERT INTO A_PASSI_PROC ( VOCE_MENU, PASSO, TITOLO, TITOLO_AL1, TITOLO_AL2, TIPO, MODULO, STRINGA,
STAMPA, GRUPPO_LING ) VALUES ( 
'PECCADDI', 1, 'Caricamento Archivio Disoccupazione', NULL, NULL, 'Q', 'PECCADDI'
, NULL, NULL, 'N');

--DOMINI SELEZIONI PECCADDI
INSERT INTO A_DOMINI_SELEZIONI ( DOMINIO, VALORE_LOW, VALORE_HIGH, DESCRIZIONE, DESCRIZIONE_AL1,
DESCRIZIONE_AL2 ) VALUES ( 
'P_TIPO_CADDI', 'I', NULL, 'Esclude gli Inseriti', NULL, NULL); 
INSERT INTO A_DOMINI_SELEZIONI ( DOMINIO, VALORE_LOW, VALORE_HIGH, DESCRIZIONE, DESCRIZIONE_AL1,
DESCRIZIONE_AL2 ) VALUES ( 
'P_TIPO_CADDI', 'P', NULL, 'Esclude sia gli Inseriti che i Variati', NULL, NULL); 
INSERT INTO A_DOMINI_SELEZIONI ( DOMINIO, VALORE_LOW, VALORE_HIGH, DESCRIZIONE, DESCRIZIONE_AL1,
DESCRIZIONE_AL2 ) VALUES ( 
'P_TIPO_CADDI', 'S', NULL, 'Singolo Individuo', NULL, NULL); 
INSERT INTO A_DOMINI_SELEZIONI ( DOMINIO, VALORE_LOW, VALORE_HIGH, DESCRIZIONE, DESCRIZIONE_AL1,
DESCRIZIONE_AL2 ) VALUES ( 
'P_TIPO_CADDI', 'T', NULL, 'Totale', NULL, NULL); 
INSERT INTO A_DOMINI_SELEZIONI ( DOMINIO, VALORE_LOW, VALORE_HIGH, DESCRIZIONE, DESCRIZIONE_AL1,
DESCRIZIONE_AL2 ) VALUES ( 
'P_TIPO_CADDI', 'V', NULL, 'Esclude i Variati', NULL, NULL); 

--PARAMETRI PECCADDI
INSERT INTO A_SELEZIONI ( PARAMETRO, VOCE_MENU, SEQUENZA, DESCRIZIONE, DESCRIZIONE_AL1,
DESCRIZIONE_AL2, LUNGHEZZA, FORMATO, OBBLIGO, VALORE_DEFAULT, DOMINIO, ALIAS, GRUPPO_ALIAS,
NUMERO_FK ) VALUES ( 
'P_AL', 'PECCADDI', 2, '                      Al......', NULL, NULL, 10, 'D', 'S'
, NULL, NULL, NULL, NULL, NULL); 
INSERT INTO A_SELEZIONI ( PARAMETRO, VOCE_MENU, SEQUENZA, DESCRIZIONE, DESCRIZIONE_AL1,
DESCRIZIONE_AL2, LUNGHEZZA, FORMATO, OBBLIGO, VALORE_DEFAULT, DOMINIO, ALIAS, GRUPPO_ALIAS,
NUMERO_FK ) VALUES ( 
'P_CI', 'PECCADDI', 4, 'Codice Individuale............', NULL, NULL, 8, 'N', 'N', NULL
, NULL, 'RAIN', 1, 1); 
INSERT INTO A_SELEZIONI ( PARAMETRO, VOCE_MENU, SEQUENZA, DESCRIZIONE, DESCRIZIONE_AL1,
DESCRIZIONE_AL2, LUNGHEZZA, FORMATO, OBBLIGO, VALORE_DEFAULT, DOMINIO, ALIAS, GRUPPO_ALIAS,
NUMERO_FK ) VALUES ( 
'P_DAL', 'PECCADDI', 1, 'Elaborazione: Dal.............', NULL, NULL, 10, 'D', 'S'
, NULL, NULL, NULL, NULL, NULL); 
INSERT INTO A_SELEZIONI ( PARAMETRO, VOCE_MENU, SEQUENZA, DESCRIZIONE, DESCRIZIONE_AL1,
DESCRIZIONE_AL2, LUNGHEZZA, FORMATO, OBBLIGO, VALORE_DEFAULT, DOMINIO, ALIAS, GRUPPO_ALIAS,
NUMERO_FK ) VALUES ( 
'P_TIPO', 'PECCADDI', 3, 'Tipo Archiviazione............', NULL, NULL, 1, 'U', 'S'
, 'T', 'P_TIPO_CADDI', NULL, NULL, NULL);

-- MENU PECCADDI
INSERT INTO A_MENU ( APPLICAZIONE, RUOLO, PADRE, FIGLIO, VOCE_MENU, SEQUENZA,
STAMPANTE ) VALUES ( 
'GP4', '*', 1000554, 1013839, 'PECCADDI', 80, NULL); 
INSERT INTO A_MENU ( APPLICAZIONE, RUOLO, PADRE, FIGLIO, VOCE_MENU, SEQUENZA,
STAMPANTE ) VALUES ( 
'GP4', 'AMM', 1000554, 1013839, 'PECCADDI', 80, NULL); 
INSERT INTO A_MENU ( APPLICAZIONE, RUOLO, PADRE, FIGLIO, VOCE_MENU, SEQUENZA,
STAMPANTE ) VALUES ( 
'GP4', 'PEC', 1000554, 1013839, 'PECCADDI', 80, NULL); 

--CATALOGO STAMPE PESDEDI
INSERT INTO A_CATALOGO_STAMPE ( STAMPA, TITOLO, TITOLO_AL1, TITOLO_AL2, TIPO_PROPRIETA, TIPO_VISURA,
CLASSE, STAMPA_BLOCCATA, STAMPA_PROTETTA, SEQUENZIALE ) VALUES ( 
'PECSDEDI', 'Stampa Denuncia Disoccupazione', NULL, NULL, 'U', 'U', 'PDF', 'N', 'N'
, 'S'); 

--VOCE PECSDEDI
INSERT INTO A_VOCI_MENU ( VOCE_MENU, AMBIENTE, ACRONIMO, ACRONIMO_AL1, ACRONIMO_AL2, TITOLO,
TITOLO_AL1, TITOLO_AL2, TIPO_VOCE, TIPO, MODULO, STRINGA, IMPORTANZA, GUIDA_O,
PROPRIETA ) VALUES ( 
'PECSDEDI', 'P00', 'SDEDI', NULL, NULL, 'Stampa Denuncia Disoccupazione', NULL, NULL
, 'F', 'D', 'ACAPARPR', NULL, 1, 'P_CADDI', NULL); 

-- PASSI PECSDEDI
INSERT INTO A_PASSI_PROC ( VOCE_MENU, PASSO, TITOLO, TITOLO_AL1, TITOLO_AL2, TIPO, MODULO, STRINGA,
STAMPA, GRUPPO_LING ) VALUES ( 
'PECSDEDI', 1, 'Stampa Denuncia Disoccupazione', NULL, NULL, 'R', 'PECSDEDI', NULL
, 'PECSDEDI', 'N'); 

--PARAMETRI PECSDEDI
INSERT INTO A_SELEZIONI ( PARAMETRO, VOCE_MENU, SEQUENZA, DESCRIZIONE, DESCRIZIONE_AL1,
DESCRIZIONE_AL2, LUNGHEZZA, FORMATO, OBBLIGO, VALORE_DEFAULT, DOMINIO, ALIAS, GRUPPO_ALIAS,
NUMERO_FK ) VALUES ( 
'P_CI', 'PECSDEDI', 1, 'Codice Individuale............', NULL, NULL, 8, 'N', 'N', NULL
, NULL, 'RAIN', 1, 1);

--MENU PECSDEDI
INSERT INTO A_MENU ( APPLICAZIONE, RUOLO, PADRE, FIGLIO, VOCE_MENU, SEQUENZA,
STAMPANTE ) VALUES ( 
'GP4', '*', 1000554, 1013840, 'PECSDEDI', 81, NULL); 
INSERT INTO A_MENU ( APPLICAZIONE, RUOLO, PADRE, FIGLIO, VOCE_MENU, SEQUENZA,
STAMPANTE ) VALUES ( 
'GP4', 'AMM', 1000554, 1013840, 'PECSDEDI', 81, NULL); 
INSERT INTO A_MENU ( APPLICAZIONE, RUOLO, PADRE, FIGLIO, VOCE_MENU, SEQUENZA,
STAMPANTE ) VALUES ( 
'GP4', 'PEC', 1000554, 1013840, 'PECSDEDI', 81, NULL);

-- start NUOVE TABELLE e SEQUENCE
start crt_DIDI.sql
start crt_DDIA.sql
start crt_DDIM.sql
start crq_DDIS.sql
start crp_PECCADDI.sql
