REM
REM Distribuzione delle voci del modulo PI 
REM senza abilitazione a menu
REM

REM ============================================================
REM    Extract:   A_VOCI_MENU
REM ============================================================

INSERT INTO A_VOCI_MENU ( VOCE_MENU, AMBIENTE, ACRONIMO, ACRONIMO_AL1, ACRONIMO_AL2, TITOLO, TITOLO_AL1, TITOLO_AL2, TIPO_VOCE, TIPO, MODULO, STRINGA, IMPORTANZA, GUIDA_O, PROPRIETA) VALUES ('PGPCIMPO','P00','CIMPO',NULL,NULL,'Produzione file Importi',NULL,NULL,'F','D','ACAPARPR',NULL,1,NULL,NULL);
INSERT INTO A_VOCI_MENU ( VOCE_MENU, AMBIENTE, ACRONIMO, ACRONIMO_AL1, ACRONIMO_AL2, TITOLO, TITOLO_AL1, TITOLO_AL2, TIPO_VOCE, TIPO, MODULO, STRINGA, IMPORTANZA, GUIDA_O, PROPRIETA) VALUES ('PGPCINPD','P00','CINPD',NULL,NULL,'Archiviazione progetto pensioni',NULL,NULL,'F','D','ACAPARPR',NULL,1,'P_INPD',NULL);
INSERT INTO A_VOCI_MENU ( VOCE_MENU, AMBIENTE, ACRONIMO, ACRONIMO_AL1, ACRONIMO_AL2, TITOLO, TITOLO_AL1, TITOLO_AL2, TIPO_VOCE, TIPO, MODULO, STRINGA, IMPORTANZA, GUIDA_O, PROPRIETA) VALUES ('PGPCISCR','P00','CISCR',NULL,NULL,'Creazione File Iscritti',NULL,NULL,'F','D',NULL,NULL,1,NULL,NULL);
INSERT INTO A_VOCI_MENU ( VOCE_MENU, AMBIENTE, ACRONIMO, ACRONIMO_AL1, ACRONIMO_AL2, TITOLO, TITOLO_AL1, TITOLO_AL2, TIPO_VOCE, TIPO, MODULO, STRINGA, IMPORTANZA, GUIDA_O, PROPRIETA) VALUES ('PGPCPERI','P00','CPERI',NULL,NULL,'Creazione File Periodi Retributivi',NULL,NULL,'F','D','ACAPARPR',NULL,1,NULL,NULL);
INSERT INTO A_VOCI_MENU ( VOCE_MENU, AMBIENTE, ACRONIMO, ACRONIMO_AL1, ACRONIMO_AL2, TITOLO, TITOLO_AL1, TITOLO_AL2, TIPO_VOCE, TIPO, MODULO, STRINGA, IMPORTANZA, GUIDA_O, PROPRIETA) VALUES ('PGPCPRAT','P00','CPRAT',NULL,NULL,'Creazione File Pratiche',NULL,NULL,'F','D',NULL,NULL,1,NULL,NULL);
INSERT INTO A_VOCI_MENU ( VOCE_MENU, AMBIENTE, ACRONIMO, ACRONIMO_AL1, ACRONIMO_AL2, TITOLO, TITOLO_AL1, TITOLO_AL2, TIPO_VOCE, TIPO, MODULO, STRINGA, IMPORTANZA, GUIDA_O, PROPRIETA) VALUES ('PGPCQUAL','P00','CQUAL',NULL,NULL,'Creazione File Qualifiche Ente',NULL,NULL,'F','D','ACAPARPR',NULL,1,NULL,NULL);
INSERT INTO A_VOCI_MENU ( VOCE_MENU, AMBIENTE, ACRONIMO, ACRONIMO_AL1, ACRONIMO_AL2, TITOLO, TITOLO_AL1, TITOLO_AL2, TIPO_VOCE, TIPO, MODULO, STRINGA, IMPORTANZA, GUIDA_O, PROPRIETA) VALUES ('PGPCRETR','P00','CRETR',NULL,NULL,'Creazione File Retribuzioni',NULL,NULL,'F','D','ACAPARPR',NULL,1,NULL,NULL);
INSERT INTO A_VOCI_MENU ( VOCE_MENU, AMBIENTE, ACRONIMO, ACRONIMO_AL1, ACRONIMO_AL2, TITOLO, TITOLO_AL1, TITOLO_AL2, TIPO_VOCE, TIPO, MODULO, STRINGA, IMPORTANZA, GUIDA_O, PROPRIETA) VALUES ('PGPCSCON','P00','CSCON',NULL,NULL,'Creazione File Servizi con Onere',NULL,NULL,'F','D',NULL,NULL,1,NULL,NULL);
INSERT INTO A_VOCI_MENU ( VOCE_MENU, AMBIENTE, ACRONIMO, ACRONIMO_AL1, ACRONIMO_AL2, TITOLO, TITOLO_AL1, TITOLO_AL2, TIPO_VOCE, TIPO, MODULO, STRINGA, IMPORTANZA, GUIDA_O, PROPRIETA) VALUES ('PGPCSSON','P00','CSSON',NULL,NULL,'Creazione File Servizi senza Onere',NULL,NULL,'F','D','ACAPARPR',NULL,1,'P_PREN_S',NULL);
INSERT INTO A_VOCI_MENU ( VOCE_MENU, AMBIENTE, ACRONIMO, ACRONIMO_AL1, ACRONIMO_AL2, TITOLO, TITOLO_AL1, TITOLO_AL2, TIPO_VOCE, TIPO, MODULO, STRINGA, IMPORTANZA, GUIDA_O, PROPRIETA) VALUES ('PGPCVOCI','P00','CVOCI',NULL,NULL,'Creazione File Voci Emolumenti',NULL,NULL,'F','D','ACAPARPR',NULL,1,NULL,NULL);
INSERT INTO A_VOCI_MENU ( VOCE_MENU, AMBIENTE, ACRONIMO, ACRONIMO_AL1, ACRONIMO_AL2, TITOLO, TITOLO_AL1, TITOLO_AL2, TIPO_VOCE, TIPO, MODULO, STRINGA, IMPORTANZA, GUIDA_O, PROPRIETA) VALUES ('PGPDQUS7','P00','DQUS7',NULL,NULL,'Definizione Qualifiche per Pensioni S7',NULL,NULL,'F','F','PGPDQUS7',NULL,1,'P_QUS7',NULL);
INSERT INTO A_VOCI_MENU ( VOCE_MENU, AMBIENTE, ACRONIMO, ACRONIMO_AL1, ACRONIMO_AL2, TITOLO, TITOLO_AL1, TITOLO_AL2, TIPO_VOCE, TIPO, MODULO, STRINGA, IMPORTANZA, GUIDA_O, PROPRIETA) VALUES ('PGPDVOS7','P00','DVOS7',NULL,NULL,'Definizione Voci per Pensioni S7',NULL,NULL,'F','F','PGPDVOS7',NULL,1,'P_VOS7',NULL);
INSERT INTO A_VOCI_MENU ( VOCE_MENU, AMBIENTE, ACRONIMO, ACRONIMO_AL1, ACRONIMO_AL2, TITOLO, TITOLO_AL1, TITOLO_AL2, TIPO_VOCE, TIPO, MODULO, STRINGA, IMPORTANZA, GUIDA_O, PROPRIETA) VALUES ('PGPIP','P00','PI',NULL,NULL,'Integrazione Previdenziale',NULL,NULL,'N','M',NULL,NULL,1,NULL,NULL);
INSERT INTO A_VOCI_MENU ( VOCE_MENU, AMBIENTE, ACRONIMO, ACRONIMO_AL1, ACRONIMO_AL2, TITOLO, TITOLO_AL1, TITOLO_AL2, TIPO_VOCE, TIPO, MODULO, STRINGA, IMPORTANZA, GUIDA_O, PROPRIETA) VALUES ('PGPLQUS7','P00','LQUS7',NULL,NULL,'Lista per Qualifiche per Pensioni S7',NULL,NULL,'F','D','ACAPARPR',NULL,1,NULL,NULL);
INSERT INTO A_VOCI_MENU ( VOCE_MENU, AMBIENTE, ACRONIMO, ACRONIMO_AL1, ACRONIMO_AL2, TITOLO, TITOLO_AL1, TITOLO_AL2, TIPO_VOCE, TIPO, MODULO, STRINGA, IMPORTANZA, GUIDA_O, PROPRIETA) VALUES ('PGPLVOS7','P00','LVOS7',NULL,NULL,'Lista Voci per Pensioni S7',NULL,NULL,'F','D','ACAPARPR',NULL,1,NULL,NULL);

REM ============================================================
REM    Extract :   A_PASSI_PROC
REM ============================================================

INSERT INTO A_PASSI_PROC ( VOCE_MENU, PASSO, TITOLO, TITOLO_AL1, TITOLO_AL2, TIPO, MODULO, STRINGA, STAMPA, GRUPPO_LING) VALUES ('PGPCIMPO',1,'Creazione File Importi',NULL,NULL,'Q','PGPCIMPO',NULL,NULL,'N');
INSERT INTO A_PASSI_PROC ( VOCE_MENU, PASSO, TITOLO, TITOLO_AL1, TITOLO_AL2, TIPO, MODULO, STRINGA, STAMPA, GRUPPO_LING) VALUES ('PGPCIMPO',2,'Creazione file Importi',NULL,NULL,'R','SI4V3WAS',NULL,NULL,'N');
INSERT INTO A_PASSI_PROC ( VOCE_MENU, PASSO, TITOLO, TITOLO_AL1, TITOLO_AL2, TIPO, MODULO, STRINGA, STAMPA, GRUPPO_LING) VALUES ('PGPCIMPO',3,'Lista Importi Retribuzioni esportati',NULL,NULL,'R','PGPLIMPO',NULL,'PGPLIMPO','N');
INSERT INTO A_PASSI_PROC ( VOCE_MENU, PASSO, TITOLO, TITOLO_AL1, TITOLO_AL2, TIPO, MODULO, STRINGA, STAMPA, GRUPPO_LING) VALUES ('PGPCIMPO',4,'Cancellazione appoggio stampe',NULL,NULL,'Q','ACACANAS',NULL,NULL,'N');
INSERT INTO A_PASSI_PROC ( VOCE_MENU, PASSO, TITOLO, TITOLO_AL1, TITOLO_AL2, TIPO, MODULO, STRINGA, STAMPA, GRUPPO_LING) VALUES ('PGPCIMPO',5,'Verifica presenza segnalazioni',NULL,NULL,'Q','CHK_ERR',NULL,NULL,'N');
INSERT INTO A_PASSI_PROC ( VOCE_MENU, PASSO, TITOLO, TITOLO_AL1, TITOLO_AL2, TIPO, MODULO, STRINGA, STAMPA, GRUPPO_LING) VALUES ('PGPCIMPO',91,'Errori di Elaborazione',NULL,NULL,'R','ACARAPPR',NULL,'PGPCIMPO','N');
INSERT INTO A_PASSI_PROC ( VOCE_MENU, PASSO, TITOLO, TITOLO_AL1, TITOLO_AL2, TIPO, MODULO, STRINGA, STAMPA, GRUPPO_LING) VALUES ('PGPCIMPO',92,'Cancellazione errori',NULL,NULL,'Q','ACACANRP',NULL,NULL,'N');
INSERT INTO A_PASSI_PROC ( VOCE_MENU, PASSO, TITOLO, TITOLO_AL1, TITOLO_AL2, TIPO, MODULO, STRINGA, STAMPA, GRUPPO_LING) VALUES ('PGPCINPD',1,'Archiviazione progetto pensioni',NULL,NULL,'Q','PGPCINPD',NULL,NULL,'N');
INSERT INTO A_PASSI_PROC ( VOCE_MENU, PASSO, TITOLO, TITOLO_AL1, TITOLO_AL2, TIPO, MODULO, STRINGA, STAMPA, GRUPPO_LING) VALUES ('PGPCINPD',2,'Lista Iscritti Selezionati',NULL,NULL,'R','PGPLINPD',NULL,'PGPLINPD','N');
INSERT INTO A_PASSI_PROC ( VOCE_MENU, PASSO, TITOLO, TITOLO_AL1, TITOLO_AL2, TIPO, MODULO, STRINGA, STAMPA, GRUPPO_LING) VALUES ('PGPCISCR',1,'Creazione file Iscritti',NULL,NULL,'Q','PGPCISCR',NULL,NULL,'N');
INSERT INTO A_PASSI_PROC ( VOCE_MENU, PASSO, TITOLO, TITOLO_AL1, TITOLO_AL2, TIPO, MODULO, STRINGA, STAMPA, GRUPPO_LING) VALUES ('PGPCISCR',2,'Creazione file Iscritti',NULL,NULL,'R','SI4V3WAS',NULL,NULL,'N');
INSERT INTO A_PASSI_PROC ( VOCE_MENU, PASSO, TITOLO, TITOLO_AL1, TITOLO_AL2, TIPO, MODULO, STRINGA, STAMPA, GRUPPO_LING) VALUES ('PGPCISCR',3,'Lista iscritti esportati',NULL,NULL,'R','PGPLISCR',NULL,'PGPLISCR','N');
INSERT INTO A_PASSI_PROC ( VOCE_MENU, PASSO, TITOLO, TITOLO_AL1, TITOLO_AL2, TIPO, MODULO, STRINGA, STAMPA, GRUPPO_LING) VALUES ('PGPCISCR',4,'Lista iscritti esportati',NULL,NULL,'Q','ACACANAS',NULL,NULL,'N');
INSERT INTO A_PASSI_PROC ( VOCE_MENU, PASSO, TITOLO, TITOLO_AL1, TITOLO_AL2, TIPO, MODULO, STRINGA, STAMPA, GRUPPO_LING) VALUES ('PGPCPERI',1,'Creazione File Periodi Retributivi',NULL,NULL,'Q','PGPCPERI',NULL,NULL,'N');
INSERT INTO A_PASSI_PROC ( VOCE_MENU, PASSO, TITOLO, TITOLO_AL1, TITOLO_AL2, TIPO, MODULO, STRINGA, STAMPA, GRUPPO_LING) VALUES ('PGPCPERI',2,'Creazione File Periodi Retributivi',NULL,NULL,'R','SI4V3WAS',NULL,NULL,'N');
INSERT INTO A_PASSI_PROC ( VOCE_MENU, PASSO, TITOLO, TITOLO_AL1, TITOLO_AL2, TIPO, MODULO, STRINGA, STAMPA, GRUPPO_LING) VALUES ('PGPCPERI',3,'Lista periodi',NULL,NULL,'R','PGPLPERI',NULL,'PGPLPERI','N');
INSERT INTO A_PASSI_PROC ( VOCE_MENU, PASSO, TITOLO, TITOLO_AL1, TITOLO_AL2, TIPO, MODULO, STRINGA, STAMPA, GRUPPO_LING) VALUES ('PGPCPERI',4,'Creazione File Periodi Retributivi',NULL,NULL,'Q','ACACANAS',NULL,NULL,'N');
INSERT INTO A_PASSI_PROC ( VOCE_MENU, PASSO, TITOLO, TITOLO_AL1, TITOLO_AL2, TIPO, MODULO, STRINGA, STAMPA, GRUPPO_LING) VALUES ('PGPCPRAT',1,'Creazione file Pratiche',NULL,NULL,'Q','PGPCPRAT',NULL,NULL,'N');
INSERT INTO A_PASSI_PROC ( VOCE_MENU, PASSO, TITOLO, TITOLO_AL1, TITOLO_AL2, TIPO, MODULO, STRINGA, STAMPA, GRUPPO_LING) VALUES ('PGPCPRAT',2,'Creazione file Pratiche',NULL,NULL,'R','SI4V3WAS',NULL,NULL,'N');
INSERT INTO A_PASSI_PROC ( VOCE_MENU, PASSO, TITOLO, TITOLO_AL1, TITOLO_AL2, TIPO, MODULO, STRINGA, STAMPA, GRUPPO_LING) VALUES ('PGPCPRAT',3,'Lista Pratiche Esportate',NULL,NULL,'R','PGPLPRAT',NULL,'PGPLPRAT','N');
INSERT INTO A_PASSI_PROC ( VOCE_MENU, PASSO, TITOLO, TITOLO_AL1, TITOLO_AL2, TIPO, MODULO, STRINGA, STAMPA, GRUPPO_LING) VALUES ('PGPCPRAT',4,'Cancellazione appoggio stampe',NULL,NULL,'Q','ACACANAS',NULL,NULL,'N');
INSERT INTO A_PASSI_PROC ( VOCE_MENU, PASSO, TITOLO, TITOLO_AL1, TITOLO_AL2, TIPO, MODULO, STRINGA, STAMPA, GRUPPO_LING) VALUES ('PGPCPRAT',5,'Verifica presenza segnalazioni',NULL,NULL,'Q','CHK_ERR',NULL,NULL,'N');
INSERT INTO A_PASSI_PROC ( VOCE_MENU, PASSO, TITOLO, TITOLO_AL1, TITOLO_AL2, TIPO, MODULO, STRINGA, STAMPA, GRUPPO_LING) VALUES ('PGPCPRAT',91,'Errori di Elaborazione',NULL,NULL,'R','ACARAPPR',NULL,'PGPCPRAT','N');
INSERT INTO A_PASSI_PROC ( VOCE_MENU, PASSO, TITOLO, TITOLO_AL1, TITOLO_AL2, TIPO, MODULO, STRINGA, STAMPA, GRUPPO_LING) VALUES ('PGPCPRAT',92,'Cancellazione errori',NULL,NULL,'Q','ACACANRP',NULL,NULL,'N');
INSERT INTO A_PASSI_PROC ( VOCE_MENU, PASSO, TITOLO, TITOLO_AL1, TITOLO_AL2, TIPO, MODULO, STRINGA, STAMPA, GRUPPO_LING) VALUES ('PGPCQUAL',1,'Creazione file Qualifiche Ente',NULL,NULL,'Q','PGPCQUAL',NULL,NULL,'N');
INSERT INTO A_PASSI_PROC ( VOCE_MENU, PASSO, TITOLO, TITOLO_AL1, TITOLO_AL2, TIPO, MODULO, STRINGA, STAMPA, GRUPPO_LING) VALUES ('PGPCQUAL',2,'Creazione file Qualifiche Ente',NULL,NULL,'R','SI4V3WAS',NULL,NULL,'N');
INSERT INTO A_PASSI_PROC ( VOCE_MENU, PASSO, TITOLO, TITOLO_AL1, TITOLO_AL2, TIPO, MODULO, STRINGA, STAMPA, GRUPPO_LING) VALUES ('PGPCQUAL',3,'Lista qualifiche ente esportate',NULL,NULL,'R','PGPLQUAL',NULL,'PGPLQUAL','N');
INSERT INTO A_PASSI_PROC ( VOCE_MENU, PASSO, TITOLO, TITOLO_AL1, TITOLO_AL2, TIPO, MODULO, STRINGA, STAMPA, GRUPPO_LING) VALUES ('PGPCQUAL',4,'Cancellazione appoggio stampe',NULL,NULL,'Q','ACACANAS',NULL,NULL,'N');
INSERT INTO A_PASSI_PROC ( VOCE_MENU, PASSO, TITOLO, TITOLO_AL1, TITOLO_AL2, TIPO, MODULO, STRINGA, STAMPA, GRUPPO_LING) VALUES ('PGPCQUAL',5,'Verifica presenza segnalazioni',NULL,NULL,'Q','CHK_ERR',NULL,NULL,'N');
INSERT INTO A_PASSI_PROC ( VOCE_MENU, PASSO, TITOLO, TITOLO_AL1, TITOLO_AL2, TIPO, MODULO, STRINGA, STAMPA, GRUPPO_LING) VALUES ('PGPCQUAL',91,'Errori di Elaborazione',NULL,NULL,'R','ACARAPPR',NULL,'PGPCQUAL','N');
INSERT INTO A_PASSI_PROC ( VOCE_MENU, PASSO, TITOLO, TITOLO_AL1, TITOLO_AL2, TIPO, MODULO, STRINGA, STAMPA, GRUPPO_LING) VALUES ('PGPCQUAL',92,'Cancellazione errori',NULL,NULL,'Q','ACACANRP',NULL,NULL,'N');
INSERT INTO A_PASSI_PROC ( VOCE_MENU, PASSO, TITOLO, TITOLO_AL1, TITOLO_AL2, TIPO, MODULO, STRINGA, STAMPA, GRUPPO_LING) VALUES ('PGPCRETR',1,'Creazione file Retribuzioni ante 1992',NULL,NULL,'Q','PGPCRE92',NULL,NULL,'N');
INSERT INTO A_PASSI_PROC ( VOCE_MENU, PASSO, TITOLO, TITOLO_AL1, TITOLO_AL2, TIPO, MODULO, STRINGA, STAMPA, GRUPPO_LING) VALUES ('PGPCRETR',2,'Lista Retribuzioni ante 1992 esportate',NULL,NULL,'R','SI4V3WAS',NULL,NULL,'N');
INSERT INTO A_PASSI_PROC ( VOCE_MENU, PASSO, TITOLO, TITOLO_AL1, TITOLO_AL2, TIPO, MODULO, STRINGA, STAMPA, GRUPPO_LING) VALUES ('PGPCRETR',3,'Lista Retribuzioni ante 1992 esportate',NULL,NULL,'R','PGPLRE92',NULL,'PGPLRE92','N');
INSERT INTO A_PASSI_PROC ( VOCE_MENU, PASSO, TITOLO, TITOLO_AL1, TITOLO_AL2, TIPO, MODULO, STRINGA, STAMPA, GRUPPO_LING) VALUES ('PGPCRETR',4,'Cancellazione appoggio stampe',NULL,NULL,'Q','ACACANAS',NULL,NULL,'N');
INSERT INTO A_PASSI_PROC ( VOCE_MENU, PASSO, TITOLO, TITOLO_AL1, TITOLO_AL2, TIPO, MODULO, STRINGA, STAMPA, GRUPPO_LING) VALUES ('PGPCRETR',5,'Cancellazione appoggio stampe',NULL,NULL,'Q','ACACANAS',NULL,NULL,'N');
INSERT INTO A_PASSI_PROC ( VOCE_MENU, PASSO, TITOLO, TITOLO_AL1, TITOLO_AL2, TIPO, MODULO, STRINGA, STAMPA, GRUPPO_LING) VALUES ('PGPCRETR',6,'Creazione file Importi Retribuzioni',NULL,NULL,'Q','PGPCIMPO',NULL,NULL,'N');
INSERT INTO A_PASSI_PROC ( VOCE_MENU, PASSO, TITOLO, TITOLO_AL1, TITOLO_AL2, TIPO, MODULO, STRINGA, STAMPA, GRUPPO_LING) VALUES ('PGPCRETR',7,'Lista Retribuzioni esportate',NULL,NULL,'Q','PGPLIMPO',NULL,'PGPLIMPO','N');
INSERT INTO A_PASSI_PROC ( VOCE_MENU, PASSO, TITOLO, TITOLO_AL1, TITOLO_AL2, TIPO, MODULO, STRINGA, STAMPA, GRUPPO_LING) VALUES ('PGPCRETR',8,'Cancellazione appoggio stampe',NULL,NULL,'Q','ACACANAS',NULL,NULL,'N');
INSERT INTO A_PASSI_PROC ( VOCE_MENU, PASSO, TITOLO, TITOLO_AL1, TITOLO_AL2, TIPO, MODULO, STRINGA, STAMPA, GRUPPO_LING) VALUES ('PGPCSCON',1,'Creazione file Servizi con Onere',NULL,NULL,'Q','PGPCSCON',NULL,NULL,'N');
INSERT INTO A_PASSI_PROC ( VOCE_MENU, PASSO, TITOLO, TITOLO_AL1, TITOLO_AL2, TIPO, MODULO, STRINGA, STAMPA, GRUPPO_LING) VALUES ('PGPCSCON',2,'Creazione file Servizi con Onere',NULL,NULL,'R','SI4V3WAS',NULL,NULL,'N');
INSERT INTO A_PASSI_PROC ( VOCE_MENU, PASSO, TITOLO, TITOLO_AL1, TITOLO_AL2, TIPO, MODULO, STRINGA, STAMPA, GRUPPO_LING) VALUES ('PGPCSCON',3,'Lista Servizi con Onere esportati',NULL,NULL,'R','PGPLSCON',NULL,'PGPLSCON','N');
INSERT INTO A_PASSI_PROC ( VOCE_MENU, PASSO, TITOLO, TITOLO_AL1, TITOLO_AL2, TIPO, MODULO, STRINGA, STAMPA, GRUPPO_LING) VALUES ('PGPCSCON',4,'Lista Servizi con Onere esportati',NULL,NULL,'Q','ACACANAS',NULL,NULL,'N');
INSERT INTO A_PASSI_PROC ( VOCE_MENU, PASSO, TITOLO, TITOLO_AL1, TITOLO_AL2, TIPO, MODULO, STRINGA, STAMPA, GRUPPO_LING) VALUES ('PGPCSSON',1,'Creazione file Servizi senza Onere',NULL,NULL,'Q','PGPCSSON',NULL,NULL,'N');
INSERT INTO A_PASSI_PROC ( VOCE_MENU, PASSO, TITOLO, TITOLO_AL1, TITOLO_AL2, TIPO, MODULO, STRINGA, STAMPA, GRUPPO_LING) VALUES ('PGPCSSON',2,'Lista Servizi senza Onere esportati',NULL,NULL,'R','SI4V3WAS',NULL,NULL,'N');
INSERT INTO A_PASSI_PROC ( VOCE_MENU, PASSO, TITOLO, TITOLO_AL1, TITOLO_AL2, TIPO, MODULO, STRINGA, STAMPA, GRUPPO_LING) VALUES ('PGPCSSON',3,'Lista Servizi senza Onere esportati',NULL,NULL,'R','PGPLSSON',NULL,'PGPLSSON','N');
INSERT INTO A_PASSI_PROC ( VOCE_MENU, PASSO, TITOLO, TITOLO_AL1, TITOLO_AL2, TIPO, MODULO, STRINGA, STAMPA, GRUPPO_LING) VALUES ('PGPCSSON',4,'Cancellazione appoggio',NULL,NULL,'Q','ACACANAS',NULL,NULL,'N');
INSERT INTO A_PASSI_PROC ( VOCE_MENU, PASSO, TITOLO, TITOLO_AL1, TITOLO_AL2, TIPO, MODULO, STRINGA, STAMPA, GRUPPO_LING) VALUES ('PGPCVOCI',1,'Creazione file Voci Emolumenti',NULL,NULL,'Q','PGPCVOCI',NULL,NULL,'N');
INSERT INTO A_PASSI_PROC ( VOCE_MENU, PASSO, TITOLO, TITOLO_AL1, TITOLO_AL2, TIPO, MODULO, STRINGA, STAMPA, GRUPPO_LING) VALUES ('PGPCVOCI',2,'Creazione file Voci Emolumenti',NULL,NULL,'R','SI4V3WAS',NULL,NULL,'N');
INSERT INTO A_PASSI_PROC ( VOCE_MENU, PASSO, TITOLO, TITOLO_AL1, TITOLO_AL2, TIPO, MODULO, STRINGA, STAMPA, GRUPPO_LING) VALUES ('PGPCVOCI',3,'Lista Voci emolumenti esportate',NULL,NULL,'R','PGPLVOCI',NULL,'PGPLVOCI','N');
INSERT INTO A_PASSI_PROC ( VOCE_MENU, PASSO, TITOLO, TITOLO_AL1, TITOLO_AL2, TIPO, MODULO, STRINGA, STAMPA, GRUPPO_LING) VALUES ('PGPCVOCI',4,'Cancellazione appoggio stampe',NULL,NULL,'Q','ACACANAS',NULL,NULL,'N');
INSERT INTO A_PASSI_PROC ( VOCE_MENU, PASSO, TITOLO, TITOLO_AL1, TITOLO_AL2, TIPO, MODULO, STRINGA, STAMPA, GRUPPO_LING) VALUES ('PGPCVOCI',5,'Verifica presenza segnalazioni',NULL,NULL,'Q','CHK_ERR',NULL,NULL,'N');
INSERT INTO A_PASSI_PROC ( VOCE_MENU, PASSO, TITOLO, TITOLO_AL1, TITOLO_AL2, TIPO, MODULO, STRINGA, STAMPA, GRUPPO_LING) VALUES ('PGPCVOCI',91,'Errori di Elaborazione',NULL,NULL,'R','ACARAPPR',NULL,'PGPCVOCI','N');
INSERT INTO A_PASSI_PROC ( VOCE_MENU, PASSO, TITOLO, TITOLO_AL1, TITOLO_AL2, TIPO, MODULO, STRINGA, STAMPA, GRUPPO_LING) VALUES ('PGPCVOCI',92,'Cancellazione errori',NULL,NULL,'Q','ACACANRP',NULL,NULL,'N');
INSERT INTO A_PASSI_PROC ( VOCE_MENU, PASSO, TITOLO, TITOLO_AL1, TITOLO_AL2, TIPO, MODULO, STRINGA, STAMPA, GRUPPO_LING) VALUES ('PGPLQUS7',1,'Lista Qualifiche per Pensioni S7',NULL,NULL,'R','PGPLQUS7',NULL,'PGPLQUS7','N');
INSERT INTO A_PASSI_PROC ( VOCE_MENU, PASSO, TITOLO, TITOLO_AL1, TITOLO_AL2, TIPO, MODULO, STRINGA, STAMPA, GRUPPO_LING) VALUES ('PGPLVOS7',1,'Lista voci per Pensioni S7',NULL,NULL,'R','PGPLVOS7',NULL,'PGPLVOS7','N');

REM ============================================================
REM    Extract :   A_SELEZIONI
REM ============================================================

INSERT INTO A_SELEZIONI ( PARAMETRO, VOCE_MENU, SEQUENZA, DESCRIZIONE, DESCRIZIONE_AL1, DESCRIZIONE_AL2, LUNGHEZZA, FORMATO, OBBLIGO, VALORE_DEFAULT, DOMINIO, ALIAS, GRUPPO_ALIAS, NUMERO_FK) VALUES ('NUM_CARATTERI','PGPCIMPO',0,'Caratteri per substring',NULL,NULL,4,'C','S','70',NULL,NULL,NULL,NULL);
INSERT INTO A_SELEZIONI ( PARAMETRO, VOCE_MENU, SEQUENZA, DESCRIZIONE, DESCRIZIONE_AL1, DESCRIZIONE_AL2, LUNGHEZZA, FORMATO, OBBLIGO, VALORE_DEFAULT, DOMINIO, ALIAS, GRUPPO_ALIAS, NUMERO_FK) VALUES ('P_ACCESSORIE','PGPCIMPO',2,'                    Accessorie',NULL,NULL,1,'U','N',NULL,'P_X',NULL,NULL,NULL);
INSERT INTO A_SELEZIONI ( PARAMETRO, VOCE_MENU, SEQUENZA, DESCRIZIONE, DESCRIZIONE_AL1, DESCRIZIONE_AL2, LUNGHEZZA, FORMATO, OBBLIGO, VALORE_DEFAULT, DOMINIO, ALIAS, GRUPPO_ALIAS, NUMERO_FK) VALUES ('P_DAL','PGPCIMPO',4,'Dal .........................',NULL,NULL,10,'U','N',NULL,NULL,NULL,NULL,NULL);
INSERT INTO A_SELEZIONI ( PARAMETRO, VOCE_MENU, SEQUENZA, DESCRIZIONE, DESCRIZIONE_AL1, DESCRIZIONE_AL2, LUNGHEZZA, FORMATO, OBBLIGO, VALORE_DEFAULT, DOMINIO, ALIAS, GRUPPO_ALIAS, NUMERO_FK) VALUES ('P_FISSE','PGPCIMPO',1,'Competenze ............. Fisse',NULL,NULL,1,'U','N',NULL,'P_X',NULL,NULL,NULL);
INSERT INTO A_SELEZIONI ( PARAMETRO, VOCE_MENU, SEQUENZA, DESCRIZIONE, DESCRIZIONE_AL1, DESCRIZIONE_AL2, LUNGHEZZA, FORMATO, OBBLIGO, VALORE_DEFAULT, DOMINIO, ALIAS, GRUPPO_ALIAS, NUMERO_FK) VALUES ('P_TUTTE','PGPCIMPO',3,'                      Entrambe',NULL,NULL,1,'U','N','X','P_X',NULL,NULL,NULL);
INSERT INTO A_SELEZIONI ( PARAMETRO, VOCE_MENU, SEQUENZA, DESCRIZIONE, DESCRIZIONE_AL1, DESCRIZIONE_AL2, LUNGHEZZA, FORMATO, OBBLIGO, VALORE_DEFAULT, DOMINIO, ALIAS, GRUPPO_ALIAS, NUMERO_FK) VALUES ('SE_ERRORE','PGPCIMPO',0,'verifica segnalazioni errore',NULL,NULL,2,'U','N','NO',NULL,NULL,NULL,NULL);
INSERT INTO A_SELEZIONI ( PARAMETRO, VOCE_MENU, SEQUENZA, DESCRIZIONE, DESCRIZIONE_AL1, DESCRIZIONE_AL2, LUNGHEZZA, FORMATO, OBBLIGO, VALORE_DEFAULT, DOMINIO, ALIAS, GRUPPO_ALIAS, NUMERO_FK) VALUES ('SE_SUBSTR','PGPCIMPO',0,'Abilita substring',NULL,NULL,2,'C','S','SI',NULL,NULL,NULL,NULL);
INSERT INTO A_SELEZIONI ( PARAMETRO, VOCE_MENU, SEQUENZA, DESCRIZIONE, DESCRIZIONE_AL1, DESCRIZIONE_AL2, LUNGHEZZA, FORMATO, OBBLIGO, VALORE_DEFAULT, DOMINIO, ALIAS, GRUPPO_ALIAS, NUMERO_FK) VALUES ('SE_UPPER','PGPCIMPO',0,'Abilita upper',NULL,NULL,2,'C','S','SI',NULL,NULL,NULL,NULL);
INSERT INTO A_SELEZIONI ( PARAMETRO, VOCE_MENU, SEQUENZA, DESCRIZIONE, DESCRIZIONE_AL1, DESCRIZIONE_AL2, LUNGHEZZA, FORMATO, OBBLIGO, VALORE_DEFAULT, DOMINIO, ALIAS, GRUPPO_ALIAS, NUMERO_FK) VALUES ('TXTFILE','PGPCIMPO',0,'Nome TXT da produrre',NULL,NULL,80,'C','S','Importi.txt',NULL,NULL,NULL,NULL);
INSERT INTO A_SELEZIONI ( PARAMETRO, VOCE_MENU, SEQUENZA, DESCRIZIONE, DESCRIZIONE_AL1, DESCRIZIONE_AL2, LUNGHEZZA, FORMATO, OBBLIGO, VALORE_DEFAULT, DOMINIO, ALIAS, GRUPPO_ALIAS, NUMERO_FK) VALUES ('P_CASSA','PGPCINPD',2,'Cassa Previdenziale',NULL,NULL,5,'U','N',NULL,NULL,NULL,NULL,NULL);
INSERT INTO A_SELEZIONI ( PARAMETRO, VOCE_MENU, SEQUENZA, DESCRIZIONE, DESCRIZIONE_AL1, DESCRIZIONE_AL2, LUNGHEZZA, FORMATO, OBBLIGO, VALORE_DEFAULT, DOMINIO, ALIAS, GRUPPO_ALIAS, NUMERO_FK) VALUES ('P_CESSATI_AL','PGPCINPD',8,'al',NULL,NULL,10,'C','N',NULL,NULL,NULL,NULL,NULL);
INSERT INTO A_SELEZIONI ( PARAMETRO, VOCE_MENU, SEQUENZA, DESCRIZIONE, DESCRIZIONE_AL1, DESCRIZIONE_AL2, LUNGHEZZA, FORMATO, OBBLIGO, VALORE_DEFAULT, DOMINIO, ALIAS, GRUPPO_ALIAS, NUMERO_FK) VALUES ('P_CESSATI_DAL','PGPCINPD',7,'Solo cessati dal',NULL,NULL,10,'C','N',NULL,NULL,NULL,NULL,NULL);
INSERT INTO A_SELEZIONI ( PARAMETRO, VOCE_MENU, SEQUENZA, DESCRIZIONE, DESCRIZIONE_AL1, DESCRIZIONE_AL2, LUNGHEZZA, FORMATO, OBBLIGO, VALORE_DEFAULT, DOMINIO, ALIAS, GRUPPO_ALIAS, NUMERO_FK) VALUES ('P_CI','PGPCINPD',4,'Dipendente: Codice Individuale',NULL,NULL,8,'N','N',NULL,NULL,'RAIN',1,1);
INSERT INTO A_SELEZIONI ( PARAMETRO, VOCE_MENU, SEQUENZA, DESCRIZIONE, DESCRIZIONE_AL1, DESCRIZIONE_AL2, LUNGHEZZA, FORMATO, OBBLIGO, VALORE_DEFAULT, DOMINIO, ALIAS, GRUPPO_ALIAS, NUMERO_FK) VALUES ('P_CONTRATTO','PGPCINPD',3,'Contratto di Lavoro',NULL,NULL,4,'U','N','%',NULL,'CONT',1,1);
INSERT INTO A_SELEZIONI ( PARAMETRO, VOCE_MENU, SEQUENZA, DESCRIZIONE, DESCRIZIONE_AL1, DESCRIZIONE_AL2, LUNGHEZZA, FORMATO, OBBLIGO, VALORE_DEFAULT, DOMINIO, ALIAS, GRUPPO_ALIAS, NUMERO_FK) VALUES ('P_GESTIONE','PGPCINPD',1,'Codice della Gestione',NULL,NULL,4,'U','N','%',NULL,'GEST',1,1);
INSERT INTO A_SELEZIONI ( PARAMETRO, VOCE_MENU, SEQUENZA, DESCRIZIONE, DESCRIZIONE_AL1, DESCRIZIONE_AL2, LUNGHEZZA, FORMATO, OBBLIGO, VALORE_DEFAULT, DOMINIO, ALIAS, GRUPPO_ALIAS, NUMERO_FK) VALUES ('P_TUTTI_CI','PGPCINPD',5,'Elabora Tutti i Rapporti Indiv',NULL,NULL,1,'U','N',NULL,'P_X',NULL,NULL,NULL);
INSERT INTO A_SELEZIONI ( PARAMETRO, VOCE_MENU, SEQUENZA, DESCRIZIONE, DESCRIZIONE_AL1, DESCRIZIONE_AL2, LUNGHEZZA, FORMATO, OBBLIGO, VALORE_DEFAULT, DOMINIO, ALIAS, GRUPPO_ALIAS, NUMERO_FK) VALUES ('NUM_CARATTERI','PGPCISCR',0,'Caratteri per substring',NULL,NULL,4,'C','S','138',NULL,NULL,NULL,NULL);
INSERT INTO A_SELEZIONI ( PARAMETRO, VOCE_MENU, SEQUENZA, DESCRIZIONE, DESCRIZIONE_AL1, DESCRIZIONE_AL2, LUNGHEZZA, FORMATO, OBBLIGO, VALORE_DEFAULT, DOMINIO, ALIAS, GRUPPO_ALIAS, NUMERO_FK) VALUES ('SE_SUBSTR','PGPCISCR',0,'Abilita substring',NULL,NULL,2,'C','S','SI',NULL,NULL,NULL,NULL);
INSERT INTO A_SELEZIONI ( PARAMETRO, VOCE_MENU, SEQUENZA, DESCRIZIONE, DESCRIZIONE_AL1, DESCRIZIONE_AL2, LUNGHEZZA, FORMATO, OBBLIGO, VALORE_DEFAULT, DOMINIO, ALIAS, GRUPPO_ALIAS, NUMERO_FK) VALUES ('SE_UPPER','PGPCISCR',0,'Abilita upper',NULL,NULL,2,'C','S','SI',NULL,NULL,NULL,NULL);
INSERT INTO A_SELEZIONI ( PARAMETRO, VOCE_MENU, SEQUENZA, DESCRIZIONE, DESCRIZIONE_AL1, DESCRIZIONE_AL2, LUNGHEZZA, FORMATO, OBBLIGO, VALORE_DEFAULT, DOMINIO, ALIAS, GRUPPO_ALIAS, NUMERO_FK) VALUES ('TXTFILE','PGPCISCR',0,'Nome TXT da produrre',NULL,NULL,80,'C','S','Iscritti.txt',NULL,NULL,NULL,NULL);
INSERT INTO A_SELEZIONI ( PARAMETRO, VOCE_MENU, SEQUENZA, DESCRIZIONE, DESCRIZIONE_AL1, DESCRIZIONE_AL2, LUNGHEZZA, FORMATO, OBBLIGO, VALORE_DEFAULT, DOMINIO, ALIAS, GRUPPO_ALIAS, NUMERO_FK) VALUES ('NUM_CARATTERI','PGPCPERI',0,'Caratteri per substring',NULL,NULL,4,'C','S','70',NULL,NULL,NULL,NULL);
INSERT INTO A_SELEZIONI ( PARAMETRO, VOCE_MENU, SEQUENZA, DESCRIZIONE, DESCRIZIONE_AL1, DESCRIZIONE_AL2, LUNGHEZZA, FORMATO, OBBLIGO, VALORE_DEFAULT, DOMINIO, ALIAS, GRUPPO_ALIAS, NUMERO_FK) VALUES ('P_DAL','PGPCPERI',1,'Dal',NULL,NULL,10,'D','N',NULL,NULL,NULL,NULL,NULL);
INSERT INTO A_SELEZIONI ( PARAMETRO, VOCE_MENU, SEQUENZA, DESCRIZIONE, DESCRIZIONE_AL1, DESCRIZIONE_AL2, LUNGHEZZA, FORMATO, OBBLIGO, VALORE_DEFAULT, DOMINIO, ALIAS, GRUPPO_ALIAS, NUMERO_FK) VALUES ('SE_SUBSTR','PGPCPERI',0,'Abilita substring',NULL,NULL,2,'C','S','SI',NULL,NULL,NULL,NULL);
INSERT INTO A_SELEZIONI ( PARAMETRO, VOCE_MENU, SEQUENZA, DESCRIZIONE, DESCRIZIONE_AL1, DESCRIZIONE_AL2, LUNGHEZZA, FORMATO, OBBLIGO, VALORE_DEFAULT, DOMINIO, ALIAS, GRUPPO_ALIAS, NUMERO_FK) VALUES ('SE_UPPER','PGPCPERI',0,'Abilita upper',NULL,NULL,2,'C','S','SI',NULL,NULL,NULL,NULL);
INSERT INTO A_SELEZIONI ( PARAMETRO, VOCE_MENU, SEQUENZA, DESCRIZIONE, DESCRIZIONE_AL1, DESCRIZIONE_AL2, LUNGHEZZA, FORMATO, OBBLIGO, VALORE_DEFAULT, DOMINIO, ALIAS, GRUPPO_ALIAS, NUMERO_FK) VALUES ('TXTFILE','PGPCPERI',0,'Nome TXT da produrre',NULL,NULL,80,'C','S','Periodi.txt',NULL,NULL,NULL,NULL);
INSERT INTO A_SELEZIONI ( PARAMETRO, VOCE_MENU, SEQUENZA, DESCRIZIONE, DESCRIZIONE_AL1, DESCRIZIONE_AL2, LUNGHEZZA, FORMATO, OBBLIGO, VALORE_DEFAULT, DOMINIO, ALIAS, GRUPPO_ALIAS, NUMERO_FK) VALUES ('NUM_CARATTERI','PGPCPRAT',0,'Caratteri per substring',NULL,NULL,4,'C','S','228',NULL,NULL,NULL,NULL);
INSERT INTO A_SELEZIONI ( PARAMETRO, VOCE_MENU, SEQUENZA, DESCRIZIONE, DESCRIZIONE_AL1, DESCRIZIONE_AL2, LUNGHEZZA, FORMATO, OBBLIGO, VALORE_DEFAULT, DOMINIO, ALIAS, GRUPPO_ALIAS, NUMERO_FK) VALUES ('SE_ERRORE','PGPCPRAT',0,'verifica segnalazioni errore',NULL,NULL,2,'U','N','NO',NULL,NULL,NULL,NULL);
INSERT INTO A_SELEZIONI ( PARAMETRO, VOCE_MENU, SEQUENZA, DESCRIZIONE, DESCRIZIONE_AL1, DESCRIZIONE_AL2, LUNGHEZZA, FORMATO, OBBLIGO, VALORE_DEFAULT, DOMINIO, ALIAS, GRUPPO_ALIAS, NUMERO_FK) VALUES ('SE_SUBSTR','PGPCPRAT',0,'Abilita substring',NULL,NULL,2,'C','S','SI',NULL,NULL,NULL,NULL);
INSERT INTO A_SELEZIONI ( PARAMETRO, VOCE_MENU, SEQUENZA, DESCRIZIONE, DESCRIZIONE_AL1, DESCRIZIONE_AL2, LUNGHEZZA, FORMATO, OBBLIGO, VALORE_DEFAULT, DOMINIO, ALIAS, GRUPPO_ALIAS, NUMERO_FK) VALUES ('SE_UPPER','PGPCPRAT',0,'Abilita upper',NULL,NULL,2,'C','S','SI',NULL,NULL,NULL,NULL);
INSERT INTO A_SELEZIONI ( PARAMETRO, VOCE_MENU, SEQUENZA, DESCRIZIONE, DESCRIZIONE_AL1, DESCRIZIONE_AL2, LUNGHEZZA, FORMATO, OBBLIGO, VALORE_DEFAULT, DOMINIO, ALIAS, GRUPPO_ALIAS, NUMERO_FK) VALUES ('TXTFILE','PGPCPRAT',0,'Nome TXT da produrre',NULL,NULL,80,'C','S','Pratich2.txt',NULL,NULL,NULL,NULL);
INSERT INTO A_SELEZIONI ( PARAMETRO, VOCE_MENU, SEQUENZA, DESCRIZIONE, DESCRIZIONE_AL1, DESCRIZIONE_AL2, LUNGHEZZA, FORMATO, OBBLIGO, VALORE_DEFAULT, DOMINIO, ALIAS, GRUPPO_ALIAS, NUMERO_FK) VALUES ('NUM_CARATTERI','PGPCQUAL',0,'Caratteri per substring',NULL,NULL,4,'C','S','122',NULL,NULL,NULL,NULL);
INSERT INTO A_SELEZIONI ( PARAMETRO, VOCE_MENU, SEQUENZA, DESCRIZIONE, DESCRIZIONE_AL1, DESCRIZIONE_AL2, LUNGHEZZA, FORMATO, OBBLIGO, VALORE_DEFAULT, DOMINIO, ALIAS, GRUPPO_ALIAS, NUMERO_FK) VALUES ('P_GESTIONE','PGPCQUAL',1,'Codice della Gestione',NULL,NULL,4,'U','S','%',NULL,NULL,NULL,NULL);
INSERT INTO A_SELEZIONI ( PARAMETRO, VOCE_MENU, SEQUENZA, DESCRIZIONE, DESCRIZIONE_AL1, DESCRIZIONE_AL2, LUNGHEZZA, FORMATO, OBBLIGO, VALORE_DEFAULT, DOMINIO, ALIAS, GRUPPO_ALIAS, NUMERO_FK) VALUES ('SE_ERRORE','PGPCQUAL',0,'verifica segnalazioni errore',NULL,NULL,2,'U','N','NO',NULL,NULL,NULL,NULL);
INSERT INTO A_SELEZIONI ( PARAMETRO, VOCE_MENU, SEQUENZA, DESCRIZIONE, DESCRIZIONE_AL1, DESCRIZIONE_AL2, LUNGHEZZA, FORMATO, OBBLIGO, VALORE_DEFAULT, DOMINIO, ALIAS, GRUPPO_ALIAS, NUMERO_FK) VALUES ('SE_SUBSTR','PGPCQUAL',0,'Abilita substring',NULL,NULL,2,'C','S','SI',NULL,NULL,NULL,NULL);
INSERT INTO A_SELEZIONI ( PARAMETRO, VOCE_MENU, SEQUENZA, DESCRIZIONE, DESCRIZIONE_AL1, DESCRIZIONE_AL2, LUNGHEZZA, FORMATO, OBBLIGO, VALORE_DEFAULT, DOMINIO, ALIAS, GRUPPO_ALIAS, NUMERO_FK) VALUES ('SE_UPPER','PGPCQUAL',0,'Abilita upper',NULL,NULL,2,'C','S','SI',NULL,NULL,NULL,NULL);
INSERT INTO A_SELEZIONI ( PARAMETRO, VOCE_MENU, SEQUENZA, DESCRIZIONE, DESCRIZIONE_AL1, DESCRIZIONE_AL2, LUNGHEZZA, FORMATO, OBBLIGO, VALORE_DEFAULT, DOMINIO, ALIAS, GRUPPO_ALIAS, NUMERO_FK) VALUES ('TXTFILE','PGPCQUAL',0,'Nome TXT da produrre',NULL,NULL,80,'C','S','Qualifi2.txt',NULL,NULL,NULL,NULL);
INSERT INTO A_SELEZIONI ( PARAMETRO, VOCE_MENU, SEQUENZA, DESCRIZIONE, DESCRIZIONE_AL1, DESCRIZIONE_AL2, LUNGHEZZA, FORMATO, OBBLIGO, VALORE_DEFAULT, DOMINIO, ALIAS, GRUPPO_ALIAS, NUMERO_FK) VALUES ('NUM_CARATTERI','PGPCRETR',0,'Caratteri per substring',NULL,NULL,4,'C','S','50',NULL,NULL,NULL,NULL);
INSERT INTO A_SELEZIONI ( PARAMETRO, VOCE_MENU, SEQUENZA, DESCRIZIONE, DESCRIZIONE_AL1, DESCRIZIONE_AL2, LUNGHEZZA, FORMATO, OBBLIGO, VALORE_DEFAULT, DOMINIO, ALIAS, GRUPPO_ALIAS, NUMERO_FK) VALUES ('P_ACCESSORIE','PGPCRETR',2,'                    Accessorie',NULL,NULL,1,'U','N',NULL,'P_X',NULL,NULL,NULL);
INSERT INTO A_SELEZIONI ( PARAMETRO, VOCE_MENU, SEQUENZA, DESCRIZIONE, DESCRIZIONE_AL1, DESCRIZIONE_AL2, LUNGHEZZA, FORMATO, OBBLIGO, VALORE_DEFAULT, DOMINIO, ALIAS, GRUPPO_ALIAS, NUMERO_FK) VALUES ('P_DAL','PGPCRETR',1,'Dal ',NULL,NULL,10,'U','N',NULL,NULL,NULL,NULL,NULL);
INSERT INTO A_SELEZIONI ( PARAMETRO, VOCE_MENU, SEQUENZA, DESCRIZIONE, DESCRIZIONE_AL1, DESCRIZIONE_AL2, LUNGHEZZA, FORMATO, OBBLIGO, VALORE_DEFAULT, DOMINIO, ALIAS, GRUPPO_ALIAS, NUMERO_FK) VALUES ('P_FISSE','PGPCRETR',1,'Competenze ............. Fisse',NULL,NULL,1,'U','N',NULL,'P_X',NULL,NULL,NULL);
INSERT INTO A_SELEZIONI ( PARAMETRO, VOCE_MENU, SEQUENZA, DESCRIZIONE, DESCRIZIONE_AL1, DESCRIZIONE_AL2, LUNGHEZZA, FORMATO, OBBLIGO, VALORE_DEFAULT, DOMINIO, ALIAS, GRUPPO_ALIAS, NUMERO_FK) VALUES ('P_TUTTE','PGPCRETR',3,'                      Entrambe',NULL,NULL,1,'U','N','X','P_X',NULL,NULL,NULL);
INSERT INTO A_SELEZIONI ( PARAMETRO, VOCE_MENU, SEQUENZA, DESCRIZIONE, DESCRIZIONE_AL1, DESCRIZIONE_AL2, LUNGHEZZA, FORMATO, OBBLIGO, VALORE_DEFAULT, DOMINIO, ALIAS, GRUPPO_ALIAS, NUMERO_FK) VALUES ('SE_SUBSTR','PGPCRETR',0,'Abilita substring',NULL,NULL,2,'C','S','SI',NULL,NULL,NULL,NULL);
INSERT INTO A_SELEZIONI ( PARAMETRO, VOCE_MENU, SEQUENZA, DESCRIZIONE, DESCRIZIONE_AL1, DESCRIZIONE_AL2, LUNGHEZZA, FORMATO, OBBLIGO, VALORE_DEFAULT, DOMINIO, ALIAS, GRUPPO_ALIAS, NUMERO_FK) VALUES ('SE_UPPER','PGPCRETR',0,'Abilita upper',NULL,NULL,2,'C','S','SI',NULL,NULL,NULL,NULL);
INSERT INTO A_SELEZIONI ( PARAMETRO, VOCE_MENU, SEQUENZA, DESCRIZIONE, DESCRIZIONE_AL1, DESCRIZIONE_AL2, LUNGHEZZA, FORMATO, OBBLIGO, VALORE_DEFAULT, DOMINIO, ALIAS, GRUPPO_ALIAS, NUMERO_FK) VALUES ('TXTFILE','PGPCRETR',0,'Nome TXT da produrre',NULL,NULL,80,'C','S','Importi9.txt',NULL,NULL,NULL,NULL);
INSERT INTO A_SELEZIONI ( PARAMETRO, VOCE_MENU, SEQUENZA, DESCRIZIONE, DESCRIZIONE_AL1, DESCRIZIONE_AL2, LUNGHEZZA, FORMATO, OBBLIGO, VALORE_DEFAULT, DOMINIO, ALIAS, GRUPPO_ALIAS, NUMERO_FK) VALUES ('NUM_CARATTERI','PGPCSCON',0,'Caratteri per substring',NULL,NULL,4,'C','S','179',NULL,NULL,NULL,NULL);
INSERT INTO A_SELEZIONI ( PARAMETRO, VOCE_MENU, SEQUENZA, DESCRIZIONE, DESCRIZIONE_AL1, DESCRIZIONE_AL2, LUNGHEZZA, FORMATO, OBBLIGO, VALORE_DEFAULT, DOMINIO, ALIAS, GRUPPO_ALIAS, NUMERO_FK) VALUES ('SE_SUBSTR','PGPCSCON',0,'Abilita substring',NULL,NULL,2,'C','S','SI',NULL,NULL,NULL,NULL);
INSERT INTO A_SELEZIONI ( PARAMETRO, VOCE_MENU, SEQUENZA, DESCRIZIONE, DESCRIZIONE_AL1, DESCRIZIONE_AL2, LUNGHEZZA, FORMATO, OBBLIGO, VALORE_DEFAULT, DOMINIO, ALIAS, GRUPPO_ALIAS, NUMERO_FK) VALUES ('SE_UPPER','PGPCSCON',0,'Abilita upper',NULL,NULL,2,'C','S','SI',NULL,NULL,NULL,NULL);
INSERT INTO A_SELEZIONI ( PARAMETRO, VOCE_MENU, SEQUENZA, DESCRIZIONE, DESCRIZIONE_AL1, DESCRIZIONE_AL2, LUNGHEZZA, FORMATO, OBBLIGO, VALORE_DEFAULT, DOMINIO, ALIAS, GRUPPO_ALIAS, NUMERO_FK) VALUES ('TXTFILE','PGPCSCON',0,'Nome TXT da produrre',NULL,NULL,80,'C','S','ServCon.txt',NULL,NULL,NULL,NULL);
INSERT INTO A_SELEZIONI ( PARAMETRO, VOCE_MENU, SEQUENZA, DESCRIZIONE, DESCRIZIONE_AL1, DESCRIZIONE_AL2, LUNGHEZZA, FORMATO, OBBLIGO, VALORE_DEFAULT, DOMINIO, ALIAS, GRUPPO_ALIAS, NUMERO_FK) VALUES ('NUM_CARATTERI','PGPCSSON',0,'Caratteri per substring',NULL,NULL,4,'C','S','264',NULL,NULL,NULL,NULL);
INSERT INTO A_SELEZIONI ( PARAMETRO, VOCE_MENU, SEQUENZA, DESCRIZIONE, DESCRIZIONE_AL1, DESCRIZIONE_AL2, LUNGHEZZA, FORMATO, OBBLIGO, VALORE_DEFAULT, DOMINIO, ALIAS, GRUPPO_ALIAS, NUMERO_FK) VALUES ('P_DAL','PGPCSSON',1,'Dal',NULL,NULL,10,'D','N',NULL,NULL,NULL,NULL,NULL);
INSERT INTO A_SELEZIONI ( PARAMETRO, VOCE_MENU, SEQUENZA, DESCRIZIONE, DESCRIZIONE_AL1, DESCRIZIONE_AL2, LUNGHEZZA, FORMATO, OBBLIGO, VALORE_DEFAULT, DOMINIO, ALIAS, GRUPPO_ALIAS, NUMERO_FK) VALUES ('P_PROG_SER','PGPCSSON',2,'Progressivo Periodi',NULL,NULL,4,'N','N',NULL,NULL,NULL,NULL,NULL);
INSERT INTO A_SELEZIONI ( PARAMETRO, VOCE_MENU, SEQUENZA, DESCRIZIONE, DESCRIZIONE_AL1, DESCRIZIONE_AL2, LUNGHEZZA, FORMATO, OBBLIGO, VALORE_DEFAULT, DOMINIO, ALIAS, GRUPPO_ALIAS, NUMERO_FK) VALUES ('SE_SUBSTR','PGPCSSON',0,'Abilita substring',NULL,NULL,2,'C','S','SI',NULL,NULL,NULL,NULL);
INSERT INTO A_SELEZIONI ( PARAMETRO, VOCE_MENU, SEQUENZA, DESCRIZIONE, DESCRIZIONE_AL1, DESCRIZIONE_AL2, LUNGHEZZA, FORMATO, OBBLIGO, VALORE_DEFAULT, DOMINIO, ALIAS, GRUPPO_ALIAS, NUMERO_FK) VALUES ('SE_UPPER','PGPCSSON',0,'Abilita upper',NULL,NULL,2,'C','S','SI',NULL,NULL,NULL,NULL);
INSERT INTO A_SELEZIONI ( PARAMETRO, VOCE_MENU, SEQUENZA, DESCRIZIONE, DESCRIZIONE_AL1, DESCRIZIONE_AL2, LUNGHEZZA, FORMATO, OBBLIGO, VALORE_DEFAULT, DOMINIO, ALIAS, GRUPPO_ALIAS, NUMERO_FK) VALUES ('TXTFILE','PGPCSSON',0,'Nome TXT da produrre',NULL,NULL,80,'C','S','ServSen.txt',NULL,NULL,NULL,NULL);
INSERT INTO A_SELEZIONI ( PARAMETRO, VOCE_MENU, SEQUENZA, DESCRIZIONE, DESCRIZIONE_AL1, DESCRIZIONE_AL2, LUNGHEZZA, FORMATO, OBBLIGO, VALORE_DEFAULT, DOMINIO, ALIAS, GRUPPO_ALIAS, NUMERO_FK) VALUES ('NUM_CARATTERI','PGPCVOCI',0,'Caratteri per substring',NULL,NULL,4,'C','S','110',NULL,NULL,NULL,NULL);
INSERT INTO A_SELEZIONI ( PARAMETRO, VOCE_MENU, SEQUENZA, DESCRIZIONE, DESCRIZIONE_AL1, DESCRIZIONE_AL2, LUNGHEZZA, FORMATO, OBBLIGO, VALORE_DEFAULT, DOMINIO, ALIAS, GRUPPO_ALIAS, NUMERO_FK) VALUES ('P_GESTIONE','PGPCVOCI',1,'Codice della Gestione',NULL,NULL,4,'C','S','%',NULL,NULL,NULL,NULL);
INSERT INTO A_SELEZIONI ( PARAMETRO, VOCE_MENU, SEQUENZA, DESCRIZIONE, DESCRIZIONE_AL1, DESCRIZIONE_AL2, LUNGHEZZA, FORMATO, OBBLIGO, VALORE_DEFAULT, DOMINIO, ALIAS, GRUPPO_ALIAS, NUMERO_FK) VALUES ('SE_ERRORE','PGPCVOCI',0,'verifica segnalazioni errore',NULL,NULL,2,'U','N','NO',NULL,NULL,NULL,NULL);
INSERT INTO A_SELEZIONI ( PARAMETRO, VOCE_MENU, SEQUENZA, DESCRIZIONE, DESCRIZIONE_AL1, DESCRIZIONE_AL2, LUNGHEZZA, FORMATO, OBBLIGO, VALORE_DEFAULT, DOMINIO, ALIAS, GRUPPO_ALIAS, NUMERO_FK) VALUES ('SE_SUBSTR','PGPCVOCI',0,'Abilita substring',NULL,NULL,2,'C','S','SI',NULL,NULL,NULL,NULL);
INSERT INTO A_SELEZIONI ( PARAMETRO, VOCE_MENU, SEQUENZA, DESCRIZIONE, DESCRIZIONE_AL1, DESCRIZIONE_AL2, LUNGHEZZA, FORMATO, OBBLIGO, VALORE_DEFAULT, DOMINIO, ALIAS, GRUPPO_ALIAS, NUMERO_FK) VALUES ('SE_UPPER','PGPCVOCI',0,'Abilita upper',NULL,NULL,2,'C','S','SI',NULL,NULL,NULL,NULL);
INSERT INTO A_SELEZIONI ( PARAMETRO, VOCE_MENU, SEQUENZA, DESCRIZIONE, DESCRIZIONE_AL1, DESCRIZIONE_AL2, LUNGHEZZA, FORMATO, OBBLIGO, VALORE_DEFAULT, DOMINIO, ALIAS, GRUPPO_ALIAS, NUMERO_FK) VALUES ('TXTFILE','PGPCVOCI',0,'Nome TXT da produrre',NULL,NULL,80,'C','S','VociEmo2.txt',NULL,NULL,NULL,NULL);
INSERT INTO A_SELEZIONI ( PARAMETRO, VOCE_MENU, SEQUENZA, DESCRIZIONE, DESCRIZIONE_AL1, DESCRIZIONE_AL2, LUNGHEZZA, FORMATO, OBBLIGO, VALORE_DEFAULT, DOMINIO, ALIAS, GRUPPO_ALIAS, NUMERO_FK) VALUES ('P_ORDINAMENTO','PGPLQUS7',1,'Ordinamento per',NULL,NULL,1,'N','N','1','P_ORDINAMENTO2',NULL,NULL,NULL);
INSERT INTO A_SELEZIONI ( PARAMETRO, VOCE_MENU, SEQUENZA, DESCRIZIONE, DESCRIZIONE_AL1, DESCRIZIONE_AL2, LUNGHEZZA, FORMATO, OBBLIGO, VALORE_DEFAULT, DOMINIO, ALIAS, GRUPPO_ALIAS, NUMERO_FK) VALUES ('P_ORDINAMENTO','PGPLVOS7',1,'Ordinamento per',NULL,NULL,1,'N','N','1','P_ORDINAMENTO',NULL,NULL,NULL);

REM ============================================================
REM    Extract :   A_CATALOGO_STAMPE
REM ============================================================

INSERT INTO A_CATALOGO_STAMPE ( STAMPA, TITOLO, TITOLO_AL1, TITOLO_AL2, TIPO_PROPRIETA, TIPO_VISURA, CLASSE, STAMPA_BLOCCATA, STAMPA_PROTETTA, SEQUENZIALE) VALUES ('PGPLIMPO','IMPORTI RETRIBUZIONI ESPORTATI',NULL,NULL,'U','U','A_C','N','N','S');
INSERT INTO A_CATALOGO_STAMPE ( STAMPA, TITOLO, TITOLO_AL1, TITOLO_AL2, TIPO_PROPRIETA, TIPO_VISURA, CLASSE, STAMPA_BLOCCATA, STAMPA_PROTETTA, SEQUENZIALE) VALUES ('PGPLINPD','Lista Iscritti Selezionati',NULL,NULL,'U','U','A_C','N','N','S');
INSERT INTO A_CATALOGO_STAMPE ( STAMPA, TITOLO, TITOLO_AL1, TITOLO_AL2, TIPO_PROPRIETA, TIPO_VISURA, CLASSE, STAMPA_BLOCCATA, STAMPA_PROTETTA, SEQUENZIALE) VALUES ('PGPLISCR','ISCRITTI ESPORTATI',NULL,NULL,'U','U','A_E','N','N','S');
INSERT INTO A_CATALOGO_STAMPE ( STAMPA, TITOLO, TITOLO_AL1, TITOLO_AL2, TIPO_PROPRIETA, TIPO_VISURA, CLASSE, STAMPA_BLOCCATA, STAMPA_PROTETTA, SEQUENZIALE) VALUES ('PGPLPRAT','PRATICHE ESPORTATE',NULL,NULL,'U','U','A_E','N','N','S');
INSERT INTO A_CATALOGO_STAMPE ( STAMPA, TITOLO, TITOLO_AL1, TITOLO_AL2, TIPO_PROPRIETA, TIPO_VISURA, CLASSE, STAMPA_BLOCCATA, STAMPA_PROTETTA, SEQUENZIALE) VALUES ('PGPLQUAL','QUALIFICHE ENTE ESPORTATE',NULL,NULL,'U','U','A_C','N','N','S');
INSERT INTO A_CATALOGO_STAMPE ( STAMPA, TITOLO, TITOLO_AL1, TITOLO_AL2, TIPO_PROPRIETA, TIPO_VISURA, CLASSE, STAMPA_BLOCCATA, STAMPA_PROTETTA, SEQUENZIALE) VALUES ('PGPLRE92','IMPORTI RETRIBUZIONI PRE-1992 ESPORTATI',NULL,NULL,'U','U','A_C','N','N','S');
INSERT INTO A_CATALOGO_STAMPE ( STAMPA, TITOLO, TITOLO_AL1, TITOLO_AL2, TIPO_PROPRIETA, TIPO_VISURA, CLASSE, STAMPA_BLOCCATA, STAMPA_PROTETTA, SEQUENZIALE) VALUES ('PGPLSCON','SERVIZI CON ONERE ESPORTATI',NULL,NULL,'U','U','A_E','N','N','S');
INSERT INTO A_CATALOGO_STAMPE ( STAMPA, TITOLO, TITOLO_AL1, TITOLO_AL2, TIPO_PROPRIETA, TIPO_VISURA, CLASSE, STAMPA_BLOCCATA, STAMPA_PROTETTA, SEQUENZIALE) VALUES ('PGPLSSON','SERVIZI SENZA ONERE ESPORTATI',NULL,NULL,'U','U','P_A','N','N','S');
INSERT INTO A_CATALOGO_STAMPE ( STAMPA, TITOLO, TITOLO_AL1, TITOLO_AL2, TIPO_PROPRIETA, TIPO_VISURA, CLASSE, STAMPA_BLOCCATA, STAMPA_PROTETTA, SEQUENZIALE) VALUES ('PGPLVOCI','VOCI EMOLUMENTI ESPORTATE',NULL,NULL,'U','U','A_C','N','N','S');
INSERT INTO A_CATALOGO_STAMPE ( STAMPA, TITOLO, TITOLO_AL1, TITOLO_AL2, TIPO_PROPRIETA, TIPO_VISURA, CLASSE, STAMPA_BLOCCATA, STAMPA_PROTETTA, SEQUENZIALE) VALUES ('PGPLQUS7','Lista Qualifiche per Pensioni S7',NULL,NULL,'U','U','A_A','N','N','S');
INSERT INTO A_CATALOGO_STAMPE ( STAMPA, TITOLO, TITOLO_AL1, TITOLO_AL2, TIPO_PROPRIETA, TIPO_VISURA, CLASSE, STAMPA_BLOCCATA, STAMPA_PROTETTA, SEQUENZIALE) VALUES ('PGPLVOS7','Lista Voci per Pensioni S7',NULL,NULL,'U','U','A_A','N','N','S');
INSERT INTO A_CATALOGO_STAMPE ( STAMPA, TITOLO, TITOLO_AL1, TITOLO_AL2, TIPO_PROPRIETA, TIPO_VISURA, CLASSE, STAMPA_BLOCCATA, STAMPA_PROTETTA, SEQUENZIALE) VALUES ('PGPLPERI','Periodi di Servizio',NULL,NULL,'U','U','A_C','N','N','S');
INSERT INTO A_CATALOGO_STAMPE ( STAMPA, TITOLO, TITOLO_AL1, TITOLO_AL2, TIPO_PROPRIETA, TIPO_VISURA, CLASSE, STAMPA_BLOCCATA, STAMPA_PROTETTA, SEQUENZIALE) VALUES ('PGPCQUAL','SEGNALAZIONI QUALIFICHE S7',NULL,NULL,'U','U','A_C','N','N','S');
INSERT INTO A_CATALOGO_STAMPE ( STAMPA, TITOLO, TITOLO_AL1, TITOLO_AL2, TIPO_PROPRIETA, TIPO_VISURA, CLASSE, STAMPA_BLOCCATA, STAMPA_PROTETTA, SEQUENZIALE) VALUES ('PGPCPRAT','SEGNALAZIONI QUALIFICHE S7',NULL,NULL,'U','U','A_C','N','N','S');
INSERT INTO A_CATALOGO_STAMPE ( STAMPA, TITOLO, TITOLO_AL1, TITOLO_AL2, TIPO_PROPRIETA, TIPO_VISURA, CLASSE, STAMPA_BLOCCATA, STAMPA_PROTETTA, SEQUENZIALE) VALUES ('PGPCVOCI','SEGNALAZIONI VOCI S7',NULL,NULL,'U','U','A_C','N','N','S');
INSERT INTO A_CATALOGO_STAMPE ( STAMPA, TITOLO, TITOLO_AL1, TITOLO_AL2, TIPO_PROPRIETA, TIPO_VISURA, CLASSE, STAMPA_BLOCCATA, STAMPA_PROTETTA, SEQUENZIALE) VALUES ('PGPCIMPO','SEGNALAZIONI VOCI S7',NULL,NULL,'U','U','A_C','N','N','S');

REM ============================================================
REM    Extract :   A_DOMINI_SELEZIONI
REM ============================================================

INSERT INTO A_DOMINI_SELEZIONI ( DOMINIO, VALORE_LOW, VALORE_HIGH, DESCRIZIONE, DESCRIZIONE_AL1, DESCRIZIONE_AL2) VALUES ('P_ORDINAMENTO','1',NULL,'Contratto, Voce, Dal, Codice',NULL,NULL);
INSERT INTO A_DOMINI_SELEZIONI ( DOMINIO, VALORE_LOW, VALORE_HIGH, DESCRIZIONE, DESCRIZIONE_AL1, DESCRIZIONE_AL2) VALUES ('P_ORDINAMENTO','2',NULL,'Codice, Contratto, Voce, Dal',NULL,NULL);
INSERT INTO A_DOMINI_SELEZIONI ( DOMINIO, VALORE_LOW, VALORE_HIGH, DESCRIZIONE, DESCRIZIONE_AL1, DESCRIZIONE_AL2) VALUES ('P_ORDINAMENTO2','1',NULL,'Contratto, Qualifica, Dal, Codice',NULL,NULL);
INSERT INTO A_DOMINI_SELEZIONI ( DOMINIO, VALORE_LOW, VALORE_HIGH, DESCRIZIONE, DESCRIZIONE_AL1, DESCRIZIONE_AL2) VALUES ('P_ORDINAMENTO2','2',NULL,'Codice, Contratto, Qualifica, Dal',NULL,NULL);
INSERT INTO A_DOMINI_SELEZIONI ( DOMINIO, VALORE_LOW, VALORE_HIGH, DESCRIZIONE, DESCRIZIONE_AL1, DESCRIZIONE_AL2) VALUES ('P_X','X',NULL,'Conferma della condizione proposta',NULL,NULL);

REM ============================================================
REM    Extract SYNONYM :   A_GUIDE_O
REM ============================================================

INSERT INTO A_GUIDE_O ( GUIDA_O, SEQUENZA, ALIAS, LETTERA, LETTERA_AL1, LETTERA_AL2, TITOLO, TITOLO_AL1, TITOLO_AL2, GUIDA_V, VOCE_MENU, VOCE_RIF, PROPRIETA, TITOLO_ESTESO, TITOLO_ESTESO_AL1, TITOLO_ESTESO_AL2) VALUES ('P_INPD',1,'RAIN','I',NULL,NULL,'Individui',NULL,NULL,NULL,'P00RINDI',NULL,NULL,NULL,NULL,NULL);
INSERT INTO A_GUIDE_O ( GUIDA_O, SEQUENZA, ALIAS, LETTERA, LETTERA_AL1, LETTERA_AL2, TITOLO, TITOLO_AL1, TITOLO_AL2, GUIDA_V, VOCE_MENU, VOCE_RIF, PROPRIETA, TITOLO_ESTESO, TITOLO_ESTESO_AL1, TITOLO_ESTESO_AL2) VALUES ('P_INPD',2,'GEST','G',NULL,NULL,'Gestioni',NULL,NULL,NULL,'PGMEGEST',NULL,NULL,NULL,NULL,NULL);
INSERT INTO A_GUIDE_O ( GUIDA_O, SEQUENZA, ALIAS, LETTERA, LETTERA_AL1, LETTERA_AL2, TITOLO, TITOLO_AL1, TITOLO_AL2, GUIDA_V, VOCE_MENU, VOCE_RIF, PROPRIETA, TITOLO_ESTESO, TITOLO_ESTESO_AL1, TITOLO_ESTESO_AL2) VALUES ('P_INPD',3,'CONT','C',NULL,NULL,'Contratti',NULL,NULL,NULL,'PPAECONT',NULL,NULL,NULL,NULL,NULL);
INSERT INTO A_GUIDE_O ( GUIDA_O, SEQUENZA, ALIAS, LETTERA, LETTERA_AL1, LETTERA_AL2, TITOLO, TITOLO_AL1, TITOLO_AL2, GUIDA_V, VOCE_MENU, VOCE_RIF, PROPRIETA, TITOLO_ESTESO, TITOLO_ESTESO_AL1, TITOLO_ESTESO_AL2) VALUES ('P_PREN_S',1,'PREN','P',NULL,NULL,'Prenot.',NULL,NULL,NULL,'ACAEPRPA','*',NULL,NULL,NULL,NULL);
INSERT INTO A_GUIDE_O ( GUIDA_O, SEQUENZA, ALIAS, LETTERA, LETTERA_AL1, LETTERA_AL2, TITOLO, TITOLO_AL1, TITOLO_AL2, GUIDA_V, VOCE_MENU, VOCE_RIF, PROPRIETA, TITOLO_ESTESO, TITOLO_ESTESO_AL1, TITOLO_ESTESO_AL2) VALUES ('P_QUS7',1,'QUAL','1',NULL,NULL,'Qualif.',NULL,NULL,NULL,'PGMEQUAL',NULL,NULL,NULL,NULL,NULL);
INSERT INTO A_GUIDE_O ( GUIDA_O, SEQUENZA, ALIAS, LETTERA, LETTERA_AL1, LETTERA_AL2, TITOLO, TITOLO_AL1, TITOLO_AL2, GUIDA_V, VOCE_MENU, VOCE_RIF, PROPRIETA, TITOLO_ESTESO, TITOLO_ESTESO_AL1, TITOLO_ESTESO_AL2) VALUES ('P_VOS7',1,'COVO','V',NULL,NULL,'Voci',NULL,NULL,NULL,'PECECOVO',NULL,NULL,NULL,NULL,NULL);
