alter table dichiarazione_dis 
  add (MODELLO varchar2(4) NULL 
      ,COLLABORATORE varchar2(2) NULL)
;

alter table dichiarazione_dis_importi
  add (MODELLO varchar2(4) NULL
      ,GIORNI varchar2(62) NULL)	  
;

/* Ref-Codes per nuovi valori campo Disoccupazione_inps tabella ASTENSIONI */

delete 
  from PGM_REF_CODES
 where RV_DOMAIN = 'ASTENSIONI.DISOCCUPAZIONE_INPS'
;

INSERT INTO PGM_REF_CODES ( RV_LOW_VALUE, RV_HIGH_VALUE, RV_ABBREVIATION, RV_DOMAIN, RV_MEANING,
RV_TYPE, RV_MEANING_AL1, RV_MEANING_AL2 ) VALUES ( 
'1', NULL, NULL, 'ASTENSIONI.DISOCCUPAZIONE_INPS', 'Malattia', 'CFG', NULL, NULL); 
INSERT INTO PGM_REF_CODES ( RV_LOW_VALUE, RV_HIGH_VALUE, RV_ABBREVIATION, RV_DOMAIN, RV_MEANING,
RV_TYPE, RV_MEANING_AL1, RV_MEANING_AL2 ) VALUES ( 
'10', NULL, NULL, 'ASTENSIONI.DISOCCUPAZIONE_INPS', 'CIG', 'CFG', NULL, NULL); 
INSERT INTO PGM_REF_CODES ( RV_LOW_VALUE, RV_HIGH_VALUE, RV_ABBREVIATION, RV_DOMAIN, RV_MEANING,
RV_TYPE, RV_MEANING_AL1, RV_MEANING_AL2 ) VALUES ( 
'11', NULL, NULL, 'ASTENSIONI.DISOCCUPAZIONE_INPS', 'Donazione Sangue', 'CFG', NULL
, NULL); 
INSERT INTO PGM_REF_CODES ( RV_LOW_VALUE, RV_HIGH_VALUE, RV_ABBREVIATION, RV_DOMAIN, RV_MEANING,
RV_TYPE, RV_MEANING_AL1, RV_MEANING_AL2 ) VALUES ( 
'2', NULL, NULL, 'ASTENSIONI.DISOCCUPAZIONE_INPS', 'Maternita''', 'CFG', NULL, NULL); 
INSERT INTO PGM_REF_CODES ( RV_LOW_VALUE, RV_HIGH_VALUE, RV_ABBREVIATION, RV_DOMAIN, RV_MEANING,
RV_TYPE, RV_MEANING_AL1, RV_MEANING_AL2 ) VALUES ( 
'3', NULL, NULL, 'ASTENSIONI.DISOCCUPAZIONE_INPS', 'Infortunio', 'CFG', NULL, NULL); 
INSERT INTO PGM_REF_CODES ( RV_LOW_VALUE, RV_HIGH_VALUE, RV_ABBREVIATION, RV_DOMAIN, RV_MEANING,
RV_TYPE, RV_MEANING_AL1, RV_MEANING_AL2 ) VALUES ( 
'4', NULL, NULL, 'ASTENSIONI.DISOCCUPAZIONE_INPS', 'Servizio Militare o Equiparato'
, 'CFG', NULL, NULL); 
INSERT INTO PGM_REF_CODES ( RV_LOW_VALUE, RV_HIGH_VALUE, RV_ABBREVIATION, RV_DOMAIN, RV_MEANING,
RV_TYPE, RV_MEANING_AL1, RV_MEANING_AL2 ) VALUES ( 
'5', NULL, NULL, 'ASTENSIONI.DISOCCUPAZIONE_INPS', 'Sciopero', 'CFG', NULL, NULL); 
INSERT INTO PGM_REF_CODES ( RV_LOW_VALUE, RV_HIGH_VALUE, RV_ABBREVIATION, RV_DOMAIN, RV_MEANING,
RV_TYPE, RV_MEANING_AL1, RV_MEANING_AL2 ) VALUES ( 
'6', NULL, NULL, 'ASTENSIONI.DISOCCUPAZIONE_INPS', 'Permessi non Retribuiti', 'CFG'
, NULL, NULL); 
INSERT INTO PGM_REF_CODES ( RV_LOW_VALUE, RV_HIGH_VALUE, RV_ABBREVIATION, RV_DOMAIN, RV_MEANING,
RV_TYPE, RV_MEANING_AL1, RV_MEANING_AL2 ) VALUES ( 
'7', NULL, NULL, 'ASTENSIONI.DISOCCUPAZIONE_INPS', 'Altro', 'CFG', NULL, NULL); 
INSERT INTO PGM_REF_CODES ( RV_LOW_VALUE, RV_HIGH_VALUE, RV_ABBREVIATION, RV_DOMAIN, RV_MEANING,
RV_TYPE, RV_MEANING_AL1, RV_MEANING_AL2 ) VALUES ( 
'8', NULL, NULL, 'ASTENSIONI.DISOCCUPAZIONE_INPS', 'Ferie', 'CFG', NULL, NULL); 
INSERT INTO PGM_REF_CODES ( RV_LOW_VALUE, RV_HIGH_VALUE, RV_ABBREVIATION, RV_DOMAIN, RV_MEANING,
RV_TYPE, RV_MEANING_AL1, RV_MEANING_AL2 ) VALUES ( 
'9', NULL, NULL, 'ASTENSIONI.DISOCCUPAZIONE_INPS', 'Permessi', 'CFG', NULL, NULL); 

/* Creazione Nuove Voci di Menu */

INSERT INTO A_VOCI_MENU ( VOCE_MENU, AMBIENTE, ACRONIMO, ACRONIMO_AL1, ACRONIMO_AL2, TITOLO,
TITOLO_AL1, TITOLO_AL2, TIPO_VOCE, TIPO, MODULO, STRINGA, IMPORTANZA, GUIDA_O,
PROPRIETA ) VALUES ( 
'PECCDS22', 'P00', 'CDS22', NULL, NULL, 'Caricamento Archivio Disoccupazione DS22'
, NULL, NULL, 'F', 'D', 'ACAPARPR', NULL, 1, 'P_CADDI', NULL); 

INSERT INTO A_VOCI_MENU ( VOCE_MENU, AMBIENTE, ACRONIMO, ACRONIMO_AL1, ACRONIMO_AL2, TITOLO,
TITOLO_AL1, TITOLO_AL2, TIPO_VOCE, TIPO, MODULO, STRINGA, IMPORTANZA, GUIDA_O,
PROPRIETA ) VALUES ( 
'PECCSR18', 'P00', 'CSR18', NULL, NULL, 'Caricamento Archivio Disoccupazione SR18'
, NULL, NULL, 'F', 'D', 'ACAPARPR', NULL, 1, 'P_CADDI', NULL); 

INSERT INTO A_PASSI_PROC ( VOCE_MENU, PASSO, TITOLO, TITOLO_AL1, TITOLO_AL2, TIPO, MODULO, STRINGA,
STAMPA, GRUPPO_LING ) VALUES ( 
'PECCDS22', 1, 'Caricamento Archivio Disoccupazione', NULL, NULL, 'Q', 'PECCDS22'
, NULL, NULL, 'N'); 

INSERT INTO A_PASSI_PROC ( VOCE_MENU, PASSO, TITOLO, TITOLO_AL1, TITOLO_AL2, TIPO, MODULO, STRINGA,
STAMPA, GRUPPO_LING ) VALUES ( 
'PECCSR18', 1, 'Caricamento Archivio Disoccupazione', NULL, NULL, 'Q', 'PECCSR18'
, NULL, NULL, 'N'); 

INSERT INTO A_SELEZIONI ( PARAMETRO, VOCE_MENU, SEQUENZA, DESCRIZIONE, DESCRIZIONE_AL1,
DESCRIZIONE_AL2, LUNGHEZZA, FORMATO, OBBLIGO, VALORE_DEFAULT, DOMINIO, ALIAS, GRUPPO_ALIAS,
NUMERO_FK ) VALUES ( 
'P_AL', 'PECCDS22', 2, '                      Al......', NULL, NULL, 10, 'D', 'S'
, NULL, NULL, NULL, NULL, NULL); 
INSERT INTO A_SELEZIONI ( PARAMETRO, VOCE_MENU, SEQUENZA, DESCRIZIONE, DESCRIZIONE_AL1,
DESCRIZIONE_AL2, LUNGHEZZA, FORMATO, OBBLIGO, VALORE_DEFAULT, DOMINIO, ALIAS, GRUPPO_ALIAS,
NUMERO_FK ) VALUES ( 
'P_CI', 'PECCDS22', 4, 'Codice Individuale............', NULL, NULL, 8, 'N', 'N', NULL
, NULL, 'RAIN', 1, 1); 
INSERT INTO A_SELEZIONI ( PARAMETRO, VOCE_MENU, SEQUENZA, DESCRIZIONE, DESCRIZIONE_AL1,
DESCRIZIONE_AL2, LUNGHEZZA, FORMATO, OBBLIGO, VALORE_DEFAULT, DOMINIO, ALIAS, GRUPPO_ALIAS,
NUMERO_FK ) VALUES ( 
'P_DAL', 'PECCDS22', 1, 'Elaborazione: Dal.............', NULL, NULL, 10, 'D', 'S'
, NULL, NULL, NULL, NULL, NULL); 
INSERT INTO A_SELEZIONI ( PARAMETRO, VOCE_MENU, SEQUENZA, DESCRIZIONE, DESCRIZIONE_AL1,
DESCRIZIONE_AL2, LUNGHEZZA, FORMATO, OBBLIGO, VALORE_DEFAULT, DOMINIO, ALIAS, GRUPPO_ALIAS,
NUMERO_FK ) VALUES ( 
'P_TIPO', 'PECCDS22', 3, 'Tipo Archiviazione............', NULL, NULL, 1, 'U', 'S'
, 'T', 'P_TIPO_CADDI', NULL, NULL, NULL); 

INSERT INTO A_SELEZIONI ( PARAMETRO, VOCE_MENU, SEQUENZA, DESCRIZIONE, DESCRIZIONE_AL1,
DESCRIZIONE_AL2, LUNGHEZZA, FORMATO, OBBLIGO, VALORE_DEFAULT, DOMINIO, ALIAS, GRUPPO_ALIAS,
NUMERO_FK ) VALUES ( 
'P_CI', 'PECCSR18', 3, 'Codice Individuale............', NULL, NULL, 8, 'N', 'N', NULL
, NULL, 'RAIN', 1, 1); 
INSERT INTO A_SELEZIONI ( PARAMETRO, VOCE_MENU, SEQUENZA, DESCRIZIONE, DESCRIZIONE_AL1,
DESCRIZIONE_AL2, LUNGHEZZA, FORMATO, OBBLIGO, VALORE_DEFAULT, DOMINIO, ALIAS, GRUPPO_ALIAS,
NUMERO_FK ) VALUES ( 
'P_RICHIESTA', 'PECCSR18', 1, 'Data Richiesta................', NULL, NULL, 10, 'D'
, 'N', NULL, NULL, NULL, NULL, NULL); 
INSERT INTO A_SELEZIONI ( PARAMETRO, VOCE_MENU, SEQUENZA, DESCRIZIONE, DESCRIZIONE_AL1,
DESCRIZIONE_AL2, LUNGHEZZA, FORMATO, OBBLIGO, VALORE_DEFAULT, DOMINIO, ALIAS, GRUPPO_ALIAS,
NUMERO_FK ) VALUES ( 
'P_TIPO', 'PECCSR18', 2, 'Tipo Archiviazione............', NULL, NULL, 1, 'U', 'S'
, 'T', 'P_TIPO_CADDI', NULL, NULL, NULL); 

delete from a_selezioni
where voce_menu = 'PECSDEDI';

delete from a_passi_proc
where voce_menu = 'PECSDEDI';

delete from a_voci_menu
where voce_menu = 'PECSDEDI';

INSERT INTO A_VOCI_MENU ( VOCE_MENU, AMBIENTE, ACRONIMO, ACRONIMO_AL1, ACRONIMO_AL2, TITOLO,
TITOLO_AL1, TITOLO_AL2, TIPO_VOCE, TIPO, MODULO, STRINGA, IMPORTANZA, GUIDA_O,
PROPRIETA ) VALUES ( 
'PECSDEDI', 'P00', 'SDEDI', NULL, NULL, 'Stampa Denuncia Disoccupazione', NULL, NULL
, 'F', 'D', 'ACAPARPR', NULL, 1, 'P_CADDI', NULL); 

INSERT INTO A_PASSI_PROC ( VOCE_MENU, PASSO, TITOLO, TITOLO_AL1, TITOLO_AL2, TIPO, MODULO, STRINGA,
STAMPA, GRUPPO_LING ) VALUES ( 
'PECSDEDI', 1, 'Verifica Passi Stampa Denuncia Dis.', NULL, NULL, 'Q', 'CHK_DEDI'
, NULL, NULL, NULL); 
INSERT INTO A_PASSI_PROC ( VOCE_MENU, PASSO, TITOLO, TITOLO_AL1, TITOLO_AL2, TIPO, MODULO, STRINGA,
STAMPA, GRUPPO_LING ) VALUES ( 
'PECSDEDI', 2, 'Stampa Denuncia Disoccupazione', NULL, NULL, 'R', 'PECSDS22', NULL
, 'PECSDEDI', 'N'); 
INSERT INTO A_PASSI_PROC ( VOCE_MENU, PASSO, TITOLO, TITOLO_AL1, TITOLO_AL2, TIPO, MODULO, STRINGA,
STAMPA, GRUPPO_LING ) VALUES ( 
'PECSDEDI', 3, 'Verifica Stampa Denuncia Dis.', NULL, NULL, 'Q', 'CHK_DEDI', NULL
, NULL, 'N'); 
INSERT INTO A_PASSI_PROC ( VOCE_MENU, PASSO, TITOLO, TITOLO_AL1, TITOLO_AL2, TIPO, MODULO, STRINGA,
STAMPA, GRUPPO_LING ) VALUES ( 
'PECSDEDI', 4, 'Stampa Denuncia Disoccupazione', NULL, NULL, 'R', 'PECSSR18', NULL
, 'PECSDEDI', 'N'); 

INSERT INTO A_DOMINI_SELEZIONI ( DOMINIO, VALORE_LOW, VALORE_HIGH, DESCRIZIONE, DESCRIZIONE_AL1,
DESCRIZIONE_AL2 ) VALUES ( 
'D_SDEDI', 'DS22', NULL, 'Modello DS22', NULL, NULL); 
INSERT INTO A_DOMINI_SELEZIONI ( DOMINIO, VALORE_LOW, VALORE_HIGH, DESCRIZIONE, DESCRIZIONE_AL1,
DESCRIZIONE_AL2 ) VALUES ( 
'D_SDEDI', 'SR18', NULL, 'Modello SR18', NULL, NULL); 

INSERT INTO A_SELEZIONI ( PARAMETRO, VOCE_MENU, SEQUENZA, DESCRIZIONE, DESCRIZIONE_AL1,
DESCRIZIONE_AL2, LUNGHEZZA, FORMATO, OBBLIGO, VALORE_DEFAULT, DOMINIO, ALIAS, GRUPPO_ALIAS,
NUMERO_FK ) VALUES ( 
'P_CI', 'PECSDEDI', 1, 'Codice Individuale............', NULL, NULL, 8, 'N', 'S', NULL
, NULL, 'RAIN', 1, 1); 
INSERT INTO A_SELEZIONI ( PARAMETRO, VOCE_MENU, SEQUENZA, DESCRIZIONE, DESCRIZIONE_AL1,
DESCRIZIONE_AL2, LUNGHEZZA, FORMATO, OBBLIGO, VALORE_DEFAULT, DOMINIO, ALIAS, GRUPPO_ALIAS,
NUMERO_FK ) VALUES ( 
'P_MODELLO', 'PECSDEDI', 2, 'Modello Stampa................', NULL, NULL, 4, 'U', 'S'
, NULL, 'D_SDEDI', NULL, NULL, NULL);

INSERT INTO A_MENU ( APPLICAZIONE, RUOLO, PADRE, FIGLIO, VOCE_MENU, SEQUENZA,
STAMPANTE ) VALUES ( 
'GP4', '*', 1000554, 1013856, 'PECCSR18', 82, NULL); 
INSERT INTO A_MENU ( APPLICAZIONE, RUOLO, PADRE, FIGLIO, VOCE_MENU, SEQUENZA,
STAMPANTE ) VALUES ( 
'GP4', 'AMM', 1000554, 1013856, 'PECCSR18', 82, NULL); 
INSERT INTO A_MENU ( APPLICAZIONE, RUOLO, PADRE, FIGLIO, VOCE_MENU, SEQUENZA,
STAMPANTE ) VALUES ( 
'GP4', 'SVI', 1000554, 1013856, 'PECCSR18', 82, NULL); 
INSERT INTO A_MENU ( APPLICAZIONE, RUOLO, PADRE, FIGLIO, VOCE_MENU, SEQUENZA,
STAMPANTE ) VALUES ( 
'GP4', 'PEC', 1000554, 1013856, 'PECCSR18', 82, NULL); 

INSERT INTO A_MENU ( APPLICAZIONE, RUOLO, PADRE, FIGLIO, VOCE_MENU, SEQUENZA,
STAMPANTE ) VALUES ( 
'GP4', '*', 1000554, 1013857, 'PECCDS22', 83, NULL); 
INSERT INTO A_MENU ( APPLICAZIONE, RUOLO, PADRE, FIGLIO, VOCE_MENU, SEQUENZA,
STAMPANTE ) VALUES ( 
'GP4', 'AMM', 1000554, 1013857, 'PECCDS22', 83, NULL); 
INSERT INTO A_MENU ( APPLICAZIONE, RUOLO, PADRE, FIGLIO, VOCE_MENU, SEQUENZA,
STAMPANTE ) VALUES ( 
'GP4', 'SVI', 1000554, 1013857, 'PECCDS22', 83, NULL); 
INSERT INTO A_MENU ( APPLICAZIONE, RUOLO, PADRE, FIGLIO, VOCE_MENU, SEQUENZA,
STAMPANTE ) VALUES ( 
'GP4', 'PEC', 1000554, 1013857, 'PECCDS22', 83, NULL);

start crp_peccds22.sql
start crp_peccsr18.sql
start crp_chk_dedi.sql