/*==============================================================*/
/* DBMS name:      ORACLE 8 for SI4 (Rev.4-NH)                  */
/* Created on:     30/12/2003 12.07.29                          */
/*==============================================================*/


/*==============================================================*/
/* Tabella ASSICURAZIONI_INAIL                                  */
/* Creazione del nuovo indice su POSIZIONE                      */
/*==============================================================*/

start ver\A1695.sql

/*============================================================================*/
/* Creazione della sequence IMIN_SQ - RETI_SQ - REIN_SQ                       */
/*============================================================================*/

start crq_imin.sql
start crq_rein.sql
start crq_reti.sql

/*============================================================================*/
/* Creazione Tabelle relative all'autoliquidazione                            */
/*============================================================================*/

start crt_alin.sql
start crt_poin.sql
start crt_esin.sql
start crt_alei.sql
start crt_rein.sql
start crt_vori.sql
start crt_resi.sql
start crt_cari.sql


/*============================================================================*/
/* Creazione Package delle tabelle dell'autoliquidazione. Attività 1715       */
/*============================================================================*/

start crp_gp4_alei.sql
start crp_gp4_alin.sql
start crp_gp4_asin.sql
start crp_gp4_cost.sql
start crp_gp4_esin.sql
start crp_gp4_imvo.sql
start crp_gp4_qual.sql
start crp_gp4_vori.sql
start crp_gp4ec.sql

/*============================================================================*/
/* Creazione Viste relative all'autoliquidazione                            */
/*============================================================================*/

start crv_vrei.sql 
-- start crv_viri.sql in seguito alle modifiche quello corretto è il crv_vrei
start crv_trei.sql
start crv_vipm.sql
start crv_vimi.sql
start crv_vipi.sql
start crv_viei.sql
start crv_vpri.sql

/*============================================================================*/
/* Creazione Package relativi all'autoliquidazione. Attività 1715             */
/* PECCREIN - Functions e procedures di calcolo dell'autoliquidazione         */
/* PECCIMCI - Imputazione contabile (contabilità economica) autoliquidazione  */
/*============================================================================*/

start crp_peccrein.sql
start crp_peccimci.sql

/*============================================================================*/
/* creazione di trigger e procedures di integrità referenziale                */
/*============================================================================*/

start ver\A889.sql



/*============================================================================*/
/* Aggiornamento della tabella codici_inail                                   */
/*============================================================================*/

ALTER TABLE CODICI_BILANCIO ADD ( 
  IMPUTAZIONE_MENSILE VARCHAR2(2) DEFAULT 'SI' );



/*==============================================================================*/
/* Modifica alla vista MOVIMENTI_BILANCIO. Nuova vista MOVIMENTI_BILANCIO_INAIL */
/*                                         Attività 890                         */
/*==============================================================================*/

start crv_mobi.sql
start crv_mbii.sql


/*============================================================================*/
/* Ricompiliamo tutto perchè non si sa mai....                                */
/*============================================================================*/

-- exec utilitypackage.compile_all;


/*============================================================================*/
/* Aggiornamento del menù                                                     */
/*============================================================================*/

delete from a_voci_menu where voce_menu in ( 'PECECFAI', 'PECDVORI', 'PECDASIN'
, 'PECDESIN', 'PECRREIN', 'PECAREIN', 'PECEREIN', 'PECEPRIN', 'PECCIMCI'
, 'PECCREIN', 'PECSREIN', 'PECSQUIN', 'PECSICAI');

INSERT INTO A_VOCI_MENU ( VOCE_MENU, AMBIENTE, ACRONIMO, ACRONIMO_AL1, ACRONIMO_AL2, TITOLO,
TITOLO_AL1, TITOLO_AL2, TIPO_VOCE, TIPO, MODULO, STRINGA, IMPORTANZA, GUIDA_O,
PROPRIETA ) VALUES ( 
'PECECFAI', 'P00', 'ECFAI', NULL, NULL, 'Autoliquidazione INAIL', NULL, NULL, 'N'
, 'M', NULL, NULL, 1, NULL, NULL); 
INSERT INTO A_VOCI_MENU ( VOCE_MENU, AMBIENTE, ACRONIMO, ACRONIMO_AL1, ACRONIMO_AL2, TITOLO,
TITOLO_AL1, TITOLO_AL2, TIPO_VOCE, TIPO, MODULO, STRINGA, IMPORTANZA, GUIDA_O,
PROPRIETA ) VALUES ( 
'PECDVORI', 'P00', 'DVORI', NULL, NULL, 'Definizione Voci di Rischio INAIL', NULL
, NULL, 'F', 'F', 'PECDVORI', NULL, 1, NULL, NULL); 
INSERT INTO A_VOCI_MENU ( VOCE_MENU, AMBIENTE, ACRONIMO, ACRONIMO_AL1, ACRONIMO_AL2, TITOLO,
TITOLO_AL1, TITOLO_AL2, TIPO_VOCE, TIPO, MODULO, STRINGA, IMPORTANZA, GUIDA_O,
PROPRIETA ) VALUES ( 
'PECDASIN', 'P00', 'DASIN', NULL, NULL, 'Assicurazioni INAIL', NULL, NULL, 'F', 'F'
, 'PECDASIN', NULL, 1, 'P_ASIN', NULL); 
INSERT INTO A_VOCI_MENU ( VOCE_MENU, AMBIENTE, ACRONIMO, ACRONIMO_AL1, ACRONIMO_AL2, TITOLO,
TITOLO_AL1, TITOLO_AL2, TIPO_VOCE, TIPO, MODULO, STRINGA, IMPORTANZA, GUIDA_O,
PROPRIETA ) VALUES ( 
'PECDESIN', 'P00', 'DESIN', NULL, NULL, 'Esenzioni INAIL', NULL, NULL, 'F', 'F', 'PECDESIN'
, NULL, 1, 'P_DESIN', NULL); 
INSERT INTO A_VOCI_MENU ( VOCE_MENU, AMBIENTE, ACRONIMO, ACRONIMO_AL1, ACRONIMO_AL2, TITOLO,
TITOLO_AL1, TITOLO_AL2, TIPO_VOCE, TIPO, MODULO, STRINGA, IMPORTANZA, GUIDA_O,
PROPRIETA ) VALUES ( 
'PECRREIN', 'P00', 'RREIN', NULL, NULL, 'Ricerca Retribuzioni INAIL', NULL, NULL, 'F'
, 'F', 'PECRREIN', NULL, 1, 'P_REIN', NULL); 
INSERT INTO A_VOCI_MENU ( VOCE_MENU, AMBIENTE, ACRONIMO, ACRONIMO_AL1, ACRONIMO_AL2, TITOLO,
TITOLO_AL1, TITOLO_AL2, TIPO_VOCE, TIPO, MODULO, STRINGA, IMPORTANZA, GUIDA_O,
PROPRIETA ) VALUES ( 
'PECAREIN', 'P00', 'AREIN', NULL, NULL, 'Aggiornamento Retribuzioni INAIL', NULL, NULL
, 'A', 'F', 'PECAREIN', NULL, 1, 'P_AREIN', NULL); 
INSERT INTO A_VOCI_MENU ( VOCE_MENU, AMBIENTE, ACRONIMO, ACRONIMO_AL1, ACRONIMO_AL2, TITOLO,
TITOLO_AL1, TITOLO_AL2, TIPO_VOCE, TIPO, MODULO, STRINGA, IMPORTANZA, GUIDA_O,
PROPRIETA ) VALUES ( 
'PECEREIN', 'P00', 'EREIN', NULL, NULL, 'Elenco Retribuzioni INAIL', NULL, NULL, 'F'
, 'F', 'PECEREIN', NULL, 1, 'P_EREIN', NULL); 
INSERT INTO A_VOCI_MENU ( VOCE_MENU, AMBIENTE, ACRONIMO, ACRONIMO_AL1, ACRONIMO_AL2, TITOLO,
TITOLO_AL1, TITOLO_AL2, TIPO_VOCE, TIPO, MODULO, STRINGA, IMPORTANZA, GUIDA_O,
PROPRIETA ) VALUES ( 
'PECEPRIN', 'P00', 'EPRIN', NULL, NULL, 'Elenco Premi INAIL', NULL, NULL, 'F', 'F'
, 'PECEPRIN', NULL, 1, 'P_EPRIN', NULL); 
INSERT INTO A_VOCI_MENU ( VOCE_MENU, AMBIENTE, ACRONIMO, ACRONIMO_AL1, ACRONIMO_AL2, TITOLO,
TITOLO_AL1, TITOLO_AL2, TIPO_VOCE, TIPO, MODULO, STRINGA, IMPORTANZA, GUIDA_O,
PROPRIETA ) VALUES ( 
'PECCIMCI', 'P00', 'CIMCI', NULL, NULL, 'Imputazione Contabile Autoliquid. INAIL'
, NULL, NULL, 'F', 'D', 'ACAPARPR', NULL, 1, 'P_RIRE_S', NULL); 
INSERT INTO A_VOCI_MENU ( VOCE_MENU, AMBIENTE, ACRONIMO, ACRONIMO_AL1, ACRONIMO_AL2, TITOLO,
TITOLO_AL1, TITOLO_AL2, TIPO_VOCE, TIPO, MODULO, STRINGA, IMPORTANZA, GUIDA_O,
PROPRIETA ) VALUES ( 
'PECCREIN', 'P00', 'CREIN', NULL, NULL, 'Calcolo Imponibile e Premi INAIL', NULL, NULL
, 'F', 'D', 'ACAPARPR', NULL, 1, NULL, NULL); 
INSERT INTO A_VOCI_MENU ( VOCE_MENU, AMBIENTE, ACRONIMO, ACRONIMO_AL1, ACRONIMO_AL2, TITOLO,
TITOLO_AL1, TITOLO_AL2, TIPO_VOCE, TIPO, MODULO, STRINGA, IMPORTANZA, GUIDA_O,
PROPRIETA ) VALUES ( 
'PECSREIN', 'P00', 'SREIN', NULL, NULL, 'Stampa Retribuzioni INAIL Individuali', NULL
, NULL, 'F', 'D', 'ACAPARPR', NULL, 1, NULL, NULL); 
INSERT INTO A_VOCI_MENU ( VOCE_MENU, AMBIENTE, ACRONIMO, ACRONIMO_AL1, ACRONIMO_AL2, TITOLO,
TITOLO_AL1, TITOLO_AL2, TIPO_VOCE, TIPO, MODULO, STRINGA, IMPORTANZA, GUIDA_O,
PROPRIETA ) VALUES ( 
'PECSQUIN', 'P00', 'SQUIN', NULL, NULL, 'Quadratura Retribuzioni INAIL', NULL, NULL
, 'F', 'D', 'ACAPARPR', NULL, 1, NULL, NULL); 
INSERT INTO A_VOCI_MENU ( VOCE_MENU, AMBIENTE, ACRONIMO, ACRONIMO_AL1, ACRONIMO_AL2, TITOLO,
TITOLO_AL1, TITOLO_AL2, TIPO_VOCE, TIPO, MODULO, STRINGA, IMPORTANZA, GUIDA_O,
PROPRIETA ) VALUES ( 
'PECSICAI', 'P00', 'SICAI', NULL, NULL, 'Imputazione Contabile Autoliquidazione', NULL
, NULL, 'F', 'D', 'ACAPARPR', NULL, 1, NULL, NULL); 

delete from a_passi_proc where voce_menu in ( 'PECCIMCI', 'PECCREIN', 'PECSREIN', 'PECSQUIN', 'PECSICAI');

INSERT INTO A_PASSI_PROC ( VOCE_MENU, PASSO, TITOLO, TITOLO_AL1, TITOLO_AL2, TIPO, MODULO, STRINGA,
STAMPA, GRUPPO_LING ) VALUES ( 
'PECCIMCI', 1, 'Caricamento Imputazione Contab.Economica', NULL, NULL, 'F', 'PECCIMCI'
, NULL, NULL, 'N'); 
INSERT INTO A_PASSI_PROC ( VOCE_MENU, PASSO, TITOLO, TITOLO_AL1, TITOLO_AL2, TIPO, MODULO, STRINGA,
STAMPA, GRUPPO_LING ) VALUES ( 
'PECCIMCI', 2, 'Segnalazioni Imputazione Conta.Economica', NULL, NULL, 'R', 'ACARAPPR'
, NULL, 'PECELASE', 'N'); 
INSERT INTO A_PASSI_PROC ( VOCE_MENU, PASSO, TITOLO, TITOLO_AL1, TITOLO_AL2, TIPO, MODULO, STRINGA,
STAMPA, GRUPPO_LING ) VALUES ( 
'PECCIMCI', 3, 'Cancellazione Segnalazioni', NULL, NULL, 'Q', 'ACACANRP', NULL, NULL
, 'N'); 
INSERT INTO A_PASSI_PROC ( VOCE_MENU, PASSO, TITOLO, TITOLO_AL1, TITOLO_AL2, TIPO, MODULO, STRINGA,
STAMPA, GRUPPO_LING ) VALUES ( 
'PECCIMCI', 91, 'Errori di Imputazione Contab.Economica', NULL, NULL, 'R', 'ACARAPPR'
, NULL, 'PECELAER', 'N'); 
INSERT INTO A_PASSI_PROC ( VOCE_MENU, PASSO, TITOLO, TITOLO_AL1, TITOLO_AL2, TIPO, MODULO, STRINGA,
STAMPA, GRUPPO_LING ) VALUES ( 
'PECCIMCI', 92, 'Cancellazione Errori', NULL, NULL, 'Q', 'ACACANRP', NULL, NULL, 'N'); 
INSERT INTO A_PASSI_PROC ( VOCE_MENU, PASSO, TITOLO, TITOLO_AL1, TITOLO_AL2, TIPO, MODULO, STRINGA,
STAMPA, GRUPPO_LING ) VALUES ( 
'PECCREIN', 1, 'Calcolo Imponibile e Premi INAIL', NULL, NULL, 'Q', 'PECCREIN', NULL
, NULL, 'N'); 
INSERT INTO A_PASSI_PROC ( VOCE_MENU, PASSO, TITOLO, TITOLO_AL1, TITOLO_AL2, TIPO, MODULO, STRINGA,
STAMPA, GRUPPO_LING ) VALUES ( 
'PECCREIN', 2, 'Errori in Elaborazione', NULL, NULL, 'R', 'ACARAPPR', NULL, 'ACARAPPR'
, 'N'); 
INSERT INTO A_PASSI_PROC ( VOCE_MENU, PASSO, TITOLO, TITOLO_AL1, TITOLO_AL2, TIPO, MODULO, STRINGA,
STAMPA, GRUPPO_LING ) VALUES ( 
'PECCREIN', 3, 'Cancellazione errori', NULL, NULL, 'Q', 'ACACANRP', NULL, NULL, 'N'); 
INSERT INTO A_PASSI_PROC ( VOCE_MENU, PASSO, TITOLO, TITOLO_AL1, TITOLO_AL2, TIPO, MODULO, STRINGA,
STAMPA, GRUPPO_LING ) VALUES ( 
'PECSREIN', 1, 'Stampa Retribuzioni INAIL Individuali', NULL, NULL, 'R', 'PECSREIN'
, NULL, 'PECSREIN', 'N'); 
INSERT INTO A_PASSI_PROC ( VOCE_MENU, PASSO, TITOLO, TITOLO_AL1, TITOLO_AL2, TIPO, MODULO, STRINGA,
STAMPA, GRUPPO_LING ) VALUES ( 
'PECSQUIN', 1, 'Stampa Quadratura Retribuzioni INAIL', NULL, NULL, 'R', 'PECSQUIN'
, NULL, 'PECSQUIN', 'N'); 
INSERT INTO A_PASSI_PROC ( VOCE_MENU, PASSO, TITOLO, TITOLO_AL1, TITOLO_AL2, TIPO, MODULO, STRINGA,
STAMPA, GRUPPO_LING ) VALUES ( 
'PECSICAI', 1, 'Stampa Autoliquidazione INAIL', NULL, NULL, 'R', 'PECSICAI', NULL
, 'PECSICAI', 'N'); 

delete from a_catalogo_stampe where stampa in ( 'PECSICAI', 'PECSREIN','PECSQUIN') ;

INSERT INTO A_CATALOGO_STAMPE ( STAMPA, TITOLO, TITOLO_AL1, TITOLO_AL2, TIPO_PROPRIETA, TIPO_VISURA,
CLASSE, STAMPA_BLOCCATA, STAMPA_PROTETTA, SEQUENZIALE ) VALUES ( 
'PECSICAI', 'IMPUTAZIONE CONTABILE AUTOLIQUIDAZIONE', NULL, NULL, 'U', 'U', 'PDF'
, 'N', 'N', 'S'); 
INSERT INTO A_CATALOGO_STAMPE ( STAMPA, TITOLO, TITOLO_AL1, TITOLO_AL2, TIPO_PROPRIETA, TIPO_VISURA,
CLASSE, STAMPA_BLOCCATA, STAMPA_PROTETTA, SEQUENZIALE ) VALUES ( 
'PECSREIN', 'Retribuzioni INAIL Individuali', NULL, NULL, 'U', 'U', 'PDF', 'N', 'N'
, 'S'); 
INSERT INTO A_CATALOGO_STAMPE ( STAMPA, TITOLO, TITOLO_AL1, TITOLO_AL2, TIPO_PROPRIETA, TIPO_VISURA,
CLASSE, STAMPA_BLOCCATA, STAMPA_PROTETTA, SEQUENZIALE ) VALUES ( 
'PECSQUIN', 'Stampa Quadratura Retribuzioni INAIL', NULL, NULL, 'U', 'U', 'PDF', 'N'
, 'N', 'S'); 

delete from a_selezioni where voce_menu in ( 'PECCIMCI', 'PECCREIN', 'PECSREIN', 'PECSQUIN', 'PECSICAI');

INSERT INTO A_SELEZIONI ( PARAMETRO, VOCE_MENU, SEQUENZA, DESCRIZIONE, DESCRIZIONE_AL1,
DESCRIZIONE_AL2, LUNGHEZZA, FORMATO, OBBLIGO, VALORE_DEFAULT, DOMINIO, ALIAS, GRUPPO_ALIAS,
NUMERO_FK ) VALUES ( 
'P_ANNO', 'PECCIMCI', 1, 'Elaborazione:      Anno', NULL, NULL, 4, 'N', 'N', NULL
, NULL, 'RIRE', 1, 1); 
INSERT INTO A_SELEZIONI ( PARAMETRO, VOCE_MENU, SEQUENZA, DESCRIZIONE, DESCRIZIONE_AL1,
DESCRIZIONE_AL2, LUNGHEZZA, FORMATO, OBBLIGO, VALORE_DEFAULT, DOMINIO, ALIAS, GRUPPO_ALIAS,
NUMERO_FK ) VALUES ( 
'P_DATA', 'PECCIMCI', 4, '      Data Registrazione', NULL, NULL, 10, 'D', 'N', NULL
, NULL, NULL, NULL, NULL); 
INSERT INTO A_SELEZIONI ( PARAMETRO, VOCE_MENU, SEQUENZA, DESCRIZIONE, DESCRIZIONE_AL1,
DESCRIZIONE_AL2, LUNGHEZZA, FORMATO, OBBLIGO, VALORE_DEFAULT, DOMINIO, ALIAS, GRUPPO_ALIAS,
NUMERO_FK ) VALUES ( 
'P_DELETE', 'PECCIMCI', 5, '            Elimina Sempre', NULL, NULL, 1, 'U', 'N', NULL
, 'P_X', NULL, NULL, NULL); 
INSERT INTO A_SELEZIONI ( PARAMETRO, VOCE_MENU, SEQUENZA, DESCRIZIONE, DESCRIZIONE_AL1,
DESCRIZIONE_AL2, LUNGHEZZA, FORMATO, OBBLIGO, VALORE_DEFAULT, DOMINIO, ALIAS, GRUPPO_ALIAS,
NUMERO_FK ) VALUES ( 
'P_DIVISIONE', 'PECCIMCI', 3, '                      Gestione', NULL, NULL, 4, 'U'
, 'N', '%', NULL, NULL, NULL, NULL); 
INSERT INTO A_SELEZIONI ( PARAMETRO, VOCE_MENU, SEQUENZA, DESCRIZIONE, DESCRIZIONE_AL1,
DESCRIZIONE_AL2, LUNGHEZZA, FORMATO, OBBLIGO, VALORE_DEFAULT, DOMINIO, ALIAS, GRUPPO_ALIAS,
NUMERO_FK ) VALUES ( 
'P_ANNO', 'PECCREIN', 1, 'Anno', NULL, NULL, 4, 'N', 'N', NULL, NULL, NULL, NULL, NULL); 
INSERT INTO A_SELEZIONI ( PARAMETRO, VOCE_MENU, SEQUENZA, DESCRIZIONE, DESCRIZIONE_AL1,
DESCRIZIONE_AL2, LUNGHEZZA, FORMATO, OBBLIGO, VALORE_DEFAULT, DOMINIO, ALIAS, GRUPPO_ALIAS,
NUMERO_FK ) VALUES ( 
'P_CI', 'PECCREIN', 4, 'Cod.Ind.', NULL, NULL, 8, 'C', 'N', NULL, NULL, NULL, NULL
, NULL); 
INSERT INTO A_SELEZIONI ( PARAMETRO, VOCE_MENU, SEQUENZA, DESCRIZIONE, DESCRIZIONE_AL1,
DESCRIZIONE_AL2, LUNGHEZZA, FORMATO, OBBLIGO, VALORE_DEFAULT, DOMINIO, ALIAS, GRUPPO_ALIAS,
NUMERO_FK ) VALUES ( 
'P_TIPO', 'PECCREIN', 2, 'Tipo di calcolo', NULL, NULL, 1, 'U', 'N', 'C', 'CREIN_TIPO'
, NULL, NULL, NULL); 
INSERT INTO A_SELEZIONI ( PARAMETRO, VOCE_MENU, SEQUENZA, DESCRIZIONE, DESCRIZIONE_AL1,
DESCRIZIONE_AL2, LUNGHEZZA, FORMATO, OBBLIGO, VALORE_DEFAULT, DOMINIO, ALIAS, GRUPPO_ALIAS,
NUMERO_FK ) VALUES ( 
'P_TIPO_ELAB', 'PECCREIN', 3, 'Tipo di elaborazione', NULL, NULL, 1, 'U', 'N', 'P'
, 'CREIN_TIPO_ELAB', NULL, NULL, NULL);
INSERT INTO A_SELEZIONI ( PARAMETRO, VOCE_MENU, SEQUENZA, DESCRIZIONE, DESCRIZIONE_AL1,
DESCRIZIONE_AL2, LUNGHEZZA, FORMATO, OBBLIGO, VALORE_DEFAULT, DOMINIO, ALIAS, GRUPPO_ALIAS,
NUMERO_FK ) VALUES ( 
'P_ANNO', 'PECSREIN', 1, 'Anno', NULL, NULL, 4, 'N', 'N', NULL, NULL, NULL, NULL, NULL); 
INSERT INTO A_SELEZIONI ( PARAMETRO, VOCE_MENU, SEQUENZA, DESCRIZIONE, DESCRIZIONE_AL1,
DESCRIZIONE_AL2, LUNGHEZZA, FORMATO, OBBLIGO, VALORE_DEFAULT, DOMINIO, ALIAS, GRUPPO_ALIAS,
NUMERO_FK ) VALUES ( 
'P_GESTIONE', 'PECSREIN', 2, 'Gestione', NULL, NULL, 8, 'U', 'N', '%', NULL, NULL
, NULL, NULL); 
INSERT INTO A_SELEZIONI ( PARAMETRO, VOCE_MENU, SEQUENZA, DESCRIZIONE, DESCRIZIONE_AL1,
DESCRIZIONE_AL2, LUNGHEZZA, FORMATO, OBBLIGO, VALORE_DEFAULT, DOMINIO, ALIAS, GRUPPO_ALIAS,
NUMERO_FK ) VALUES ( 
'P_ANNO', 'PECSQUIN', 2, 'Anno', NULL, NULL, 4, 'N', 'N', NULL, NULL, NULL, NULL, NULL); 
INSERT INTO A_SELEZIONI ( PARAMETRO, VOCE_MENU, SEQUENZA, DESCRIZIONE, DESCRIZIONE_AL1,
DESCRIZIONE_AL2, LUNGHEZZA, FORMATO, OBBLIGO, VALORE_DEFAULT, DOMINIO, ALIAS, GRUPPO_ALIAS,
NUMERO_FK ) VALUES ( 
'P_FILTRO_1', 'PECSQUIN', 3, 'Raggruppamento : 1)', NULL, NULL, 15, 'U', 'N', '%'
, NULL, NULL, NULL, NULL); 
INSERT INTO A_SELEZIONI ( PARAMETRO, VOCE_MENU, SEQUENZA, DESCRIZIONE, DESCRIZIONE_AL1,
DESCRIZIONE_AL2, LUNGHEZZA, FORMATO, OBBLIGO, VALORE_DEFAULT, DOMINIO, ALIAS, GRUPPO_ALIAS,
NUMERO_FK ) VALUES ( 
'P_FILTRO_2', 'PECSQUIN', 4, '2)', NULL, NULL, 15, 'U', 'N', '%', NULL, NULL, NULL
, NULL); 
INSERT INTO A_SELEZIONI ( PARAMETRO, VOCE_MENU, SEQUENZA, DESCRIZIONE, DESCRIZIONE_AL1,
DESCRIZIONE_AL2, LUNGHEZZA, FORMATO, OBBLIGO, VALORE_DEFAULT, DOMINIO, ALIAS, GRUPPO_ALIAS,
NUMERO_FK ) VALUES ( 
'P_FILTRO_3', 'PECSQUIN', 5, '3)', NULL, NULL, 15, 'U', 'N', '%', NULL, NULL, NULL
, NULL); 
INSERT INTO A_SELEZIONI ( PARAMETRO, VOCE_MENU, SEQUENZA, DESCRIZIONE, DESCRIZIONE_AL1,
DESCRIZIONE_AL2, LUNGHEZZA, FORMATO, OBBLIGO, VALORE_DEFAULT, DOMINIO, ALIAS, GRUPPO_ALIAS,
NUMERO_FK ) VALUES ( 
'P_FILTRO_4', 'PECSQUIN', 6, '4)', NULL, NULL, 15, 'U', 'N', '%', NULL, NULL, NULL
, NULL); 
INSERT INTO A_SELEZIONI ( PARAMETRO, VOCE_MENU, SEQUENZA, DESCRIZIONE, DESCRIZIONE_AL1,
DESCRIZIONE_AL2, LUNGHEZZA, FORMATO, OBBLIGO, VALORE_DEFAULT, DOMINIO, ALIAS, GRUPPO_ALIAS,
NUMERO_FK ) VALUES ( 
'P_GESTIONE', 'PECSQUIN', 1, 'Gestione', NULL, NULL, 8, 'U', 'N', '%', NULL, NULL
, NULL, NULL); 
INSERT INTO A_SELEZIONI ( PARAMETRO, VOCE_MENU, SEQUENZA, DESCRIZIONE, DESCRIZIONE_AL1,
DESCRIZIONE_AL2, LUNGHEZZA, FORMATO, OBBLIGO, VALORE_DEFAULT, DOMINIO, ALIAS, GRUPPO_ALIAS,
NUMERO_FK ) VALUES ( 
'P_NOMINATIVO', 'PECSQUIN', 7, 'Dettaglio Nominativo', NULL, NULL, 1, 'U', 'N', 'X'
, NULL, NULL, NULL, NULL); 
INSERT INTO A_SELEZIONI ( PARAMETRO, VOCE_MENU, SEQUENZA, DESCRIZIONE, DESCRIZIONE_AL1,
DESCRIZIONE_AL2, LUNGHEZZA, FORMATO, OBBLIGO, VALORE_DEFAULT, DOMINIO, ALIAS, GRUPPO_ALIAS,
NUMERO_FK ) VALUES ( 
'P_ANNO', 'PECSICAI', 1, 'Anno di Liquidazione', NULL, NULL, 4, 'N', 'N', NULL, NULL
, NULL, NULL, NULL); 
INSERT INTO A_SELEZIONI ( PARAMETRO, VOCE_MENU, SEQUENZA, DESCRIZIONE, DESCRIZIONE_AL1,
DESCRIZIONE_AL2, LUNGHEZZA, FORMATO, OBBLIGO, VALORE_DEFAULT, DOMINIO, ALIAS, GRUPPO_ALIAS,
NUMERO_FK ) VALUES ( 
'P_FUNZIONALE', 'PECSICAI', 4, 'Raggruppamento per Funzionale', NULL, NULL, 1, 'U'
, 'N', 'X', NULL, NULL, NULL, NULL); 
INSERT INTO A_SELEZIONI ( PARAMETRO, VOCE_MENU, SEQUENZA, DESCRIZIONE, DESCRIZIONE_AL1,
DESCRIZIONE_AL2, LUNGHEZZA, FORMATO, OBBLIGO, VALORE_DEFAULT, DOMINIO, ALIAS, GRUPPO_ALIAS,
NUMERO_FK ) VALUES ( 
'P_GESTIONE', 'PECSICAI', 2, 'Gestione', NULL, NULL, 8, 'U', 'S', '%', NULL, NULL
, NULL, NULL); 
INSERT INTO A_SELEZIONI ( PARAMETRO, VOCE_MENU, SEQUENZA, DESCRIZIONE, DESCRIZIONE_AL1,
DESCRIZIONE_AL2, LUNGHEZZA, FORMATO, OBBLIGO, VALORE_DEFAULT, DOMINIO, ALIAS, GRUPPO_ALIAS,
NUMERO_FK ) VALUES ( 
'P_RUOLO', 'PECSICAI', 3, 'Raggruppamento per Ruolo', NULL, NULL, 1, 'U', 'N', 'X'
, NULL, NULL, NULL, NULL); 

delete from a_domini_selezioni where dominio in ( 'CREIN_TIPO', 'CREIN_TIPO_ELAB'); 

INSERT INTO A_DOMINI_SELEZIONI ( DOMINIO, VALORE_LOW, VALORE_HIGH, DESCRIZIONE, DESCRIZIONE_AL1,
DESCRIZIONE_AL2 ) VALUES ( 
'CREIN_TIPO', 'C', NULL, 'Consuntivo', NULL, NULL); 
INSERT INTO A_DOMINI_SELEZIONI ( DOMINIO, VALORE_LOW, VALORE_HIGH, DESCRIZIONE, DESCRIZIONE_AL1,
DESCRIZIONE_AL2 ) VALUES ( 
'CREIN_TIPO', 'P', NULL, 'Preventivo', NULL, NULL); 
INSERT INTO A_DOMINI_SELEZIONI ( DOMINIO, VALORE_LOW, VALORE_HIGH, DESCRIZIONE, DESCRIZIONE_AL1,
DESCRIZIONE_AL2 ) VALUES ( 
'CREIN_TIPO_ELAB', 'I', NULL, 'Non altera gli Inseriti', NULL, NULL); 
INSERT INTO A_DOMINI_SELEZIONI ( DOMINIO, VALORE_LOW, VALORE_HIGH, DESCRIZIONE, DESCRIZIONE_AL1,
DESCRIZIONE_AL2 ) VALUES ( 
'CREIN_TIPO_ELAB', 'P', NULL, 'Parziale', NULL, NULL); 
INSERT INTO A_DOMINI_SELEZIONI ( DOMINIO, VALORE_LOW, VALORE_HIGH, DESCRIZIONE, DESCRIZIONE_AL1,
DESCRIZIONE_AL2 ) VALUES ( 
'CREIN_TIPO_ELAB', 'T', NULL, 'Totale', NULL, NULL); 
INSERT INTO A_DOMINI_SELEZIONI ( DOMINIO, VALORE_LOW, VALORE_HIGH, DESCRIZIONE, DESCRIZIONE_AL1,
DESCRIZIONE_AL2 ) VALUES ( 
'CREIN_TIPO_ELAB', 'V', NULL, 'Non altera i Variati', NULL, NULL); 

delete from a_menu where voce_menu in ( 'PECECFAI', 'PECDVORI', 'PECDASIN', 'PECDESIN'
, 'PECRREIN', 'PECAREIN', 'PECEREIN', 'PECSICAI', 'PECEPRIN', 'PECCIMCI', 'PECCREIN'
, 'PECSREIN', 'PECSQUIN') and ruolo in ('AMM','*','PEC');

INSERT INTO A_MENU ( APPLICAZIONE, RUOLO, PADRE, FIGLIO, VOCE_MENU, SEQUENZA,
STAMPANTE ) VALUES ( 
'GP4', '*', 1000556, 1013640, 'PECECFAI', 9, NULL); 
INSERT INTO A_MENU ( APPLICAZIONE, RUOLO, PADRE, FIGLIO, VOCE_MENU, SEQUENZA,
STAMPANTE ) VALUES ( 
'GP4', 'PEC', 1000556, 1013640, 'PECECFAI', 9, NULL); 
INSERT INTO A_MENU ( APPLICAZIONE, RUOLO, PADRE, FIGLIO, VOCE_MENU, SEQUENZA,
STAMPANTE ) VALUES ( 
'GP4', 'AMM', 1000556, 1013640, 'PECECFAI', 9, NULL); 

INSERT INTO A_MENU ( APPLICAZIONE, RUOLO, PADRE, FIGLIO, VOCE_MENU, SEQUENZA,
STAMPANTE ) VALUES ( 
'GP4', '*', 1013640, 1013642, 'PECDVORI', 1, NULL); 
INSERT INTO A_MENU ( APPLICAZIONE, RUOLO, PADRE, FIGLIO, VOCE_MENU, SEQUENZA,
STAMPANTE ) VALUES ( 
'GP4', 'PEC', 1013640, 1013642, 'PECDVORI', 1, NULL); 
INSERT INTO A_MENU ( APPLICAZIONE, RUOLO, PADRE, FIGLIO, VOCE_MENU, SEQUENZA,
STAMPANTE ) VALUES ( 
'GP4', 'AMM', 1013640, 1013642, 'PECDVORI', 1, NULL); 

INSERT INTO A_MENU ( APPLICAZIONE, RUOLO, PADRE, FIGLIO, VOCE_MENU, SEQUENZA,
STAMPANTE ) VALUES ( 
'GP4', '*', 1013640, 1013643, 'PECDASIN', 2, NULL); 
INSERT INTO A_MENU ( APPLICAZIONE, RUOLO, PADRE, FIGLIO, VOCE_MENU, SEQUENZA,
STAMPANTE ) VALUES ( 
'GP4', 'PEC', 1013640, 1013643, 'PECDASIN', 2, NULL); 
INSERT INTO A_MENU ( APPLICAZIONE, RUOLO, PADRE, FIGLIO, VOCE_MENU, SEQUENZA,
STAMPANTE ) VALUES ( 
'GP4', 'AMM', 1013640, 1013643, 'PECDASIN', 2, NULL);
 
INSERT INTO A_MENU ( APPLICAZIONE, RUOLO, PADRE, FIGLIO, VOCE_MENU, SEQUENZA,
STAMPANTE ) VALUES ( 
'GP4', '*', 1013640, 1013644, 'PECDESIN', 3, NULL); 
INSERT INTO A_MENU ( APPLICAZIONE, RUOLO, PADRE, FIGLIO, VOCE_MENU, SEQUENZA,
STAMPANTE ) VALUES ( 
'GP4', 'PEC', 1013640, 1013644, 'PECDESIN', 3, NULL); 
INSERT INTO A_MENU ( APPLICAZIONE, RUOLO, PADRE, FIGLIO, VOCE_MENU, SEQUENZA,
STAMPANTE ) VALUES ( 
'GP4', 'AMM', 1013640, 1013644, 'PECDESIN', 3, NULL); 

INSERT INTO A_MENU ( APPLICAZIONE, RUOLO, PADRE, FIGLIO, VOCE_MENU, SEQUENZA,
STAMPANTE ) VALUES ( 
'GP4', '*', 1013640, 1013646, 'PECRREIN', 4, NULL); 
INSERT INTO A_MENU ( APPLICAZIONE, RUOLO, PADRE, FIGLIO, VOCE_MENU, SEQUENZA,
STAMPANTE ) VALUES ( 
'GP4', 'AMM', 1013640, 1013646, 'PECRREIN', 4, NULL); 
INSERT INTO A_MENU ( APPLICAZIONE, RUOLO, PADRE, FIGLIO, VOCE_MENU, SEQUENZA,
STAMPANTE ) VALUES ( 
'GP4', 'PEC', 1013640, 1013646, 'PECRREIN', 4, NULL); 

INSERT INTO A_MENU ( APPLICAZIONE, RUOLO, PADRE, FIGLIO, VOCE_MENU, SEQUENZA,
STAMPANTE ) VALUES ( 
'GP4', '*', 1013640, 1013647, 'PECAREIN', 5, NULL); 
INSERT INTO A_MENU ( APPLICAZIONE, RUOLO, PADRE, FIGLIO, VOCE_MENU, SEQUENZA,
STAMPANTE ) VALUES ( 
'GP4', 'PEC', 1013640, 1013647, 'PECAREIN', 5, NULL); 
INSERT INTO A_MENU ( APPLICAZIONE, RUOLO, PADRE, FIGLIO, VOCE_MENU, SEQUENZA,
STAMPANTE ) VALUES ( 
'GP4', 'AMM', 1013640, 1013647, 'PECAREIN', 5, NULL); 

INSERT INTO A_MENU ( APPLICAZIONE, RUOLO, PADRE, FIGLIO, VOCE_MENU, SEQUENZA,
STAMPANTE ) VALUES ( 
'GP4', '*', 1013640, 1013648, 'PECEREIN', 6, NULL); 
INSERT INTO A_MENU ( APPLICAZIONE, RUOLO, PADRE, FIGLIO, VOCE_MENU, SEQUENZA,
STAMPANTE ) VALUES ( 
'GP4', 'AMM', 1013640, 1013648, 'PECEREIN', 6, NULL); 
INSERT INTO A_MENU ( APPLICAZIONE, RUOLO, PADRE, FIGLIO, VOCE_MENU, SEQUENZA,
STAMPANTE ) VALUES ( 
'GP4', 'PEC', 1013640, 1013648, 'PECEREIN', 6, NULL); 

INSERT INTO A_MENU ( APPLICAZIONE, RUOLO, PADRE, FIGLIO, VOCE_MENU, SEQUENZA,
STAMPANTE ) VALUES ( 
'GP4', '*', 1013640, 1013654, 'PECSICAI', 10, NULL); 
INSERT INTO A_MENU ( APPLICAZIONE, RUOLO, PADRE, FIGLIO, VOCE_MENU, SEQUENZA,
STAMPANTE ) VALUES ( 
'GP4', 'AMM', 1013640, 1013654, 'PECSICAI', 10, NULL); 
INSERT INTO A_MENU ( APPLICAZIONE, RUOLO, PADRE, FIGLIO, VOCE_MENU, SEQUENZA,
STAMPANTE ) VALUES ( 
'GP4', 'PEC', 1013640, 1013654, 'PECSICAI', 10, NULL); 

INSERT INTO A_MENU ( APPLICAZIONE, RUOLO, PADRE, FIGLIO, VOCE_MENU, SEQUENZA,
STAMPANTE ) VALUES ( 
'GP4', '*', 1013640, 1013649, 'PECEPRIN', 7, NULL); 
INSERT INTO A_MENU ( APPLICAZIONE, RUOLO, PADRE, FIGLIO, VOCE_MENU, SEQUENZA,
STAMPANTE ) VALUES ( 
'GP4', 'PEC', 1013640, 1013649, 'PECEPRIN', 7, NULL); 
INSERT INTO A_MENU ( APPLICAZIONE, RUOLO, PADRE, FIGLIO, VOCE_MENU, SEQUENZA,
STAMPANTE ) VALUES ( 
'GP4', 'AMM', 1013640, 1013649, 'PECEPRIN', 7, NULL); 

INSERT INTO A_MENU ( APPLICAZIONE, RUOLO, PADRE, FIGLIO, VOCE_MENU, SEQUENZA,
STAMPANTE ) VALUES ( 
'GP4', '*', 1013640, 1013650, 'PECCIMCI', 20, NULL); 
INSERT INTO A_MENU ( APPLICAZIONE, RUOLO, PADRE, FIGLIO, VOCE_MENU, SEQUENZA,
STAMPANTE ) VALUES ( 
'GP4', 'PEC',1013640, 1013650, 'PECCIMCI', 20, NULL); 
INSERT INTO A_MENU ( APPLICAZIONE, RUOLO, PADRE, FIGLIO, VOCE_MENU, SEQUENZA,
STAMPANTE ) VALUES ( 
'GP4', 'AMM', 1013640, 1013650, 'PECCIMCI', 20, NULL); 

INSERT INTO A_MENU ( APPLICAZIONE, RUOLO, PADRE, FIGLIO, VOCE_MENU, SEQUENZA,
STAMPANTE ) VALUES ( 
'GP4', '*', 1013640, 1013651, 'PECCREIN', 8, NULL); 
INSERT INTO A_MENU ( APPLICAZIONE, RUOLO, PADRE, FIGLIO, VOCE_MENU, SEQUENZA,
STAMPANTE ) VALUES ( 
'GP4', 'AMM', 1013640, 1013651, 'PECCREIN', 8, NULL); 
INSERT INTO A_MENU ( APPLICAZIONE, RUOLO, PADRE, FIGLIO, VOCE_MENU, SEQUENZA,
STAMPANTE ) VALUES ( 
'GP4', 'PEC', 1013640, 1013651, 'PECCREIN', 8, NULL); 

INSERT INTO A_MENU ( APPLICAZIONE, RUOLO, PADRE, FIGLIO, VOCE_MENU, SEQUENZA,
STAMPANTE ) VALUES ( 
'GP4', '*', 1013640, 1013652, 'PECSREIN', 9, NULL); 
INSERT INTO A_MENU ( APPLICAZIONE, RUOLO, PADRE, FIGLIO, VOCE_MENU, SEQUENZA,
STAMPANTE ) VALUES ( 
'GP4', 'AMM', 1013640, 1013652, 'PECSREIN', 9, NULL); 
INSERT INTO A_MENU ( APPLICAZIONE, RUOLO, PADRE, FIGLIO, VOCE_MENU, SEQUENZA,
STAMPANTE ) VALUES ( 
'GP4', 'PEC', 1013640, 1013652, 'PECSREIN', 9, NULL); 

INSERT INTO A_MENU ( APPLICAZIONE, RUOLO, PADRE, FIGLIO, VOCE_MENU, SEQUENZA,
STAMPANTE ) VALUES ( 
'GP4', '*', 1013640, 1013653, 'PECSQUIN', 10, NULL); 
INSERT INTO A_MENU ( APPLICAZIONE, RUOLO, PADRE, FIGLIO, VOCE_MENU, SEQUENZA,
STAMPANTE ) VALUES ( 
'GP4', 'AMM', 1013640, 1013653, 'PECSQUIN', 10, NULL); 
INSERT INTO A_MENU ( APPLICAZIONE, RUOLO, PADRE, FIGLIO, VOCE_MENU, SEQUENZA,
STAMPANTE ) VALUES ( 
'GP4', 'PEC', 1013640, 1013653, 'PECSQUIN', 10, NULL); 

delete from a_guide_o where guida_o in ( 'P_RIRE_S', 'P_DESIN', 'P_EPRIN', 'P_ASIN', 'P_REIN'
, 'P_AREIN', 'P_EREIN');
delete from a_guide_v where guida_v in ('P_VOCO');

INSERT INTO A_GUIDE_O ( GUIDA_O, SEQUENZA, ALIAS, LETTERA, LETTERA_AL1, LETTERA_AL2, TITOLO,
TITOLO_AL1, TITOLO_AL2, GUIDA_V, VOCE_MENU, VOCE_RIF, PROPRIETA, TITOLO_ESTESO, TITOLO_ESTESO_AL1,
TITOLO_ESTESO_AL2 ) VALUES ( 
'P_RIRE_S', 1, 'PREN', 'P', NULL, NULL, 'Prenot.', NULL, NULL, NULL, 'ACAEPRPA', '*'
, NULL, NULL, NULL, NULL); 
INSERT INTO A_GUIDE_O ( GUIDA_O, SEQUENZA, ALIAS, LETTERA, LETTERA_AL1, LETTERA_AL2, TITOLO,
TITOLO_AL1, TITOLO_AL2, GUIDA_V, VOCE_MENU, VOCE_RIF, PROPRIETA, TITOLO_ESTESO, TITOLO_ESTESO_AL1,
TITOLO_ESTESO_AL2 ) VALUES ( 
'P_RIRE_S', 2, 'RIRE', 'M', NULL, NULL, 'Mese', NULL, NULL, NULL, 'PECRMERE', NULL
, NULL, NULL, NULL, NULL); 
INSERT INTO A_GUIDE_O ( GUIDA_O, SEQUENZA, ALIAS, LETTERA, LETTERA_AL1, LETTERA_AL2, TITOLO,
TITOLO_AL1, TITOLO_AL2, GUIDA_V, VOCE_MENU, VOCE_RIF, PROPRIETA, TITOLO_ESTESO, TITOLO_ESTESO_AL1,
TITOLO_ESTESO_AL2 ) VALUES ( 
'P_RIRE_S', 3, 'RECE', 'G', NULL, NULL, 'raGgrupp.', NULL, NULL, NULL, 'PECERECE'
, NULL, NULL, NULL, NULL, NULL); 

INSERT INTO A_GUIDE_O ( GUIDA_O, SEQUENZA, ALIAS, LETTERA, LETTERA_AL1, LETTERA_AL2, TITOLO,
TITOLO_AL1, TITOLO_AL2, GUIDA_V, VOCE_MENU, VOCE_RIF, PROPRIETA, TITOLO_ESTESO, TITOLO_ESTESO_AL1,
TITOLO_ESTESO_AL2 ) VALUES ( 
'P_DESIN', 1, 'TRPR', 'T', NULL, NULL, 'Trattam.', NULL, NULL, NULL, 'PECDTRPR', NULL
, NULL, NULL, NULL, NULL); 
INSERT INTO A_GUIDE_O ( GUIDA_O, SEQUENZA, ALIAS, LETTERA, LETTERA_AL1, LETTERA_AL2, TITOLO,
TITOLO_AL1, TITOLO_AL2, GUIDA_V, VOCE_MENU, VOCE_RIF, PROPRIETA, TITOLO_ESTESO, TITOLO_ESTESO_AL1,
TITOLO_ESTESO_AL2 ) VALUES ( 
'P_DESIN', 2, 'POSI', 'P', NULL, NULL, 'Posizione', NULL, NULL, NULL, 'PGMDPOSI', NULL
, NULL, NULL, NULL, NULL); 

INSERT INTO A_GUIDE_O ( GUIDA_O, SEQUENZA, ALIAS, LETTERA, LETTERA_AL1, LETTERA_AL2, TITOLO,
TITOLO_AL1, TITOLO_AL2, GUIDA_V, VOCE_MENU, VOCE_RIF, PROPRIETA, TITOLO_ESTESO, TITOLO_ESTESO_AL1,
TITOLO_ESTESO_AL2 ) VALUES ( 
'P_EPRIN', 1, 'GEST', 'G', NULL, NULL, 'Gestioni', NULL, NULL, NULL, 'PGMEGEST', NULL
, NULL, NULL, NULL, NULL); 
INSERT INTO A_GUIDE_O ( GUIDA_O, SEQUENZA, ALIAS, LETTERA, LETTERA_AL1, LETTERA_AL2, TITOLO,
TITOLO_AL1, TITOLO_AL2, GUIDA_V, VOCE_MENU, VOCE_RIF, PROPRIETA, TITOLO_ESTESO, TITOLO_ESTESO_AL1,
TITOLO_ESTESO_AL2 ) VALUES ( 
'P_EPRIN', 2, 'ASIN', 'P', NULL, NULL, 'Posizioni', NULL, NULL, NULL, 'PECDASIN', NULL
, NULL, NULL, NULL, NULL); 

INSERT INTO A_GUIDE_O ( GUIDA_O, SEQUENZA, ALIAS, LETTERA, LETTERA_AL1, LETTERA_AL2, TITOLO,
TITOLO_AL1, TITOLO_AL2, GUIDA_V, VOCE_MENU, VOCE_RIF, PROPRIETA, TITOLO_ESTESO, TITOLO_ESTESO_AL1,
TITOLO_ESTESO_AL2 ) VALUES ( 
'P_ASIN', 1, 'VOCO', 'V', NULL, NULL, 'Voci', NULL, NULL, 'P_VOCO', NULL, NULL, NULL
, NULL, NULL, NULL); 
INSERT INTO A_GUIDE_O ( GUIDA_O, SEQUENZA, ALIAS, LETTERA, LETTERA_AL1, LETTERA_AL2, TITOLO,
TITOLO_AL1, TITOLO_AL2, GUIDA_V, VOCE_MENU, VOCE_RIF, PROPRIETA, TITOLO_ESTESO, TITOLO_ESTESO_AL1,
TITOLO_ESTESO_AL2 ) VALUES ( 
'P_ASIN', 2, 'SEIN', 'S', NULL, NULL, 'Sed.Inail', NULL, NULL, NULL, 'PECDSEIN', 'PECDSEIN'
, NULL, NULL, NULL, NULL);

INSERT INTO A_GUIDE_V ( GUIDA_V, SEQUENZA, ALIAS, LETTERA, LETTERA_AL1, LETTERA_AL2, TITOLO,
TITOLO_AL1, TITOLO_AL2, VOCE_MENU, VOCE_RIF, PROPRIETA ) VALUES ( 
'P_VOCO', 1, NULL, 'C', NULL, NULL, 'Contabilizzazione', NULL, NULL, 'PECECOVO', NULL
, NULL); 
INSERT INTO A_GUIDE_V ( GUIDA_V, SEQUENZA, ALIAS, LETTERA, LETTERA_AL1, LETTERA_AL2, TITOLO,
TITOLO_AL1, TITOLO_AL2, VOCE_MENU, VOCE_RIF, PROPRIETA ) VALUES ( 
'P_VOCO', 2, NULL, 'V', NULL, NULL, 'Voci contabili', NULL, NULL, 'PECEVOCO', NULL
, NULL); 
INSERT INTO A_GUIDE_V ( GUIDA_V, SEQUENZA, ALIAS, LETTERA, LETTERA_AL1, LETTERA_AL2, TITOLO,
TITOLO_AL1, TITOLO_AL2, VOCE_MENU, VOCE_RIF, PROPRIETA ) VALUES ( 
'P_VOCO', 3, NULL, 'E', NULL, NULL, 'voci Economiche', NULL, NULL, 'PECEVOEC', NULL
, NULL); 
INSERT INTO A_GUIDE_V ( GUIDA_V, SEQUENZA, ALIAS, LETTERA, LETTERA_AL1, LETTERA_AL2, TITOLO,
TITOLO_AL1, TITOLO_AL2, VOCE_MENU, VOCE_RIF, PROPRIETA ) VALUES ( 
'P_VOCO', 4, NULL, 'D', NULL, NULL, 'Definizione', NULL, NULL, 'PECDVOEC', NULL, NULL); 

INSERT INTO A_GUIDE_O ( GUIDA_O, SEQUENZA, ALIAS, LETTERA, LETTERA_AL1, LETTERA_AL2, TITOLO,
TITOLO_AL1, TITOLO_AL2, GUIDA_V, VOCE_MENU, VOCE_RIF, PROPRIETA, TITOLO_ESTESO, TITOLO_ESTESO_AL1,
TITOLO_ESTESO_AL2 ) VALUES ( 
'P_REIN', 1, 'REIN', 'R', NULL, NULL, 'Rettifica', NULL, NULL, NULL, 'PECAREIN', NULL
, NULL, NULL, NULL, NULL); 
INSERT INTO A_GUIDE_O ( GUIDA_O, SEQUENZA, ALIAS, LETTERA, LETTERA_AL1, LETTERA_AL2, TITOLO,
TITOLO_AL1, TITOLO_AL2, GUIDA_V, VOCE_MENU, VOCE_RIF, PROPRIETA, TITOLO_ESTESO, TITOLO_ESTESO_AL1,
TITOLO_ESTESO_AL2 ) VALUES ( 
'P_REIN', 2, 'REIN', 'G', NULL, NULL, 'Gestioni', NULL, NULL, NULL, 'PGMEGEST', NULL
, NULL, NULL, NULL, NULL); 
INSERT INTO A_GUIDE_O ( GUIDA_O, SEQUENZA, ALIAS, LETTERA, LETTERA_AL1, LETTERA_AL2, TITOLO,
TITOLO_AL1, TITOLO_AL2, GUIDA_V, VOCE_MENU, VOCE_RIF, PROPRIETA, TITOLO_ESTESO, TITOLO_ESTESO_AL1,
TITOLO_ESTESO_AL2 ) VALUES ( 
'P_REIN', 3, 'REIN', 'C', NULL, NULL, 'Cdc', NULL, NULL, NULL, 'PGMDCECO', NULL, NULL
, NULL, NULL, NULL); 
INSERT INTO A_GUIDE_O ( GUIDA_O, SEQUENZA, ALIAS, LETTERA, LETTERA_AL1, LETTERA_AL2, TITOLO,
TITOLO_AL1, TITOLO_AL2, GUIDA_V, VOCE_MENU, VOCE_RIF, PROPRIETA, TITOLO_ESTESO, TITOLO_ESTESO_AL1,
TITOLO_ESTESO_AL2 ) VALUES ( 
'P_REIN', 4, 'REIN', 'E', NULL, NULL, 'Esenzione', NULL, NULL, NULL, 'PECDESIN', NULL
, NULL, NULL, NULL, NULL); 
INSERT INTO A_GUIDE_O ( GUIDA_O, SEQUENZA, ALIAS, LETTERA, LETTERA_AL1, LETTERA_AL2, TITOLO,
TITOLO_AL1, TITOLO_AL2, GUIDA_V, VOCE_MENU, VOCE_RIF, PROPRIETA, TITOLO_ESTESO, TITOLO_ESTESO_AL1,
TITOLO_ESTESO_AL2 ) VALUES ( 
'P_REIN', 5, 'REIN', 'P', NULL, NULL, 'Posizioni', NULL, NULL, NULL, 'PECDASIN', NULL
, NULL, NULL, NULL, NULL); 

INSERT INTO A_GUIDE_O ( GUIDA_O, SEQUENZA, ALIAS, LETTERA, LETTERA_AL1, LETTERA_AL2, TITOLO,
TITOLO_AL1, TITOLO_AL2, GUIDA_V, VOCE_MENU, VOCE_RIF, PROPRIETA, TITOLO_ESTESO, TITOLO_ESTESO_AL1,
TITOLO_ESTESO_AL2 ) VALUES ( 
'P_AREIN', 1, 'REIN', 'R', NULL, NULL, 'Ricerca', NULL, NULL, NULL, 'P00RANAG', NULL
, NULL, NULL, NULL, NULL); 
INSERT INTO A_GUIDE_O ( GUIDA_O, SEQUENZA, ALIAS, LETTERA, LETTERA_AL1, LETTERA_AL2, TITOLO,
TITOLO_AL1, TITOLO_AL2, GUIDA_V, VOCE_MENU, VOCE_RIF, PROPRIETA, TITOLO_ESTESO, TITOLO_ESTESO_AL1,
TITOLO_ESTESO_AL2 ) VALUES ( 
'P_AREIN', 2, 'REIN', 'G', NULL, NULL, 'Gestioni', NULL, NULL, NULL, 'PGMEGEST', NULL
, NULL, NULL, NULL, NULL); 
INSERT INTO A_GUIDE_O ( GUIDA_O, SEQUENZA, ALIAS, LETTERA, LETTERA_AL1, LETTERA_AL2, TITOLO,
TITOLO_AL1, TITOLO_AL2, GUIDA_V, VOCE_MENU, VOCE_RIF, PROPRIETA, TITOLO_ESTESO, TITOLO_ESTESO_AL1,
TITOLO_ESTESO_AL2 ) VALUES ( 
'P_AREIN', 3, 'REIN', 'C', NULL, NULL, 'Cdc', NULL, NULL, NULL, 'PGMDCECO', NULL, NULL
, NULL, NULL, NULL); 
INSERT INTO A_GUIDE_O ( GUIDA_O, SEQUENZA, ALIAS, LETTERA, LETTERA_AL1, LETTERA_AL2, TITOLO,
TITOLO_AL1, TITOLO_AL2, GUIDA_V, VOCE_MENU, VOCE_RIF, PROPRIETA, TITOLO_ESTESO, TITOLO_ESTESO_AL1,
TITOLO_ESTESO_AL2 ) VALUES ( 
'P_AREIN', 4, 'REIN', 'E', NULL, NULL, 'Esenzione', NULL, NULL, NULL, 'PECDESIN', NULL
, NULL, NULL, NULL, NULL); 
INSERT INTO A_GUIDE_O ( GUIDA_O, SEQUENZA, ALIAS, LETTERA, LETTERA_AL1, LETTERA_AL2, TITOLO,
TITOLO_AL1, TITOLO_AL2, GUIDA_V, VOCE_MENU, VOCE_RIF, PROPRIETA, TITOLO_ESTESO, TITOLO_ESTESO_AL1,
TITOLO_ESTESO_AL2 ) VALUES ( 
'P_AREIN', 5, 'REIN', 'P', NULL, NULL, 'Posizioni', NULL, NULL, NULL, 'PECDASIN', NULL
, NULL, NULL, NULL, NULL); 
INSERT INTO A_GUIDE_O ( GUIDA_O, SEQUENZA, ALIAS, LETTERA, LETTERA_AL1, LETTERA_AL2, TITOLO,
TITOLO_AL1, TITOLO_AL2, GUIDA_V, VOCE_MENU, VOCE_RIF, PROPRIETA, TITOLO_ESTESO, TITOLO_ESTESO_AL1,
TITOLO_ESTESO_AL2 ) VALUES ( 
'P_AREIN', 6, 'RUOL', 'L', NULL, NULL, 'ruoLo', NULL, NULL, NULL, 'PGMERUOL', NULL
, NULL, NULL, NULL, NULL); 

INSERT INTO A_GUIDE_O ( GUIDA_O, SEQUENZA, ALIAS, LETTERA, LETTERA_AL1, LETTERA_AL2, TITOLO,
TITOLO_AL1, TITOLO_AL2, GUIDA_V, VOCE_MENU, VOCE_RIF, PROPRIETA, TITOLO_ESTESO, TITOLO_ESTESO_AL1,
TITOLO_ESTESO_AL2 ) VALUES ( 
'P_EREIN', 1, 'GEST', 'G', NULL, NULL, 'Gestioni', NULL, NULL, NULL, 'PGMEGEST', NULL
, NULL, NULL, NULL, NULL); 
INSERT INTO A_GUIDE_O ( GUIDA_O, SEQUENZA, ALIAS, LETTERA, LETTERA_AL1, LETTERA_AL2, TITOLO,
TITOLO_AL1, TITOLO_AL2, GUIDA_V, VOCE_MENU, VOCE_RIF, PROPRIETA, TITOLO_ESTESO, TITOLO_ESTESO_AL1,
TITOLO_ESTESO_AL2 ) VALUES ( 
'P_EREIN', 2, 'ASIN', 'P', NULL, NULL, 'Posizioni', NULL, NULL, NULL, 'PECDASIN', NULL
, NULL, NULL, NULL, NULL); 
INSERT INTO A_GUIDE_O ( GUIDA_O, SEQUENZA, ALIAS, LETTERA, LETTERA_AL1, LETTERA_AL2, TITOLO,
TITOLO_AL1, TITOLO_AL2, GUIDA_V, VOCE_MENU, VOCE_RIF, PROPRIETA, TITOLO_ESTESO, TITOLO_ESTESO_AL1,
TITOLO_ESTESO_AL2 ) VALUES ( 
'P_EREIN', 3, 'ESIN', 'E', NULL, NULL, 'Esenzioni', NULL, NULL, NULL, 'PECDESIN', NULL
, NULL, NULL, NULL, NULL); 

-- inserimento nuovi codici di errore

INSERT INTO A_ERRORI ( ERRORE, DESCRIZIONE, DESCRIZIONE_AL1, DESCRIZIONE_AL2,
PROPRIETA ) VALUES ( 
'P05685', 'Voce imponibile nulla', NULL, NULL, NULL); 
INSERT INTO A_ERRORI ( ERRORE, DESCRIZIONE, DESCRIZIONE_AL1, DESCRIZIONE_AL2,
PROPRIETA ) VALUES ( 
'P05684', 'Individuo inserito/modificato', NULL, NULL, NULL); 
INSERT INTO A_ERRORI ( ERRORE, DESCRIZIONE, DESCRIZIONE_AL1, DESCRIZIONE_AL2,
PROPRIETA ) VALUES ( 
'P05683', 'Mesi e/o frazioni di mesi per rapporto prolungato nullo o zero', NULL, NULL
, NULL); 
INSERT INTO A_ERRORI ( ERRORE, DESCRIZIONE, DESCRIZIONE_AL1, DESCRIZIONE_AL2,
PROPRIETA ) VALUES ( 
'P05680', 'Massimale nullo', NULL, NULL, NULL); 
INSERT INTO A_ERRORI ( ERRORE, DESCRIZIONE, DESCRIZIONE_AL1, DESCRIZIONE_AL2,
PROPRIETA ) VALUES ( 
'P05677', 'Categoria minimale nulla', NULL, NULL, NULL); 
INSERT INTO A_ERRORI ( ERRORE, DESCRIZIONE, DESCRIZIONE_AL1, DESCRIZIONE_AL2,
PROPRIETA ) VALUES ( 
'P05679', 'Minimale nullo', NULL, NULL, NULL); 
INSERT INTO A_ERRORI ( ERRORE, DESCRIZIONE, DESCRIZIONE_AL1, DESCRIZIONE_AL2,
PROPRIETA ) VALUES ( 
'P05676', 'Giorni interi lavorativi nulli o zero', NULL, NULL, NULL); 
INSERT INTO A_ERRORI ( ERRORE, DESCRIZIONE, DESCRIZIONE_AL1, DESCRIZIONE_AL2,
PROPRIETA ) VALUES ( 
'P05672', 'Tariffa calcolata nulla', NULL, NULL, NULL); 
INSERT INTO A_ERRORI ( ERRORE, DESCRIZIONE, DESCRIZIONE_AL1, DESCRIZIONE_AL2,
PROPRIETA ) VALUES ( 
'P05673', 'Part-time con ore nulle', NULL, NULL, NULL); 
INSERT INTO A_ERRORI ( ERRORE, DESCRIZIONE, DESCRIZIONE_AL1, DESCRIZIONE_AL2,
PROPRIETA ) VALUES ( 
'P05674', 'Collaboratore e part-time entrambi SI', NULL, NULL, NULL); 
INSERT INTO A_ERRORI ( ERRORE, DESCRIZIONE, DESCRIZIONE_AL1, DESCRIZIONE_AL2,
PROPRIETA ) VALUES ( 
'P05808', 'Segnalazione in Elaborazione', NULL, NULL, NULL); 
INSERT INTO A_ERRORI ( ERRORE, DESCRIZIONE, DESCRIZIONE_AL1, DESCRIZIONE_AL2,
PROPRIETA ) VALUES ( 
'P05802', 'Elaborazione completata', NULL, NULL, NULL); 
INSERT INTO A_ERRORI ( ERRORE, DESCRIZIONE, DESCRIZIONE_AL1, DESCRIZIONE_AL2,
PROPRIETA ) VALUES ( 
'P05801', 'Traccia di Elaborazione', NULL, NULL, NULL); 
INSERT INTO A_ERRORI ( ERRORE, DESCRIZIONE, DESCRIZIONE_AL1, DESCRIZIONE_AL2,
PROPRIETA ) VALUES ( 
'P05800', 'Inizio Elaborazione', NULL, NULL, NULL); 
INSERT INTO A_ERRORI ( ERRORE, DESCRIZIONE, DESCRIZIONE_AL1, DESCRIZIONE_AL2,
PROPRIETA ) VALUES ( 
'P05799', 'Imputazione precedente diversa da quella attuale', NULL, NULL, NULL); 
INSERT INTO A_ERRORI ( ERRORE, DESCRIZIONE, DESCRIZIONE_AL1, DESCRIZIONE_AL2,
PROPRIETA ) VALUES ( 
'P05798', 'Conto non definito', NULL, NULL, NULL); 

/*============================================================================*/
/* Distribuzione delle estrazioni parametriche                                */
/* LIS_AUTOLIQUIDAZIONE e QUADRATURA_INAIL                                    */
/* relative ai report PECSREINe PECSQUIN                                      */
/*============================================================================*/


INSERT INTO ESTRAZIONE_REPORT ( ESTRAZIONE, DESCRIZIONE, DESCRIZIONE_AL1, DESCRIZIONE_AL2, SEQUENZA,
OGGETTO, NUM_RIC, NOTE ) VALUES ( 
'LIS_AUTOLIQUIDAZIONE', 'Lista Nominativa Autoliquidazione INAIL', NULL, NULL, 20
, 'REIN', 6, NULL); 
INSERT INTO ESTRAZIONE_REPORT ( ESTRAZIONE, DESCRIZIONE, DESCRIZIONE_AL1, DESCRIZIONE_AL2, SEQUENZA,
OGGETTO, NUM_RIC, NOTE ) VALUES ( 
'QUADRATURA_INAIL', 'Quadratura retribuzioni INAIL per Autoliquidazione', NULL, NULL
, 20, 'REIN', 6, NULL); 


INSERT INTO RELAZIONE_CHIAVI_ESTRAZIONE ( ESTRAZIONE, SEQUENZA,
CHIAVE ) VALUES ( 
'LIS_AUTOLIQUIDAZIONE', 1, 'GESTIONE'); 
INSERT INTO RELAZIONE_CHIAVI_ESTRAZIONE ( ESTRAZIONE, SEQUENZA,
CHIAVE ) VALUES ( 
'LIS_AUTOLIQUIDAZIONE', 2, 'NULLA'); 
INSERT INTO RELAZIONE_CHIAVI_ESTRAZIONE ( ESTRAZIONE, SEQUENZA,
CHIAVE ) VALUES ( 
'LIS_AUTOLIQUIDAZIONE', 3, 'NULLA'); 
INSERT INTO RELAZIONE_CHIAVI_ESTRAZIONE ( ESTRAZIONE, SEQUENZA,
CHIAVE ) VALUES ( 
'LIS_AUTOLIQUIDAZIONE', 4, 'NULLA'); 
INSERT INTO RELAZIONE_CHIAVI_ESTRAZIONE ( ESTRAZIONE, SEQUENZA,
CHIAVE ) VALUES ( 
'LIS_AUTOLIQUIDAZIONE', 5, 'ALFABETICO'); 
INSERT INTO RELAZIONE_CHIAVI_ESTRAZIONE ( ESTRAZIONE, SEQUENZA,
CHIAVE ) VALUES ( 
'LIS_AUTOLIQUIDAZIONE', 6, 'NULLA'); 
INSERT INTO RELAZIONE_CHIAVI_ESTRAZIONE ( ESTRAZIONE, SEQUENZA,
CHIAVE ) VALUES ( 
'QUADRATURA_INAIL', 1, 'GESTIONE'); 
INSERT INTO RELAZIONE_CHIAVI_ESTRAZIONE ( ESTRAZIONE, SEQUENZA,
CHIAVE ) VALUES ( 
'QUADRATURA_INAIL', 2, 'CONTO_INAIL'); 
INSERT INTO RELAZIONE_CHIAVI_ESTRAZIONE ( ESTRAZIONE, SEQUENZA,
CHIAVE ) VALUES ( 
'QUADRATURA_INAIL', 3, 'NULLA'); 
INSERT INTO RELAZIONE_CHIAVI_ESTRAZIONE ( ESTRAZIONE, SEQUENZA,
CHIAVE ) VALUES ( 
'QUADRATURA_INAIL', 4, 'NULLA'); 
INSERT INTO RELAZIONE_CHIAVI_ESTRAZIONE ( ESTRAZIONE, SEQUENZA,
CHIAVE ) VALUES ( 
'QUADRATURA_INAIL', 5, 'ALFABETICO'); 
INSERT INTO RELAZIONE_CHIAVI_ESTRAZIONE ( ESTRAZIONE, SEQUENZA,
CHIAVE ) VALUES ( 
'QUADRATURA_INAIL', 6, 'NULLA'); 


INSERT INTO RELAZIONE_ATTR_ESTRAZIONE ( ESTRAZIONE, SEQUENZA, ATTRIBUTO, ALIAS, DESCRIZIONE,
DESCRIZIONE_AL1, DESCRIZIONE_AL2 ) VALUES ( 
'LIS_AUTOLIQUIDAZIONE', 1, 'REIN.CI', 'CI', NULL, NULL, NULL); 
INSERT INTO RELAZIONE_ATTR_ESTRAZIONE ( ESTRAZIONE, SEQUENZA, ATTRIBUTO, ALIAS, DESCRIZIONE,
DESCRIZIONE_AL1, DESCRIZIONE_AL2 ) VALUES ( 
'LIS_AUTOLIQUIDAZIONE', 2, 'NOMINATIVO', 'DIPENDENTE', NULL, NULL, NULL); 
INSERT INTO RELAZIONE_ATTR_ESTRAZIONE ( ESTRAZIONE, SEQUENZA, ATTRIBUTO, ALIAS, DESCRIZIONE,
DESCRIZIONE_AL1, DESCRIZIONE_AL2 ) VALUES ( 
'LIS_AUTOLIQUIDAZIONE', 3, 'REIN.ANNO', 'ANNO', NULL, NULL, NULL); 
INSERT INTO RELAZIONE_ATTR_ESTRAZIONE ( ESTRAZIONE, SEQUENZA, ATTRIBUTO, ALIAS, DESCRIZIONE,
DESCRIZIONE_AL1, DESCRIZIONE_AL2 ) VALUES ( 
'LIS_AUTOLIQUIDAZIONE', 4, 'REIN.GESTIONE', 'GESTIONE', NULL, NULL, NULL); 
INSERT INTO RELAZIONE_ATTR_ESTRAZIONE ( ESTRAZIONE, SEQUENZA, ATTRIBUTO, ALIAS, DESCRIZIONE,
DESCRIZIONE_AL1, DESCRIZIONE_AL2 ) VALUES ( 
'LIS_AUTOLIQUIDAZIONE', 5, 'REIN.POSIZIONE_INAIL', 'POSIZIONE', NULL, NULL, NULL); 
INSERT INTO RELAZIONE_ATTR_ESTRAZIONE ( ESTRAZIONE, SEQUENZA, ATTRIBUTO, ALIAS, DESCRIZIONE,
DESCRIZIONE_AL1, DESCRIZIONE_AL2 ) VALUES ( 
'LIS_AUTOLIQUIDAZIONE', 6, 'REIN.ESENZIONE', 'ESENZIONE', NULL, NULL, NULL); 
INSERT INTO RELAZIONE_ATTR_ESTRAZIONE ( ESTRAZIONE, SEQUENZA, ATTRIBUTO, ALIAS, DESCRIZIONE,
DESCRIZIONE_AL1, DESCRIZIONE_AL2 ) VALUES ( 
'LIS_AUTOLIQUIDAZIONE', 7, 'REIN.CONTO', 'CONTO', NULL, NULL, NULL); 
INSERT INTO RELAZIONE_ATTR_ESTRAZIONE ( ESTRAZIONE, SEQUENZA, ATTRIBUTO, ALIAS, DESCRIZIONE,
DESCRIZIONE_AL1, DESCRIZIONE_AL2 ) VALUES ( 
'LIS_AUTOLIQUIDAZIONE', 8, 'REIN.CDC', 'CDC', NULL, NULL, NULL); 
INSERT INTO RELAZIONE_ATTR_ESTRAZIONE ( ESTRAZIONE, SEQUENZA, ATTRIBUTO, ALIAS, DESCRIZIONE,
DESCRIZIONE_AL1, DESCRIZIONE_AL2 ) VALUES ( 
'LIS_AUTOLIQUIDAZIONE', 9, 'REIN.TIPO_IPN', 'TIPO', NULL, NULL, NULL); 
INSERT INTO RELAZIONE_ATTR_ESTRAZIONE ( ESTRAZIONE, SEQUENZA, ATTRIBUTO, ALIAS, DESCRIZIONE,
DESCRIZIONE_AL1, DESCRIZIONE_AL2 ) VALUES ( 
'LIS_AUTOLIQUIDAZIONE', 10, 'REIN.IMPONIBILE', 'RETRIBUZIONE', NULL, NULL, NULL); 
INSERT INTO RELAZIONE_ATTR_ESTRAZIONE ( ESTRAZIONE, SEQUENZA, ATTRIBUTO, ALIAS, DESCRIZIONE,
DESCRIZIONE_AL1, DESCRIZIONE_AL2 ) VALUES ( 
'LIS_AUTOLIQUIDAZIONE', 11, 'REIN.PREMIO', 'PREMIO', NULL, NULL, NULL); 
INSERT INTO RELAZIONE_ATTR_ESTRAZIONE ( ESTRAZIONE, SEQUENZA, ATTRIBUTO, ALIAS, DESCRIZIONE,
DESCRIZIONE_AL1, DESCRIZIONE_AL2 ) VALUES ( 
'QUADRATURA_INAIL', 1, 'REIN.CI', 'CI', NULL, NULL, NULL); 
INSERT INTO RELAZIONE_ATTR_ESTRAZIONE ( ESTRAZIONE, SEQUENZA, ATTRIBUTO, ALIAS, DESCRIZIONE,
DESCRIZIONE_AL1, DESCRIZIONE_AL2 ) VALUES ( 
'QUADRATURA_INAIL', 2, 'NOMINATIVO', 'DIPENDENTE', NULL, NULL, NULL); 
INSERT INTO RELAZIONE_ATTR_ESTRAZIONE ( ESTRAZIONE, SEQUENZA, ATTRIBUTO, ALIAS, DESCRIZIONE,
DESCRIZIONE_AL1, DESCRIZIONE_AL2 ) VALUES ( 
'QUADRATURA_INAIL', 3, 'REIN.ANNO', 'ANNO', NULL, NULL, NULL); 
INSERT INTO RELAZIONE_ATTR_ESTRAZIONE ( ESTRAZIONE, SEQUENZA, ATTRIBUTO, ALIAS, DESCRIZIONE,
DESCRIZIONE_AL1, DESCRIZIONE_AL2 ) VALUES ( 
'QUADRATURA_INAIL', 4, 'REIN.GESTIONE', 'GESTIONE', NULL, NULL, NULL); 
INSERT INTO RELAZIONE_ATTR_ESTRAZIONE ( ESTRAZIONE, SEQUENZA, ATTRIBUTO, ALIAS, DESCRIZIONE,
DESCRIZIONE_AL1, DESCRIZIONE_AL2 ) VALUES ( 
'QUADRATURA_INAIL', 5, 'REIN.POSIZIONE_INAIL', 'POSIZIONE', NULL, NULL, NULL); 
INSERT INTO RELAZIONE_ATTR_ESTRAZIONE ( ESTRAZIONE, SEQUENZA, ATTRIBUTO, ALIAS, DESCRIZIONE,
DESCRIZIONE_AL1, DESCRIZIONE_AL2 ) VALUES ( 
'QUADRATURA_INAIL', 6, 'REIN.ESENZIONE', 'ESENZIONE', NULL, NULL, NULL); 
INSERT INTO RELAZIONE_ATTR_ESTRAZIONE ( ESTRAZIONE, SEQUENZA, ATTRIBUTO, ALIAS, DESCRIZIONE,
DESCRIZIONE_AL1, DESCRIZIONE_AL2 ) VALUES ( 
'QUADRATURA_INAIL', 7, 'REIN.CONTO', 'CONTO', NULL, NULL, NULL); 
INSERT INTO RELAZIONE_ATTR_ESTRAZIONE ( ESTRAZIONE, SEQUENZA, ATTRIBUTO, ALIAS, DESCRIZIONE,
DESCRIZIONE_AL1, DESCRIZIONE_AL2 ) VALUES ( 
'QUADRATURA_INAIL', 8, 'REIN.CDC', 'CDC', NULL, NULL, NULL); 
INSERT INTO RELAZIONE_ATTR_ESTRAZIONE ( ESTRAZIONE, SEQUENZA, ATTRIBUTO, ALIAS, DESCRIZIONE,
DESCRIZIONE_AL1, DESCRIZIONE_AL2 ) VALUES ( 
'QUADRATURA_INAIL', 9, 'REIN.TIPO_IPN', 'TIPO', NULL, NULL, NULL); 
INSERT INTO RELAZIONE_ATTR_ESTRAZIONE ( ESTRAZIONE, SEQUENZA, ATTRIBUTO, ALIAS, DESCRIZIONE,
DESCRIZIONE_AL1, DESCRIZIONE_AL2 ) VALUES ( 
'QUADRATURA_INAIL', 10, 'REIN.IMPONIBILE', 'RETRIBUZIONE', NULL, NULL, NULL); 
INSERT INTO RELAZIONE_ATTR_ESTRAZIONE ( ESTRAZIONE, SEQUENZA, ATTRIBUTO, ALIAS, DESCRIZIONE,
DESCRIZIONE_AL1, DESCRIZIONE_AL2 ) VALUES ( 
'QUADRATURA_INAIL', 11, 'REIN.PREMIO', 'PREMIO', NULL, NULL, NULL); 
INSERT INTO RELAZIONE_ATTR_ESTRAZIONE ( ESTRAZIONE, SEQUENZA, ATTRIBUTO, ALIAS, DESCRIZIONE,
DESCRIZIONE_AL1, DESCRIZIONE_AL2 ) VALUES ( 
'QUADRATURA_INAIL', 12, 'REIN.RUOLO', 'RUOLO', NULL, NULL, NULL); 
INSERT INTO RELAZIONE_ATTR_ESTRAZIONE ( ESTRAZIONE, SEQUENZA, ATTRIBUTO, ALIAS, DESCRIZIONE,
DESCRIZIONE_AL1, DESCRIZIONE_AL2 ) VALUES ( 
'QUADRATURA_INAIL', 13, 'REIN.FUNZIONALE', 'FUNZIONALE', NULL, NULL, NULL); 

INSERT INTO RELAZIONE_ATTRIBUTI ( ATTRIBUTO, DESCRIZIONE, DESCRIZIONE_AL1, DESCRIZIONE_AL2, OGGETTO,
COLONNA ) VALUES ( 
'REIN.CONTO', 'Conto o capitolo delle retribuzioni inail', NULL, NULL, 'REIN', 'REIN.CAPITOLO||''/''||REIN.ARTICOLO||''-''||REIN.CONTO'); 
INSERT INTO RELAZIONE_ATTRIBUTI ( ATTRIBUTO, DESCRIZIONE, DESCRIZIONE_AL1, DESCRIZIONE_AL2, OGGETTO,
COLONNA ) VALUES ( 
'REIN.CI', 'Codice Individuale', NULL, NULL, 'REIN', 'REIN.CI'); 
INSERT INTO RELAZIONE_ATTRIBUTI ( ATTRIBUTO, DESCRIZIONE, DESCRIZIONE_AL1, DESCRIZIONE_AL2, OGGETTO,
COLONNA ) VALUES ( 
'REIN.ANNO', 'Anno di retribuzione INAIL', NULL, NULL, 'REIN', 'REIN.anno'); 
INSERT INTO RELAZIONE_ATTRIBUTI ( ATTRIBUTO, DESCRIZIONE, DESCRIZIONE_AL1, DESCRIZIONE_AL2, OGGETTO,
COLONNA ) VALUES ( 
'REIN.GESTIONE', 'Codice di Gestione dell''ente', NULL, NULL, 'REIN', 'REIN.GESTIONE'); 
INSERT INTO RELAZIONE_ATTRIBUTI ( ATTRIBUTO, DESCRIZIONE, DESCRIZIONE_AL1, DESCRIZIONE_AL2, OGGETTO,
COLONNA ) VALUES ( 
'REIN.POSIZIONE_INAIL', 'Posizione INAIL', NULL, NULL, 'REIN', 'REIN.POSIZIONE_INAIL'); 
INSERT INTO RELAZIONE_ATTRIBUTI ( ATTRIBUTO, DESCRIZIONE, DESCRIZIONE_AL1, DESCRIZIONE_AL2, OGGETTO,
COLONNA ) VALUES ( 
'REIN.ESENZIONE', 'Esenzione INAIL', NULL, NULL, 'REIN', 'REIN.ESENZIONE'); 
INSERT INTO RELAZIONE_ATTRIBUTI ( ATTRIBUTO, DESCRIZIONE, DESCRIZIONE_AL1, DESCRIZIONE_AL2, OGGETTO,
COLONNA ) VALUES ( 
'REIN.CDC', 'Centro di Costo', NULL, NULL, 'REIN', 'REIN.CDC'); 
INSERT INTO RELAZIONE_ATTRIBUTI ( ATTRIBUTO, DESCRIZIONE, DESCRIZIONE_AL1, DESCRIZIONE_AL2, OGGETTO,
COLONNA ) VALUES ( 
'REIN.TIPO_IPN', 'Tipo di retribuzione INAIL', NULL, NULL, 'REIN', 'REIN.TIPO_IPN'); 
INSERT INTO RELAZIONE_ATTRIBUTI ( ATTRIBUTO, DESCRIZIONE, DESCRIZIONE_AL1, DESCRIZIONE_AL2, OGGETTO,
COLONNA ) VALUES ( 
'REIN.IMPONIBILE', 'Retribuzione INAIL', NULL, NULL, 'REIN', 'REIN.IMPONIBILE'); 
INSERT INTO RELAZIONE_ATTRIBUTI ( ATTRIBUTO, DESCRIZIONE, DESCRIZIONE_AL1, DESCRIZIONE_AL2, OGGETTO,
COLONNA ) VALUES ( 
'REIN.PREMIO', 'Premio INAIL', NULL, NULL, 'REIN', 'REIN.PREMIO'); 
INSERT INTO RELAZIONE_ATTRIBUTI ( ATTRIBUTO, DESCRIZIONE, DESCRIZIONE_AL1, DESCRIZIONE_AL2, OGGETTO,
COLONNA ) VALUES ( 
'REIN.RUOLO', 'Ruolo', NULL, NULL, 'REIN', 'REIN.RUOLO'); 
INSERT INTO RELAZIONE_ATTRIBUTI ( ATTRIBUTO, DESCRIZIONE, DESCRIZIONE_AL1, DESCRIZIONE_AL2, OGGETTO,
COLONNA ) VALUES ( 
'REIN.FUNZIONALE', 'Funzionale', NULL, NULL, 'REIN', 'REIN.FUNZIONALE'); 

INSERT INTO RELAZIONE_OGGETTI ( OGGETTO, DESCRIZIONE, DESCRIZIONE_AL1, DESCRIZIONE_AL2,
TABELLA ) VALUES ( 
'REIN', 'Retribuzioni INAIL', NULL, NULL, 'RETRIBUZIONI_INAIL'); 

INSERT INTO RELAZIONE_RIFE_OGGETTO ( OGGETTO, RIFERIMENTO ) VALUES ( 
'REIN', 'ASIN'); 
INSERT INTO RELAZIONE_RIFE_OGGETTO ( OGGETTO, RIFERIMENTO ) VALUES ( 
'REIN', 'CECO'); 
INSERT INTO RELAZIONE_RIFE_OGGETTO ( OGGETTO, RIFERIMENTO ) VALUES ( 
'REIN', 'GEST'); 
INSERT INTO RELAZIONE_RIFE_OGGETTO ( OGGETTO, RIFERIMENTO ) VALUES ( 
'REIN', 'RAGI'); 
INSERT INTO RELAZIONE_RIFE_OGGETTO ( OGGETTO, RIFERIMENTO ) VALUES ( 
'REIN', 'RAIN'); 

INSERT INTO RELAZIONE_COND_OGGETTO ( OGGETTO, RIFERIMENTO, SEQUENZA,
RELAZIONE ) VALUES ( 
'REIN', 'ASIN', 1, 'and REIN.POSIZIONE_INAIL = ASIN.codice'); 
INSERT INTO RELAZIONE_COND_OGGETTO ( OGGETTO, RIFERIMENTO, SEQUENZA,
RELAZIONE ) VALUES ( 
'ASIN', 'REIN', 1, 'and REIN.POSIZIONE_INAIL = ASIN.codice'); 
INSERT INTO RELAZIONE_COND_OGGETTO ( OGGETTO, RIFERIMENTO, SEQUENZA,
RELAZIONE ) VALUES ( 
'REIN', 'RAIN', 1, 'and REIN.CI = RAIN.CI'); 
INSERT INTO RELAZIONE_COND_OGGETTO ( OGGETTO, RIFERIMENTO, SEQUENZA,
RELAZIONE ) VALUES ( 
'RAIN', 'REIN', 1, 'and REIN.CI = RAIN.CI'); 
INSERT INTO RELAZIONE_COND_OGGETTO ( OGGETTO, RIFERIMENTO, SEQUENZA,
RELAZIONE ) VALUES ( 
'REIN', 'GEST', 1, 'and REIN.gestione = GEST.codice'); 
INSERT INTO RELAZIONE_COND_OGGETTO ( OGGETTO, RIFERIMENTO, SEQUENZA,
RELAZIONE ) VALUES ( 
'GEST', 'REIN', 1, 'and REIN.gestione = GEST.codice'); 
INSERT INTO RELAZIONE_COND_OGGETTO ( OGGETTO, RIFERIMENTO, SEQUENZA,
RELAZIONE ) VALUES ( 
'REIN', 'CECO', 1, 'and REIN.cdc = CECO.codice (+)'); 
INSERT INTO RELAZIONE_COND_OGGETTO ( OGGETTO, RIFERIMENTO, SEQUENZA,
RELAZIONE ) VALUES ( 
'CECO', 'REIN', 1, 'and REIN.cdc = CECO.codice (+)'); 
INSERT INTO RELAZIONE_COND_OGGETTO ( OGGETTO, RIFERIMENTO, SEQUENZA,
RELAZIONE ) VALUES ( 
'REIN', 'RAGI', 1, 'and REIN.CI = RAGI.CI'); 
INSERT INTO RELAZIONE_COND_OGGETTO ( OGGETTO, RIFERIMENTO, SEQUENZA,
RELAZIONE ) VALUES ( 
'RAGI', 'REIN', 1, 'and REIN.CI = RAGI.CI'); 

INSERT INTO RELAZIONE_CHIAVI ( CHIAVE, DESCRIZIONE, DESCRIZIONE_AL1, DESCRIZIONE_AL2, NOME,
NOME_AL1, NOME_AL2 ) VALUES ( 
'CONTO_INAIL', 'Conto di contabilita per retribuzioni INAIL', NULL, NULL, 'Conto inail'
, NULL, NULL); 

INSERT INTO RELAZIONE_ATTR_CHIAVE ( CHIAVE, SEQUENZA, ATTRIBUTO, DESCRIZIONE, DESCRIZIONE_AL1,
DESCRIZIONE_AL2, ALIAS ) VALUES ( 
'CONTO_INAIL', 1, 'REIN.CONTO', 'Sequenza', NULL, NULL, 'S'); 
INSERT INTO RELAZIONE_ATTR_CHIAVE ( CHIAVE, SEQUENZA, ATTRIBUTO, DESCRIZIONE, DESCRIZIONE_AL1,
DESCRIZIONE_AL2, ALIAS ) VALUES ( 
'CONTO_INAIL', 2, 'REIN.CONTO', 'Codice', NULL, NULL, 'C'); 
INSERT INTO RELAZIONE_ATTR_CHIAVE ( CHIAVE, SEQUENZA, ATTRIBUTO, DESCRIZIONE, DESCRIZIONE_AL1,
DESCRIZIONE_AL2, ALIAS ) VALUES ( 
'CONTO_INAIL', 3, 'REIN.CONTO', 'Descrizione', NULL, NULL, 'D'); 



