SET TERMOUT OFF 

REM ============================================================
REM    Extract SYNONYM :   A_CATALOGO_STAMPE
REM ============================================================

WHENEVER SQLERROR EXIT

WHENEVER SQLERROR CONTINUE

INSERT INTO A_CATALOGO_STAMPE ( STAMPA, TITOLO, TITOLO_AL1, TITOLO_AL2, TIPO_PROPRIETA, TIPO_VISURA, CLASSE, STAMPA_BLOCCATA, STAMPA_PROTETTA, SEQUENZIALE) VALUES ('PIECADAE','Elenco Anomalie Caricamento da Esterno',NULL,NULL,'U','U','A_C','N','N','S');
INSERT INTO A_CATALOGO_STAMPE ( STAMPA, TITOLO, TITOLO_AL1, TITOLO_AL2, TIPO_PROPRIETA, TIPO_VISURA, CLASSE, STAMPA_BLOCCATA, STAMPA_PROTETTA, SEQUENZIALE) VALUES ('PIEEDARE','Elenco Anomalie Caricamento Dati Replica',NULL,NULL,'U','U','A_C','N','N','S');

REM ============================================================
REM    Extract SYNONYM :   A_PASSI_PROC
REM ============================================================

WHENEVER SQLERROR EXIT

WHENEVER SQLERROR CONTINUE

INSERT INTO A_PASSI_PROC ( VOCE_MENU, PASSO, TITOLO, TITOLO_AL1, TITOLO_AL2, TIPO, MODULO, STRINGA, STAMPA, GRUPPO_LING) VALUES ('PIECADAE',1,'Caricamento Aut. Dati Ambiente Esterno',NULL,NULL,'Q','PIECADAE',NULL,NULL,'N');
INSERT INTO A_PASSI_PROC ( VOCE_MENU, PASSO, TITOLO, TITOLO_AL1, TITOLO_AL2, TIPO, MODULO, STRINGA, STAMPA, GRUPPO_LING) VALUES ('PIECADAE',2,'Caricamento Aut. Dati Ambiente Esterno',NULL,NULL,'Q','CHK_ERR',NULL,NULL,'N');
INSERT INTO A_PASSI_PROC ( VOCE_MENU, PASSO, TITOLO, TITOLO_AL1, TITOLO_AL2, TIPO, MODULO, STRINGA, STAMPA, GRUPPO_LING) VALUES ('PIECADAE',91,'Caricamento Aut. Dati Ambiente Esterno',NULL,NULL,'R','ACARAPPR',NULL,'PIECADAE','N');
INSERT INTO A_PASSI_PROC ( VOCE_MENU, PASSO, TITOLO, TITOLO_AL1, TITOLO_AL2, TIPO, MODULO, STRINGA, STAMPA, GRUPPO_LING) VALUES ('PIECADAE',92,'cancellazione dati di appoggio',NULL,NULL,'R','ACACANRP',NULL,NULL,'N');
INSERT INTO A_PASSI_PROC ( VOCE_MENU, PASSO, TITOLO, TITOLO_AL1, TITOLO_AL2, TIPO, MODULO, STRINGA, STAMPA, GRUPPO_LING) VALUES ('PIECASTV',1,'Caricamento Arch. Storico Variazioni',NULL,NULL,'Q','PIECASTV',NULL,NULL,'N');
INSERT INTO A_PASSI_PROC ( VOCE_MENU, PASSO, TITOLO, TITOLO_AL1, TITOLO_AL2, TIPO, MODULO, STRINGA, STAMPA, GRUPPO_LING) VALUES ('PIECDARE',1,'Caricamento Dati Replica',NULL,NULL,'Q','PIECDARE',NULL,NULL,'N');
INSERT INTO A_PASSI_PROC ( VOCE_MENU, PASSO, TITOLO, TITOLO_AL1, TITOLO_AL2, TIPO, MODULO, STRINGA, STAMPA, GRUPPO_LING) VALUES ('PIECDARE',2,'Caricamento Dati Replica',NULL,NULL,'Q','CHK_ERR',NULL,NULL,'N');
INSERT INTO A_PASSI_PROC ( VOCE_MENU, PASSO, TITOLO, TITOLO_AL1, TITOLO_AL2, TIPO, MODULO, STRINGA, STAMPA, GRUPPO_LING) VALUES ('PIECDARE',91,'Caricamento Dati Replica',NULL,NULL,'R','ACARAPPR',NULL,'PIEEDARE','N');
INSERT INTO A_PASSI_PROC ( VOCE_MENU, PASSO, TITOLO, TITOLO_AL1, TITOLO_AL2, TIPO, MODULO, STRINGA, STAMPA, GRUPPO_LING) VALUES ('PIECDARE',92,'Caricamento Dati Replica',NULL,NULL,'Q','ACACANRP',NULL,NULL,'N');
INSERT INTO A_PASSI_PROC ( VOCE_MENU, PASSO, TITOLO, TITOLO_AL1, TITOLO_AL2, TIPO, MODULO, STRINGA, STAMPA, GRUPPO_LING) VALUES ('PIECPERI',1,'Compattamento Periodi',NULL,NULL,'Q','PIECPERI',NULL,NULL,'N');

REM ============================================================
REM    Extract SYNONYM :   A_SELEZIONI
REM ============================================================

WHENEVER SQLERROR EXIT

WHENEVER SQLERROR CONTINUE

INSERT INTO A_SELEZIONI ( PARAMETRO, VOCE_MENU, SEQUENZA, DESCRIZIONE, DESCRIZIONE_AL1, DESCRIZIONE_AL2, LUNGHEZZA, FORMATO, OBBLIGO, VALORE_DEFAULT, DOMINIO, ALIAS, GRUPPO_ALIAS, NUMERO_FK) VALUES ('P_USER_DESTINAZIONE','PIECADAE',2,'User Oracle Destinazione Dati',NULL,NULL,30,'U','S',NULL,NULL,NULL,NULL,NULL);
INSERT INTO A_SELEZIONI ( PARAMETRO, VOCE_MENU, SEQUENZA, DESCRIZIONE, DESCRIZIONE_AL1, DESCRIZIONE_AL2, LUNGHEZZA, FORMATO, OBBLIGO, VALORE_DEFAULT, DOMINIO, ALIAS, GRUPPO_ALIAS, NUMERO_FK) VALUES ('P_USER_PROVENIENZA','PIECADAE',1,'User Oracle Provenienza Dati',NULL,NULL,30,'U','S',NULL,NULL,NULL,NULL,NULL);
INSERT INTO A_SELEZIONI ( PARAMETRO, VOCE_MENU, SEQUENZA, DESCRIZIONE, DESCRIZIONE_AL1, DESCRIZIONE_AL2, LUNGHEZZA, FORMATO, OBBLIGO, VALORE_DEFAULT, DOMINIO, ALIAS, GRUPPO_ALIAS, NUMERO_FK) VALUES ('P_DATA','PIECASTV',3,'Data Aggiornamento Dati',NULL,NULL,10,'D','N',NULL,NULL,NULL,NULL,NULL);
INSERT INTO A_SELEZIONI ( PARAMETRO, VOCE_MENU, SEQUENZA, DESCRIZIONE, DESCRIZIONE_AL1, DESCRIZIONE_AL2, LUNGHEZZA, FORMATO, OBBLIGO, VALORE_DEFAULT, DOMINIO, ALIAS, GRUPPO_ALIAS, NUMERO_FK) VALUES ('P_USER_DESTINAZIONE','PIECASTV',2,'User Oracle Destinazione Dati',NULL,NULL,30,'U','N',NULL,NULL,NULL,NULL,NULL);
INSERT INTO A_SELEZIONI ( PARAMETRO, VOCE_MENU, SEQUENZA, DESCRIZIONE, DESCRIZIONE_AL1, DESCRIZIONE_AL2, LUNGHEZZA, FORMATO, OBBLIGO, VALORE_DEFAULT, DOMINIO, ALIAS, GRUPPO_ALIAS, NUMERO_FK) VALUES ('P_USER_PROVENIENZA','PIECASTV',1,'User Oracle Provenienza Dati',NULL,NULL,30,'U','N',NULL,NULL,NULL,NULL,NULL);
INSERT INTO A_SELEZIONI ( PARAMETRO, VOCE_MENU, SEQUENZA, DESCRIZIONE, DESCRIZIONE_AL1, DESCRIZIONE_AL2, LUNGHEZZA, FORMATO, OBBLIGO, VALORE_DEFAULT, DOMINIO, ALIAS, GRUPPO_ALIAS, NUMERO_FK) VALUES ('P_CODICE','PIECDARE',1,'Codice Profilo di Replica',NULL,NULL,8,'U','S',NULL,NULL,NULL,NULL,NULL);
INSERT INTO A_SELEZIONI ( PARAMETRO, VOCE_MENU, SEQUENZA, DESCRIZIONE, DESCRIZIONE_AL1, DESCRIZIONE_AL2, LUNGHEZZA, FORMATO, OBBLIGO, VALORE_DEFAULT, DOMINIO, ALIAS, GRUPPO_ALIAS, NUMERO_FK) VALUES ('P_USER_DESTINAZIONE','PIECDARE',3,'User Oracle Destinazione Dati',NULL,NULL,30,'U','S',NULL,NULL,NULL,NULL,NULL);
INSERT INTO A_SELEZIONI ( PARAMETRO, VOCE_MENU, SEQUENZA, DESCRIZIONE, DESCRIZIONE_AL1, DESCRIZIONE_AL2, LUNGHEZZA, FORMATO, OBBLIGO, VALORE_DEFAULT, DOMINIO, ALIAS, GRUPPO_ALIAS, NUMERO_FK) VALUES ('P_USER_PROVENIENZA','PIECDARE',2,'User Oracle Provenienza Dati',NULL,NULL,30,'U','S',NULL,NULL,NULL,NULL,NULL);
INSERT INTO A_SELEZIONI ( PARAMETRO, VOCE_MENU, SEQUENZA, DESCRIZIONE, DESCRIZIONE_AL1, DESCRIZIONE_AL2, LUNGHEZZA, FORMATO, OBBLIGO, VALORE_DEFAULT, DOMINIO, ALIAS, GRUPPO_ALIAS, NUMERO_FK) VALUES ('P_TABELLA','PIECPERI',1,'Tabella',NULL,NULL,30,'U','S',NULL,NULL,NULL,NULL,NULL);

REM ============================================================
REM    Extract SYNONYM :   A_VOCI_MENU
REM ============================================================

WHENEVER SQLERROR EXIT

WHENEVER SQLERROR CONTINUE

INSERT INTO A_VOCI_MENU ( VOCE_MENU, AMBIENTE, ACRONIMO, ACRONIMO_AL1, ACRONIMO_AL2, TITOLO, TITOLO_AL1, TITOLO_AL2, TIPO_VOCE, TIPO, MODULO, STRINGA, IMPORTANZA, GUIDA_O, PROPRIETA) VALUES ('PIEADARE','P00','ADARE',NULL,NULL,'Aggiornamenti Dati Replica',NULL,NULL,'F','F','PIEEDARE',NULL,1,NULL,NULL);
INSERT INTO A_VOCI_MENU ( VOCE_MENU, AMBIENTE, ACRONIMO, ACRONIMO_AL1, ACRONIMO_AL2, TITOLO, TITOLO_AL1, TITOLO_AL2, TIPO_VOCE, TIPO, MODULO, STRINGA, IMPORTANZA, GUIDA_O, PROPRIETA) VALUES ('PIECDARE','P00','CDARE',NULL,NULL,'Caricamento Dati Replica',NULL,NULL,'F','D','ACAPARPR',NULL,1,NULL,NULL);
INSERT INTO A_VOCI_MENU ( VOCE_MENU, AMBIENTE, ACRONIMO, ACRONIMO_AL1, ACRONIMO_AL2, TITOLO, TITOLO_AL1, TITOLO_AL2, TIPO_VOCE, TIPO, MODULO, STRINGA, IMPORTANZA, GUIDA_O, PROPRIETA) VALUES ('PIEDRECO','P00','DRECO',NULL,NULL,'Dizionario Regole Conversioni',NULL,NULL,'F','F','PIEDRECO',NULL,1,NULL,NULL);
INSERT INTO A_VOCI_MENU ( VOCE_MENU, AMBIENTE, ACRONIMO, ACRONIMO_AL1, ACRONIMO_AL2, TITOLO, TITOLO_AL1, TITOLO_AL2, TIPO_VOCE, TIPO, MODULO, STRINGA, IMPORTANZA, GUIDA_O, PROPRIETA) VALUES ('PIEEDARE','P00','EDARE',NULL,NULL,'Elenco Dati Replica',NULL,NULL,'F','Q','PIEEDARE',NULL,1,NULL,NULL);
INSERT INTO A_VOCI_MENU ( VOCE_MENU, AMBIENTE, ACRONIMO, ACRONIMO_AL1, ACRONIMO_AL2, TITOLO, TITOLO_AL1, TITOLO_AL2, TIPO_VOCE, TIPO, MODULO, STRINGA, IMPORTANZA, GUIDA_O, PROPRIETA) VALUES ('PIEIE','P00','IE',NULL,NULL,'Int. Amb. Est.',NULL,NULL,'N','M',NULL,NULL,1,NULL,NULL);
INSERT INTO A_VOCI_MENU ( VOCE_MENU, AMBIENTE, ACRONIMO, ACRONIMO_AL1, ACRONIMO_AL2, TITOLO, TITOLO_AL1, TITOLO_AL2, TIPO_VOCE, TIPO, MODULO, STRINGA, IMPORTANZA, GUIDA_O, PROPRIETA) VALUES ('PIECASTV','P00','CASTV',NULL,NULL,'Caricamento Arch. Storico Variazioni',NULL,NULL,'F','D','ACAPARPR',NULL,1,NULL,NULL);
INSERT INTO A_VOCI_MENU ( VOCE_MENU, AMBIENTE, ACRONIMO, ACRONIMO_AL1, ACRONIMO_AL2, TITOLO, TITOLO_AL1, TITOLO_AL2, TIPO_VOCE, TIPO, MODULO, STRINGA, IMPORTANZA, GUIDA_O, PROPRIETA) VALUES ('PIECADAE','P00','CADAE',NULL,NULL,'Caricamento Aut. Dati Ambiente Esterno',NULL,NULL,'F','D','ACAPARPR',NULL,1,NULL,NULL);
INSERT INTO A_VOCI_MENU ( VOCE_MENU, AMBIENTE, ACRONIMO, ACRONIMO_AL1, ACRONIMO_AL2, TITOLO, TITOLO_AL1, TITOLO_AL2, TIPO_VOCE, TIPO, MODULO, STRINGA, IMPORTANZA, GUIDA_O, PROPRIETA) VALUES ('PIECPERI','P00','CPERI',NULL,NULL,'Compattamento Periodi',NULL,NULL,'F','D','ACAPARPR',NULL,1,NULL,NULL);
