REM ============================================================
REM    Progetto:   GP4 - Gestione Integrata Personale
REM    Istanza:    GP4PGI - Gestione del Personale - Parametri PGI
REM    ServerName: svi
REM    DBMS:       O73
REM    DBUser:     PGI
REM 
REM    Extract:    c:\si4\gp4\gipv4\ins\Gp4_PGI_0.ext
REM    On File:    c:\si4\gp4\gipv4\ins\gp4_ins_pgi_0.sql
REM    Date:       23/11/2007  16.02.40
REM ============================================================

SET TERMOUT OFF

REM ============================================================
REM    Extract TABLE :   ENTE
REM ============================================================

WHENEVER SQLERROR EXIT

ALTER TABLE ente DISABLE ALL TRIGGERS;

WHENEVER SQLERROR CONTINUE

INSERT INTO ente ( ENTE_ID, NOME, SESSO, DATA_NAS, PROVINCIA_NAS, COMUNE_NAS, INDIRIZZO_RES, INDIRIZZO_RES_AL1, INDIRIZZO_RES_AL2, NUMERO_CIVICO, PROVINCIA_RES, COMUNE_RES, CAP, CODICE_ATTIVITA, CODICE_FISCALE, PARTITA_IVA, NOTA_GESTIONE, NOTA_GESTIONE_AL1, NOTA_GESTIONE_AL2, NOTA_SETTORE_A, NOTA_SETTORE_A_AL1, NOTA_SETTORE_A_AL2, NOTA_SETTORE_B, NOTA_SETTORE_B_AL1, NOTA_SETTORE_B_AL2, NOTA_SETTORE_C, NOTA_SETTORE_C_AL1, NOTA_SETTORE_C_AL2, NOTA_SETTORE, NOTA_SETTORE_AL1, NOTA_SETTORE_AL2, NOTA_SEDE, NOTA_SEDE_AL1, NOTA_SEDE_AL2, DETRAZIONI, RATEI, SCAD_CONG, REST_CONG, BASE_CONG, MESI_IRPEF, VARIABILI_GEPE, VARIABILI_GAPE, PERIODO_GGPE, DELIBERE, INCENTIVAZIONE, ECONOMICA, PIANTA_ORGANICA, ASSENZE, CONCORSI, GIURIDICA, LEGAME_PO, VARIABILI_GIPE, TEL_RES, RATE_ADDIZIONALI, DETRAZIONI_AP, D_MIN_CON, FAX_RES, E_MAIL, RIFERIMENTO_MODULO_AP, PRG_CEDOLINO, CONTABILITA, CONTROLLO_GESTIONE, ESERCIZIO, MODIFICHE_DO, PERC_GRLI_I, PERC_GRLI_D, PERC_GRLI_L, CF_SOFTWARE, RILEVAZIONE_PRESENZE, CHIUSURA_RAIN, OGGETTO_E_MAIL, CORPO_E_MAIL, CALCOLO_IRPEF, CALCOLO_CAFA, DIVIDI_PEGI_IN_VALIDAZIONE, INVIO_CEDOLINO, PUBBLICAZIONE_CEDOLINO, SAC) VALUES ('ENTE','AZ. USL',NULL,NULL,NULL,NULL,'VIA',NULL,NULL,'1',37,6,'40100','51200','162738888','16273888890','Gestione',NULL,NULL,'Settore',NULL,NULL,'Settore',NULL,NULL,'Reparto/Uff',NULL,NULL,'Unita Operat.',NULL,NULL,'Sede',NULL,NULL,'G','R','A','M','A',12,1,1,'T','NO','NO','SI','SI','NO','NO','SI','NO',NULL,NULL,11,'NO',to_date('01/01/1990','dd/mm/yyyy'),NULL,NULL,NULL,NULL,NULL,'NO',2004,NULL,NULL,NULL,NULL,NULL,'C','SI','Comunicazione Invio Cedolino di Retribuzione del mese di <mens.descrizione>','<anag.titolo> <anag.cognome> <anag.nome>, matricola <rain.ci>, si comunica che in allegato a questa mail trovera il cedolino di retribuzione relativo alla mensilita'' di <mens.descrizione> realativa all''anno <anno>','A','NO','NO','P',NULL,'NO');

WHENEVER SQLERROR EXIT

ALTER TABLE ente ENABLE ALL TRIGGERS;


REM ============================================================
REM    Extract TABLE :   ESTRAZIONE_REPORT
REM ============================================================

WHENEVER SQLERROR EXIT

ALTER TABLE estrazione_report DISABLE ALL TRIGGERS;

WHENEVER SQLERROR CONTINUE

INSERT INTO estrazione_report ( ESTRAZIONE, DESCRIZIONE, DESCRIZIONE_AL1, DESCRIZIONE_AL2, SEQUENZA, OGGETTO, NUM_RIC, NOTE) VALUES ('TOTALI_ANNO','Totali di Retribuzione Annuale',NULL,NULL,NULL,'PERE',4,'PECSTORA');
INSERT INTO estrazione_report ( ESTRAZIONE, DESCRIZIONE, DESCRIZIONE_AL1, DESCRIZIONE_AL2, SEQUENZA, OGGETTO, NUM_RIC, NOTE) VALUES ('FISCALE_ANNO','Situazione di Fine Anno per Riepilogo Fiscale',NULL,NULL,NULL,'RAGF',6,'PECLPRFI - PECSMDSI - PECL770A - PECL770B - PECL770C - PECL770D - PECSM101 - PECSM102');
INSERT INTO estrazione_report ( ESTRAZIONE, DESCRIZIONE, DESCRIZIONE_AL1, DESCRIZIONE_AL2, SEQUENZA, OGGETTO, NUM_RIC, NOTE) VALUES ('RIEPILOGO','Riepilogo Retribuzione',NULL,NULL,NULL,'PERE',4,'PECSRIRE');
INSERT INTO estrazione_report ( ESTRAZIONE, DESCRIZIONE, DESCRIZIONE_AL1, DESCRIZIONE_AL2, SEQUENZA, OGGETTO, NUM_RIC, NOTE) VALUES ('RIEPILOGO_CP','Elementi retributivi Certificazione Cassa Pensione',NULL,NULL,NULL,'RAGI',6,'Utilizzato per la produzione di PECSRCCP');
INSERT INTO estrazione_report ( ESTRAZIONE, DESCRIZIONE, DESCRIZIONE_AL1, DESCRIZIONE_AL2, SEQUENZA, OGGETTO, NUM_RIC, NOTE) VALUES ('LISTA_INAIL','Lista Inail',NULL,NULL,2,'RAIN',6,NULL);
INSERT INTO estrazione_report ( ESTRAZIONE, DESCRIZIONE, DESCRIZIONE_AL1, DESCRIZIONE_AL2, SEQUENZA, OGGETTO, NUM_RIC, NOTE) VALUES ('ELENCO','Elenco Generico per report mensili',NULL,NULL,NULL,'PERE',6,'PECSETD3 - PECSESRM - PECSMMRD');
INSERT INTO estrazione_report ( ESTRAZIONE, DESCRIZIONE, DESCRIZIONE_AL1, DESCRIZIONE_AL2, SEQUENZA, OGGETTO, NUM_RIC, NOTE) VALUES ('DENUNCIA_O1_INPS','Elementi Retributivi Denuncia Annuale O1/M I.N.P.S.',NULL,NULL,NULL,'RAGI',0,'PECCAO1M');
INSERT INTO estrazione_report ( ESTRAZIONE, DESCRIZIONE, DESCRIZIONE_AL1, DESCRIZIONE_AL2, SEQUENZA, OGGETTO, NUM_RIC, NOTE) VALUES ('SSN_DIMESSI','Ritenuta per contributi S.S.N. personale dimesso',NULL,NULL,NULL,'PERE',0,NULL);
INSERT INTO estrazione_report ( ESTRAZIONE, DESCRIZIONE, DESCRIZIONE_AL1, DESCRIZIONE_AL2, SEQUENZA, OGGETTO, NUM_RIC, NOTE) VALUES ('RIEPILOGO_ANNO','Riepilogo Annuale Retribuzione',NULL,NULL,NULL,'PERE',4,'PECSRIRA');
INSERT INTO estrazione_report ( ESTRAZIONE, DESCRIZIONE, DESCRIZIONE_AL1, DESCRIZIONE_AL2, SEQUENZA, OGGETTO, NUM_RIC, NOTE) VALUES ('TFR','Trattamento di Fine Rapporto',NULL,NULL,NULL,'PERE',6,NULL);
INSERT INTO estrazione_report ( ESTRAZIONE, DESCRIZIONE, DESCRIZIONE_AL1, DESCRIZIONE_AL2, SEQUENZA, OGGETTO, NUM_RIC, NOTE) VALUES ('FISCALE','Riepilogo Fiscale Mensile',NULL,NULL,NULL,'PERE',6,'PECLMOFI');
INSERT INTO estrazione_report ( ESTRAZIONE, DESCRIZIONE, DESCRIZIONE_AL1, DESCRIZIONE_AL2, SEQUENZA, OGGETTO, NUM_RIC, NOTE) VALUES ('LIQUIDAZIONE','Riepilogo Fiscale Liquidazione',NULL,NULL,NULL,'PERE',6,'PECLMOFL');
INSERT INTO estrazione_report ( ESTRAZIONE, DESCRIZIONE, DESCRIZIONE_AL1, DESCRIZIONE_AL2, SEQUENZA, OGGETTO, NUM_RIC, NOTE) VALUES ('DENUNCIA_INADEL','Elementi Retributivi Denuncia Annuale Cassa Pensione',NULL,NULL,NULL,'RAGI',0,'PECCARDD');
INSERT INTO estrazione_report ( ESTRAZIONE, DESCRIZIONE, DESCRIZIONE_AL1, DESCRIZIONE_AL2, SEQUENZA, OGGETTO, NUM_RIC, NOTE) VALUES ('DM10_S','Riepilogo Contributi S.S.N per Regione',NULL,NULL,75,'PERE',6,'Dettaglio per Regione (PECSMDMS - PECSESSN)');
INSERT INTO estrazione_report ( ESTRAZIONE, DESCRIZIONE, DESCRIZIONE_AL1, DESCRIZIONE_AL2, SEQUENZA, OGGETTO, NUM_RIC, NOTE) VALUES ('LISTA_ANAGRAFICA','Lista Anagrafica',NULL,NULL,2,'RAGI',6,NULL);
INSERT INTO estrazione_report ( ESTRAZIONE, DESCRIZIONE, DESCRIZIONE_AL1, DESCRIZIONE_AL2, SEQUENZA, OGGETTO, NUM_RIC, NOTE) VALUES ('MODELLO_98','Elementi retributivi Certificazione Cassa Pensione',NULL,NULL,NULL,'RAGI',0,'Utilizzato per la produzione di PECSRCCP');
INSERT INTO estrazione_report ( ESTRAZIONE, DESCRIZIONE, DESCRIZIONE_AL1, DESCRIZIONE_AL2, SEQUENZA, OGGETTO, NUM_RIC, NOTE) VALUES ('DENUNCIA_CP','Elementi Retributivi Denuncia Annuale Cassa Pensione',NULL,NULL,NULL,'RAGI',0,'PECCARCP');
INSERT INTO estrazione_report ( ESTRAZIONE, DESCRIZIONE, DESCRIZIONE_AL1, DESCRIZIONE_AL2, SEQUENZA, OGGETTO, NUM_RIC, NOTE) VALUES ('ESTRAZIONE_MENSILE','Estrazione Movimenti Mensili',NULL,NULL,1,'RAGI',6,NULL);
INSERT INTO estrazione_report ( ESTRAZIONE, DESCRIZIONE, DESCRIZIONE_AL1, DESCRIZIONE_AL2, SEQUENZA, OGGETTO, NUM_RIC, NOTE) VALUES ('ESTRAZIONE_ANNUALE','Estrazione Movimenti Annuali',NULL,NULL,3,'PERE',6,NULL);
INSERT INTO estrazione_report ( ESTRAZIONE, DESCRIZIONE, DESCRIZIONE_AL1, DESCRIZIONE_AL2, SEQUENZA, OGGETTO, NUM_RIC, NOTE) VALUES ('TOTALI','Totali di Retribuzione',NULL,NULL,NULL,'PERE',4,'PECSTORE');
INSERT INTO estrazione_report ( ESTRAZIONE, DESCRIZIONE, DESCRIZIONE_AL1, DESCRIZIONE_AL2, SEQUENZA, OGGETTO, NUM_RIC, NOTE) VALUES ('CEDOLINO','Cedolino Retribuzione',NULL,NULL,NULL,'PERE',6,'PECSCERE - PECSMORE');
INSERT INTO estrazione_report ( ESTRAZIONE, DESCRIZIONE, DESCRIZIONE_AL1, DESCRIZIONE_AL2, SEQUENZA, OGGETTO, NUM_RIC, NOTE) VALUES ('CEDOLINO_ANNO','Cedolone Riepilogativo di Fine Anno',NULL,NULL,NULL,'PERE',6,'PECSCERA');
INSERT INTO estrazione_report ( ESTRAZIONE, DESCRIZIONE, DESCRIZIONE_AL1, DESCRIZIONE_AL2, SEQUENZA, OGGETTO, NUM_RIC, NOTE) VALUES ('ANAGRAFICI','Elaborati Anagrafici',NULL,NULL,NULL,'RAGI',6,'PECLCAFA - PECLPREC - PECLVARE - PECSDETD - PECSETA3 - PECSINRE - PECSRARE - PECSSTRE - PECSVARE');
INSERT INTO estrazione_report ( ESTRAZIONE, DESCRIZIONE, DESCRIZIONE_AL1, DESCRIZIONE_AL2, SEQUENZA, OGGETTO, NUM_RIC, NOTE) VALUES ('FINE_ANNO','Situazione di Fine Anno per Elaborati Annuali',NULL,NULL,NULL,'PERA',6,'Denunce CONTRIBUTIVE (PECLISDL)');
INSERT INTO estrazione_report ( ESTRAZIONE, DESCRIZIONE, DESCRIZIONE_AL1, DESCRIZIONE_AL2, SEQUENZA, OGGETTO, NUM_RIC, NOTE) VALUES ('CONTRIBUTI','Riepilogo Contributi',NULL,NULL,NULL,'PERE',4,'PECSRCRE');
INSERT INTO estrazione_report ( ESTRAZIONE, DESCRIZIONE, DESCRIZIONE_AL1, DESCRIZIONE_AL2, SEQUENZA, OGGETTO, NUM_RIC, NOTE) VALUES ('ONERI','Distinta Oneri',NULL,NULL,NULL,'PERE',6,'PECSONRE');
INSERT INTO estrazione_report ( ESTRAZIONE, DESCRIZIONE, DESCRIZIONE_AL1, DESCRIZIONE_AL2, SEQUENZA, OGGETTO, NUM_RIC, NOTE) VALUES ('ELENCO_VOCI','Elenco Voci Retribuite',NULL,NULL,NULL,'PERE',6,'PECSEVRE');
INSERT INTO estrazione_report ( ESTRAZIONE, DESCRIZIONE, DESCRIZIONE_AL1, DESCRIZIONE_AL2, SEQUENZA, OGGETTO, NUM_RIC, NOTE) VALUES ('ELENCO_DELIBERA','Elenco variabili in Delibera',NULL,NULL,NULL,'VARE',6,'PECSDERE - PECSDERT');
INSERT INTO estrazione_report ( ESTRAZIONE, DESCRIZIONE, DESCRIZIONE_AL1, DESCRIZIONE_AL2, SEQUENZA, OGGETTO, NUM_RIC, NOTE) VALUES ('QUIETANZE','Elenco Quietanze',NULL,NULL,NULL,'PERE',6,'PECSACRE - PECSQURE');
INSERT INTO estrazione_report ( ESTRAZIONE, DESCRIZIONE, DESCRIZIONE_AL1, DESCRIZIONE_AL2, SEQUENZA, OGGETTO, NUM_RIC, NOTE) VALUES ('DENUNCIA_102','Elementi Retributivi Modello 102',NULL,NULL,NULL,'PERE',0,'PECSM102 - PECL770B - PECCSMFB');
INSERT INTO estrazione_report ( ESTRAZIONE, DESCRIZIONE, DESCRIZIONE_AL1, DESCRIZIONE_AL2, SEQUENZA, OGGETTO, NUM_RIC, NOTE) VALUES ('LISTA_SETT','Lista Anagrafica',NULL,NULL,2,'RAIN',6,NULL);
INSERT INTO estrazione_report ( ESTRAZIONE, DESCRIZIONE, DESCRIZIONE_AL1, DESCRIZIONE_AL2, SEQUENZA, OGGETTO, NUM_RIC, NOTE) VALUES ('DENUNCIA_ONAOSI','Elementi Retributivi per Denuncia Annuale ONAOSI',NULL,NULL,NULL,'RAGI',0,'PECLISDO');
INSERT INTO estrazione_report ( ESTRAZIONE, DESCRIZIONE, DESCRIZIONE_AL1, DESCRIZIONE_AL2, SEQUENZA, OGGETTO, NUM_RIC, NOTE) VALUES ('SMT_TAB7S','Estrazione Voci di sciopero (Statistiche Min. Tesoro-Tab.7)',NULL,NULL,NULL,'RAGI',0,NULL);
INSERT INTO estrazione_report ( ESTRAZIONE, DESCRIZIONE, DESCRIZIONE_AL1, DESCRIZIONE_AL2, SEQUENZA, OGGETTO, NUM_RIC, NOTE) VALUES ('SMT_TAB8A','Estrazione Voci stipendiali (Statistiche Min. Tesoro-Tab.8A)',NULL,NULL,NULL,'RAGI',0,NULL);
INSERT INTO estrazione_report ( ESTRAZIONE, DESCRIZIONE, DESCRIZIONE_AL1, DESCRIZIONE_AL2, SEQUENZA, OGGETTO, NUM_RIC, NOTE) VALUES ('SMT_TAB8B','Estrazione Voci stipendiali (Statistiche Min. Tesoro-Tab.8B)',NULL,NULL,NULL,'RAGI',0,NULL);
INSERT INTO estrazione_report ( ESTRAZIONE, DESCRIZIONE, DESCRIZIONE_AL1, DESCRIZIONE_AL2, SEQUENZA, OGGETTO, NUM_RIC, NOTE) VALUES ('SMT_TAB8C','Estrazione Voci stipendiali (Statistiche Min. Tesoro-Tab.8C)',NULL,NULL,NULL,'RAGI',0,NULL);
INSERT INTO estrazione_report ( ESTRAZIONE, DESCRIZIONE, DESCRIZIONE_AL1, DESCRIZIONE_AL2, SEQUENZA, OGGETTO, NUM_RIC, NOTE) VALUES ('SINDACALI','Elenco Situazioni Sindacali',NULL,NULL,NULL,'PERE',4,'PECSDSRE');
INSERT INTO estrazione_report ( ESTRAZIONE, DESCRIZIONE, DESCRIZIONE_AL1, DESCRIZIONE_AL2, SEQUENZA, OGGETTO, NUM_RIC, NOTE) VALUES ('DEBITORIE','Elenco Situazioni Debitorie',NULL,NULL,NULL,'PERE',4,'PECSDDRE');
INSERT INTO estrazione_report ( ESTRAZIONE, DESCRIZIONE, DESCRIZIONE_AL1, DESCRIZIONE_AL2, SEQUENZA, OGGETTO, NUM_RIC, NOTE) VALUES ('LISTA_CDC','Lista Anagrafica per CDC',NULL,NULL,3,'RAIN',6,NULL);
INSERT INTO estrazione_report ( ESTRAZIONE, DESCRIZIONE, DESCRIZIONE_AL1, DESCRIZIONE_AL2, SEQUENZA, OGGETTO, NUM_RIC, NOTE) VALUES ('MODULO_VARIABILI','Modulo Raccolta Variabili',NULL,NULL,1,'RAGI',6,NULL);
INSERT INTO estrazione_report ( ESTRAZIONE, DESCRIZIONE, DESCRIZIONE_AL1, DESCRIZIONE_AL2, SEQUENZA, OGGETTO, NUM_RIC, NOTE) VALUES ('RINNOVO_CCNL','Rinnovo contratto di lavoro',NULL,NULL,NULL,'COVO',0,NULL);
INSERT INTO estrazione_report ( ESTRAZIONE, DESCRIZIONE, DESCRIZIONE_AL1, DESCRIZIONE_AL2, SEQUENZA, OGGETTO, NUM_RIC, NOTE) VALUES ('ELENCO_SSN','elenco ssn',NULL,NULL,1,'RAGF',6,NULL);
INSERT INTO estrazione_report ( ESTRAZIONE, DESCRIZIONE, DESCRIZIONE_AL1, DESCRIZIONE_AL2, SEQUENZA, OGGETTO, NUM_RIC, NOTE) VALUES ('ESTR_STR','Estrazione Movimenti Mensili',NULL,NULL,1,'RAGF',6,NULL);
INSERT INTO estrazione_report ( ESTRAZIONE, DESCRIZIONE, DESCRIZIONE_AL1, DESCRIZIONE_AL2, SEQUENZA, OGGETTO, NUM_RIC, NOTE) VALUES ('LISTA_ENPAM','Lista ENPAM',NULL,NULL,10,'PERE',6,NULL);
INSERT INTO estrazione_report ( ESTRAZIONE, DESCRIZIONE, DESCRIZIONE_AL1, DESCRIZIONE_AL2, SEQUENZA, OGGETTO, NUM_RIC, NOTE) VALUES ('770_ABIS','Situazione di Fine Anno per Riepilogo Fiscale',NULL,NULL,NULL,'RAGI',6,'PECL70AB');
INSERT INTO estrazione_report ( ESTRAZIONE, DESCRIZIONE, DESCRIZIONE_AL1, DESCRIZIONE_AL2, SEQUENZA, OGGETTO, NUM_RIC, NOTE) VALUES ('ADDIZIONALE_IRPEF','Riepilogo addizionale IRPEF per Regione',NULL,NULL,75,'PERE',6,NULL);
INSERT INTO estrazione_report ( ESTRAZIONE, DESCRIZIONE, DESCRIZIONE_AL1, DESCRIZIONE_AL2, SEQUENZA, OGGETTO, NUM_RIC, NOTE) VALUES ('LISTA_MEDICI','Lista medici assunti da 1/1/91 a 31/12/94',NULL,NULL,2,'RAGI',6,NULL);
INSERT INTO estrazione_report ( ESTRAZIONE, DESCRIZIONE, DESCRIZIONE_AL1, DESCRIZIONE_AL2, SEQUENZA, OGGETTO, NUM_RIC, NOTE) VALUES ('LISTA_CASSAMALATTIA','Lista Cassa Malattia Guardie Mediche',NULL,NULL,10,'PERE',6,NULL);
INSERT INTO estrazione_report ( ESTRAZIONE, DESCRIZIONE, DESCRIZIONE_AL1, DESCRIZIONE_AL2, SEQUENZA, OGGETTO, NUM_RIC, NOTE) VALUES ('CDC','Imputazione ai Centri di Costo',NULL,NULL,NULL,'PERE',0,NULL);
INSERT INTO estrazione_report ( ESTRAZIONE, DESCRIZIONE, DESCRIZIONE_AL1, DESCRIZIONE_AL2, SEQUENZA, OGGETTO, NUM_RIC, NOTE) VALUES ('ESTRAZIONE_GIAF','Estrazione voci economiche (prova)',NULL,NULL,1,'RAGI',6,NULL);
INSERT INTO estrazione_report ( ESTRAZIONE, DESCRIZIONE, DESCRIZIONE_AL1, DESCRIZIONE_AL2, SEQUENZA, OGGETTO, NUM_RIC, NOTE) VALUES ('DENUNCIA_ENPAM','Estrazione per denuncia ENPAM',NULL,NULL,10,'PERE',6,NULL);
INSERT INTO estrazione_report ( ESTRAZIONE, DESCRIZIONE, DESCRIZIONE_AL1, DESCRIZIONE_AL2, SEQUENZA, OGGETTO, NUM_RIC, NOTE) VALUES ('INFORTUNIO_INAIL','Estrazione per compilazione Infortuni INAIL',NULL,NULL,NULL,'INRE',0,NULL);
INSERT INTO estrazione_report ( ESTRAZIONE, DESCRIZIONE, DESCRIZIONE_AL1, DESCRIZIONE_AL2, SEQUENZA, OGGETTO, NUM_RIC, NOTE) VALUES ('FILE_UNIVERSITARI','Creazione del Supporto Magnetico per Universitari',NULL,NULL,NULL,'VACM',0,NULL);
INSERT INTO estrazione_report ( ESTRAZIONE, DESCRIZIONE, DESCRIZIONE_AL1, DESCRIZIONE_AL2, SEQUENZA, OGGETTO, NUM_RIC, NOTE) VALUES ('ADDIZIONALE_COMUNALE','Report per Addizionale Comunale',NULL,NULL,75,'PERE',6,NULL);
INSERT INTO estrazione_report ( ESTRAZIONE, DESCRIZIONE, DESCRIZIONE_AL1, DESCRIZIONE_AL2, SEQUENZA, OGGETTO, NUM_RIC, NOTE) VALUES ('CARO_VITA','Caro Vita',NULL,NULL,NULL,'PERE',0,NULL);
INSERT INTO estrazione_report ( ESTRAZIONE, DESCRIZIONE, DESCRIZIONE_AL1, DESCRIZIONE_AL2, SEQUENZA, OGGETTO, NUM_RIC, NOTE) VALUES ('DENUNCIA_CUD','Elementi Retributivi per Denuncia Fiscale CUD',NULL,NULL,NULL,'RAGI',0,'PECSMCUD');
INSERT INTO estrazione_report ( ESTRAZIONE, DESCRIZIONE, DESCRIZIONE_AL1, DESCRIZIONE_AL2, SEQUENZA, OGGETTO, NUM_RIC, NOTE) VALUES ('VERIFICHE_CEDOLINO','Verifiche Cedolino',NULL,NULL,NULL,'PERE',6,'PECVOMORE');
INSERT INTO estrazione_report ( ESTRAZIONE, DESCRIZIONE, DESCRIZIONE_AL1, DESCRIZIONE_AL2, SEQUENZA, OGGETTO, NUM_RIC, NOTE) VALUES ('RAPPORTO_PRECEDENTE','Rapporto Precedente',NULL,NULL,NULL,'RAGI',0,'PECAPRED');
INSERT INTO estrazione_report ( ESTRAZIONE, DESCRIZIONE, DESCRIZIONE_AL1, DESCRIZIONE_AL2, SEQUENZA, OGGETTO, NUM_RIC, NOTE) VALUES ('DENUNCIA_GLA','Denuncia Gla',NULL,NULL,100,'RAGI',0,'PECARGLA');
INSERT INTO estrazione_report ( ESTRAZIONE, DESCRIZIONE, DESCRIZIONE_AL1, DESCRIZIONE_AL2, SEQUENZA, OGGETTO, NUM_RIC, NOTE) VALUES ('CARTOLARIZZAZIONE','Appoggio per Cartolarizzazione INPDAP',NULL,NULL,NULL,'RAGI',0,NULL);
INSERT INTO estrazione_report ( ESTRAZIONE, DESCRIZIONE, DESCRIZIONE_AL1, DESCRIZIONE_AL2, SEQUENZA, OGGETTO, NUM_RIC, NOTE) VALUES ('LIS_AUTOLIQUIDAZIONE','Lista Nominativa Autoliquidazione INAIL',NULL,NULL,20,'REIN',6,NULL);
INSERT INTO estrazione_report ( ESTRAZIONE, DESCRIZIONE, DESCRIZIONE_AL1, DESCRIZIONE_AL2, SEQUENZA, OGGETTO, NUM_RIC, NOTE) VALUES ('QUADRATURA_INAIL','Quadratura retribuzioni INAIL per Autoliquidazione',NULL,NULL,20,'REIN',6,NULL);
INSERT INTO estrazione_report ( ESTRAZIONE, DESCRIZIONE, DESCRIZIONE_AL1, DESCRIZIONE_AL2, SEQUENZA, OGGETTO, NUM_RIC, NOTE) VALUES ('DENUNCIA_DMA','Denuncia DMA',NULL,NULL,NULL,'RAGI',0,'PECCADMA');
INSERT INTO estrazione_report ( ESTRAZIONE, DESCRIZIONE, DESCRIZIONE_AL1, DESCRIZIONE_AL2, SEQUENZA, OGGETTO, NUM_RIC, NOTE) VALUES ('DENUNCIA_EMENS','Estrazione per Denuncia EMENS',NULL,NULL,NULL,'RAGI',0,'PECCADMI');
INSERT INTO estrazione_report ( ESTRAZIONE, DESCRIZIONE, DESCRIZIONE_AL1, DESCRIZIONE_AL2, SEQUENZA, OGGETTO, NUM_RIC, NOTE) VALUES ('DENUNCIA_SOSTITUTI','Modello di Dichiarazione per Sostituti Imposta',NULL,NULL,100,'RAGI',0,'PECSMDSI - PECL70SC');
INSERT INTO estrazione_report ( ESTRAZIONE, DESCRIZIONE, DESCRIZIONE_AL1, DESCRIZIONE_AL2, SEQUENZA, OGGETTO, NUM_RIC, NOTE) VALUES ('DISOCCUPAZIONE_INPS','Estrazione per Modullo disoccupazione INPS',NULL,NULL,NULL,'RAGI',0,'Nume stampa');
INSERT INTO estrazione_report ( ESTRAZIONE, DESCRIZIONE, DESCRIZIONE_AL1, DESCRIZIONE_AL2, SEQUENZA, OGGETTO, NUM_RIC, NOTE) VALUES ('ESTRAZIONE_INFORTUNI','Voci per denuncia infortuni',NULL,NULL,111,'PERE',0,NULL);
INSERT INTO estrazione_report ( ESTRAZIONE, DESCRIZIONE, DESCRIZIONE_AL1, DESCRIZIONE_AL2, SEQUENZA, OGGETTO, NUM_RIC, NOTE) VALUES ('ADD_IRPEF_2007','Elenco Addizionali IRPEF',NULL,NULL,75,'PERE',6,'per stampa utilizzare SADCO');

WHENEVER SQLERROR EXIT

ALTER TABLE estrazione_report ENABLE ALL TRIGGERS;


REM ============================================================
REM    Extract TABLE :   ESTRAZIONE_RIGHE_CONTABILI
REM ============================================================

WHENEVER SQLERROR EXIT

ALTER TABLE estrazione_righe_contabili DISABLE ALL TRIGGERS;

WHENEVER SQLERROR CONTINUE

INSERT INTO estrazione_righe_contabili ( ESTRAZIONE, COLONNA, DAL, AL, SEQUENZA, VOCE, SUB, TIPO, ANNO, SEGNO1, DATO1, SEGNO2, DATO2) VALUES ('DENUNCIA_102','ANT_CCNL',to_date('01/01/1993','dd/mm/yyyy'),NULL,1,NULL,NULL,NULL,NULL,'-',0,NULL,NULL);
INSERT INTO estrazione_righe_contabili ( ESTRAZIONE, COLONNA, DAL, AL, SEQUENZA, VOCE, SUB, TIPO, ANNO, SEGNO1, DATO1, SEGNO2, DATO2) VALUES ('DENUNCIA_CP','MINIMALE_CPDEL',to_date('01/01/1991','dd/mm/yyyy'),NULL,1,NULL,NULL,NULL,NULL,'+',14110000,NULL,NULL);
INSERT INTO estrazione_righe_contabili ( ESTRAZIONE, COLONNA, DAL, AL, SEQUENZA, VOCE, SUB, TIPO, ANNO, SEGNO1, DATO1, SEGNO2, DATO2) VALUES ('DENUNCIA_CP','MINIMALE_CPS',to_date('01/01/1991','dd/mm/yyyy'),NULL,1,NULL,NULL,NULL,NULL,'+',14110000,NULL,NULL);
INSERT INTO estrazione_righe_contabili ( ESTRAZIONE, COLONNA, DAL, AL, SEQUENZA, VOCE, SUB, TIPO, ANNO, SEGNO1, DATO1, SEGNO2, DATO2) VALUES ('DENUNCIA_CP','MINIMALE_CPI',to_date('01/01/1991','dd/mm/yyyy'),NULL,1,NULL,NULL,NULL,NULL,'+',14110000,NULL,NULL);
INSERT INTO estrazione_righe_contabili ( ESTRAZIONE, COLONNA, DAL, AL, SEQUENZA, VOCE, SUB, TIPO, ANNO, SEGNO1, DATO1, SEGNO2, DATO2) VALUES ('ESTRAZIONE_MENSILE','02',to_date('01/01/1993','dd/mm/yyyy'),NULL,1,'IPT.ORD','*','I',NULL,NULL,NULL,NULL,NULL);
INSERT INTO estrazione_righe_contabili ( ESTRAZIONE, COLONNA, DAL, AL, SEQUENZA, VOCE, SUB, TIPO, ANNO, SEGNO1, DATO1, SEGNO2, DATO2) VALUES ('ESTRAZIONE_MENSILE','07',to_date('01/01/1993','dd/mm/yyyy'),NULL,1,'IPT.ORD','*','I',NULL,NULL,NULL,NULL,NULL);
INSERT INTO estrazione_righe_contabili ( ESTRAZIONE, COLONNA, DAL, AL, SEQUENZA, VOCE, SUB, TIPO, ANNO, SEGNO1, DATO1, SEGNO2, DATO2) VALUES ('ESTRAZIONE_MENSILE','07',to_date('01/01/1993','dd/mm/yyyy'),NULL,2,'IPT.PAG','*','I',NULL,NULL,NULL,NULL,NULL);
INSERT INTO estrazione_righe_contabili ( ESTRAZIONE, COLONNA, DAL, AL, SEQUENZA, VOCE, SUB, TIPO, ANNO, SEGNO1, DATO1, SEGNO2, DATO2) VALUES ('ESTRAZIONE_MENSILE','08',to_date('01/01/1993','dd/mm/yyyy'),NULL,1,'IPT.AP','*','I',NULL,NULL,NULL,NULL,NULL);
INSERT INTO estrazione_righe_contabili ( ESTRAZIONE, COLONNA, DAL, AL, SEQUENZA, VOCE, SUB, TIPO, ANNO, SEGNO1, DATO1, SEGNO2, DATO2) VALUES ('ESTRAZIONE_MENSILE','08',to_date('01/01/1993','dd/mm/yyyy'),NULL,2,'IPT.LOR','*','I',NULL,NULL,NULL,NULL,NULL);
INSERT INTO estrazione_righe_contabili ( ESTRAZIONE, COLONNA, DAL, AL, SEQUENZA, VOCE, SUB, TIPO, ANNO, SEGNO1, DATO1, SEGNO2, DATO2) VALUES ('ESTRAZIONE_MENSILE','12',to_date('01/01/1993','dd/mm/yyyy'),NULL,1,'DET.TOT','*','I',NULL,NULL,NULL,NULL,NULL);
INSERT INTO estrazione_righe_contabili ( ESTRAZIONE, COLONNA, DAL, AL, SEQUENZA, VOCE, SUB, TIPO, ANNO, SEGNO1, DATO1, SEGNO2, DATO2) VALUES ('ESTRAZIONE_MENSILE','14',to_date('01/01/1993','dd/mm/yyyy'),NULL,1,'IPT.ORD','*','I',NULL,NULL,NULL,NULL,NULL);
INSERT INTO estrazione_righe_contabili ( ESTRAZIONE, COLONNA, DAL, AL, SEQUENZA, VOCE, SUB, TIPO, ANNO, SEGNO1, DATO1, SEGNO2, DATO2) VALUES ('ESTRAZIONE_MENSILE','14',to_date('01/01/1993','dd/mm/yyyy'),NULL,2,'IPT.PAG','*','I',NULL,NULL,NULL,NULL,NULL);
INSERT INTO estrazione_righe_contabili ( ESTRAZIONE, COLONNA, DAL, AL, SEQUENZA, VOCE, SUB, TIPO, ANNO, SEGNO1, DATO1, SEGNO2, DATO2) VALUES ('ESTRAZIONE_MENSILE','14',to_date('01/01/1993','dd/mm/yyyy'),NULL,3,'IPT.AP','*','I',NULL,NULL,NULL,NULL,NULL);
INSERT INTO estrazione_righe_contabili ( ESTRAZIONE, COLONNA, DAL, AL, SEQUENZA, VOCE, SUB, TIPO, ANNO, SEGNO1, DATO1, SEGNO2, DATO2) VALUES ('ESTRAZIONE_MENSILE','14',to_date('01/01/1993','dd/mm/yyyy'),NULL,4,'IPT.LOR','*','I',NULL,NULL,NULL,NULL,NULL);
INSERT INTO estrazione_righe_contabili ( ESTRAZIONE, COLONNA, DAL, AL, SEQUENZA, VOCE, SUB, TIPO, ANNO, SEGNO1, DATO1, SEGNO2, DATO2) VALUES ('DM10_S','04',to_date('01/01/1991','dd/mm/yyyy'),NULL,1,NULL,NULL,NULL,NULL,'+',0,NULL,NULL);
INSERT INTO estrazione_righe_contabili ( ESTRAZIONE, COLONNA, DAL, AL, SEQUENZA, VOCE, SUB, TIPO, ANNO, SEGNO1, DATO1, SEGNO2, DATO2) VALUES ('DENUNCIA_ONAOSI','GG',to_date('01/01/1991','dd/mm/yyyy'),NULL,1,'GG.RAP','*','Q',NULL,NULL,NULL,NULL,NULL);
INSERT INTO estrazione_righe_contabili ( ESTRAZIONE, COLONNA, DAL, AL, SEQUENZA, VOCE, SUB, TIPO, ANNO, SEGNO1, DATO1, SEGNO2, DATO2) VALUES ('ESTRAZIONE_MENSILE','01',to_date('01/01/1993','dd/mm/yyyy'),NULL,1,'NETTO','*','I',NULL,NULL,NULL,NULL,NULL);
INSERT INTO estrazione_righe_contabili ( ESTRAZIONE, COLONNA, DAL, AL, SEQUENZA, VOCE, SUB, TIPO, ANNO, SEGNO1, DATO1, SEGNO2, DATO2) VALUES ('ELENCO_SSN','06',to_date('01/01/1993','dd/mm/yyyy'),NULL,1,'NETTO','*','I',NULL,NULL,NULL,NULL,NULL);
INSERT INTO estrazione_righe_contabili ( ESTRAZIONE, COLONNA, DAL, AL, SEQUENZA, VOCE, SUB, TIPO, ANNO, SEGNO1, DATO1, SEGNO2, DATO2) VALUES ('ELENCO_SSN','07',to_date('01/01/1993','dd/mm/yyyy'),NULL,1,'IPT.ORD','*','I',NULL,NULL,NULL,NULL,NULL);
INSERT INTO estrazione_righe_contabili ( ESTRAZIONE, COLONNA, DAL, AL, SEQUENZA, VOCE, SUB, TIPO, ANNO, SEGNO1, DATO1, SEGNO2, DATO2) VALUES ('ELENCO_SSN','07',to_date('01/01/1993','dd/mm/yyyy'),NULL,2,'IPT.PAG','*','I',NULL,NULL,NULL,NULL,NULL);
INSERT INTO estrazione_righe_contabili ( ESTRAZIONE, COLONNA, DAL, AL, SEQUENZA, VOCE, SUB, TIPO, ANNO, SEGNO1, DATO1, SEGNO2, DATO2) VALUES ('ELENCO_SSN','08',to_date('01/01/1993','dd/mm/yyyy'),NULL,1,'IPT.AP','*','I',NULL,NULL,NULL,NULL,NULL);
INSERT INTO estrazione_righe_contabili ( ESTRAZIONE, COLONNA, DAL, AL, SEQUENZA, VOCE, SUB, TIPO, ANNO, SEGNO1, DATO1, SEGNO2, DATO2) VALUES ('ELENCO_SSN','08',to_date('01/01/1993','dd/mm/yyyy'),NULL,2,'IPT.LOR','*','I',NULL,NULL,NULL,NULL,NULL);
INSERT INTO estrazione_righe_contabili ( ESTRAZIONE, COLONNA, DAL, AL, SEQUENZA, VOCE, SUB, TIPO, ANNO, SEGNO1, DATO1, SEGNO2, DATO2) VALUES ('ELENCO_SSN','12',to_date('01/01/1993','dd/mm/yyyy'),NULL,1,'DET.TOT','*','I',NULL,NULL,NULL,NULL,NULL);
INSERT INTO estrazione_righe_contabili ( ESTRAZIONE, COLONNA, DAL, AL, SEQUENZA, VOCE, SUB, TIPO, ANNO, SEGNO1, DATO1, SEGNO2, DATO2) VALUES ('ELENCO_SSN','14',to_date('01/01/1993','dd/mm/yyyy'),NULL,1,'IPT.ORD','*','I',NULL,NULL,NULL,NULL,NULL);
INSERT INTO estrazione_righe_contabili ( ESTRAZIONE, COLONNA, DAL, AL, SEQUENZA, VOCE, SUB, TIPO, ANNO, SEGNO1, DATO1, SEGNO2, DATO2) VALUES ('ELENCO_SSN','14',to_date('01/01/1993','dd/mm/yyyy'),NULL,2,'IPT.PAG','*','I',NULL,NULL,NULL,NULL,NULL);
INSERT INTO estrazione_righe_contabili ( ESTRAZIONE, COLONNA, DAL, AL, SEQUENZA, VOCE, SUB, TIPO, ANNO, SEGNO1, DATO1, SEGNO2, DATO2) VALUES ('ELENCO_SSN','14',to_date('01/01/1993','dd/mm/yyyy'),NULL,3,'IPT.AP','*','I',NULL,NULL,NULL,NULL,NULL);
INSERT INTO estrazione_righe_contabili ( ESTRAZIONE, COLONNA, DAL, AL, SEQUENZA, VOCE, SUB, TIPO, ANNO, SEGNO1, DATO1, SEGNO2, DATO2) VALUES ('ELENCO_SSN','14',to_date('01/01/1993','dd/mm/yyyy'),NULL,4,'IPT.LOR','*','I',NULL,NULL,NULL,NULL,NULL);
INSERT INTO estrazione_righe_contabili ( ESTRAZIONE, COLONNA, DAL, AL, SEQUENZA, VOCE, SUB, TIPO, ANNO, SEGNO1, DATO1, SEGNO2, DATO2) VALUES ('ESTR_STR','01',to_date('01/01/1993','dd/mm/yyyy'),NULL,1,'NETTO','*','I',NULL,NULL,NULL,NULL,NULL);
INSERT INTO estrazione_righe_contabili ( ESTRAZIONE, COLONNA, DAL, AL, SEQUENZA, VOCE, SUB, TIPO, ANNO, SEGNO1, DATO1, SEGNO2, DATO2) VALUES ('ESTR_STR','06',to_date('01/01/1993','dd/mm/yyyy'),NULL,1,'NETTO','*','I',NULL,NULL,NULL,NULL,NULL);
INSERT INTO estrazione_righe_contabili ( ESTRAZIONE, COLONNA, DAL, AL, SEQUENZA, VOCE, SUB, TIPO, ANNO, SEGNO1, DATO1, SEGNO2, DATO2) VALUES ('ESTR_STR','07',to_date('01/01/1993','dd/mm/yyyy'),NULL,1,'IPT.ORD','*','I',NULL,NULL,NULL,NULL,NULL);
INSERT INTO estrazione_righe_contabili ( ESTRAZIONE, COLONNA, DAL, AL, SEQUENZA, VOCE, SUB, TIPO, ANNO, SEGNO1, DATO1, SEGNO2, DATO2) VALUES ('ESTR_STR','07',to_date('01/01/1993','dd/mm/yyyy'),NULL,2,'IPT.PAG','*','I',NULL,NULL,NULL,NULL,NULL);
INSERT INTO estrazione_righe_contabili ( ESTRAZIONE, COLONNA, DAL, AL, SEQUENZA, VOCE, SUB, TIPO, ANNO, SEGNO1, DATO1, SEGNO2, DATO2) VALUES ('ESTR_STR','08',to_date('01/01/1993','dd/mm/yyyy'),NULL,1,'IPT.AP','*','I',NULL,NULL,NULL,NULL,NULL);
INSERT INTO estrazione_righe_contabili ( ESTRAZIONE, COLONNA, DAL, AL, SEQUENZA, VOCE, SUB, TIPO, ANNO, SEGNO1, DATO1, SEGNO2, DATO2) VALUES ('ESTR_STR','08',to_date('01/01/1993','dd/mm/yyyy'),NULL,2,'IPT.LOR','*','I',NULL,NULL,NULL,NULL,NULL);
INSERT INTO estrazione_righe_contabili ( ESTRAZIONE, COLONNA, DAL, AL, SEQUENZA, VOCE, SUB, TIPO, ANNO, SEGNO1, DATO1, SEGNO2, DATO2) VALUES ('ESTR_STR','12',to_date('01/01/1993','dd/mm/yyyy'),NULL,1,'DET.TOT','*','I',NULL,NULL,NULL,NULL,NULL);
INSERT INTO estrazione_righe_contabili ( ESTRAZIONE, COLONNA, DAL, AL, SEQUENZA, VOCE, SUB, TIPO, ANNO, SEGNO1, DATO1, SEGNO2, DATO2) VALUES ('ESTR_STR','14',to_date('01/01/1993','dd/mm/yyyy'),NULL,1,'IPT.ORD','*','I',NULL,NULL,NULL,NULL,NULL);
INSERT INTO estrazione_righe_contabili ( ESTRAZIONE, COLONNA, DAL, AL, SEQUENZA, VOCE, SUB, TIPO, ANNO, SEGNO1, DATO1, SEGNO2, DATO2) VALUES ('ESTR_STR','14',to_date('01/01/1993','dd/mm/yyyy'),NULL,2,'IPT.PAG','*','I',NULL,NULL,NULL,NULL,NULL);
INSERT INTO estrazione_righe_contabili ( ESTRAZIONE, COLONNA, DAL, AL, SEQUENZA, VOCE, SUB, TIPO, ANNO, SEGNO1, DATO1, SEGNO2, DATO2) VALUES ('ESTR_STR','14',to_date('01/01/1993','dd/mm/yyyy'),NULL,3,'IPT.AP','*','I',NULL,NULL,NULL,NULL,NULL);
INSERT INTO estrazione_righe_contabili ( ESTRAZIONE, COLONNA, DAL, AL, SEQUENZA, VOCE, SUB, TIPO, ANNO, SEGNO1, DATO1, SEGNO2, DATO2) VALUES ('ESTR_STR','14',to_date('01/01/1993','dd/mm/yyyy'),NULL,4,'IPT.LOR','*','I',NULL,NULL,NULL,NULL,NULL);
INSERT INTO estrazione_righe_contabili ( ESTRAZIONE, COLONNA, DAL, AL, SEQUENZA, VOCE, SUB, TIPO, ANNO, SEGNO1, DATO1, SEGNO2, DATO2) VALUES ('LISTA_ENPAM','01',to_date('01/01/1990','dd/mm/yyyy'),NULL,1,'C.ENPAM','1','T',NULL,NULL,NULL,NULL,NULL);
INSERT INTO estrazione_righe_contabili ( ESTRAZIONE, COLONNA, DAL, AL, SEQUENZA, VOCE, SUB, TIPO, ANNO, SEGNO1, DATO1, SEGNO2, DATO2) VALUES ('LISTA_ENPAM','02',to_date('01/01/1990','dd/mm/yyyy'),NULL,1,'C.ENPAM','1','I',NULL,NULL,NULL,NULL,NULL);
INSERT INTO estrazione_righe_contabili ( ESTRAZIONE, COLONNA, DAL, AL, SEQUENZA, VOCE, SUB, TIPO, ANNO, SEGNO1, DATO1, SEGNO2, DATO2) VALUES ('LISTA_ENPAM','03',to_date('01/01/1990','dd/mm/yyyy'),NULL,1,'C.ENPAM','1','I',NULL,NULL,NULL,NULL,NULL);
INSERT INTO estrazione_righe_contabili ( ESTRAZIONE, COLONNA, DAL, AL, SEQUENZA, VOCE, SUB, TIPO, ANNO, SEGNO1, DATO1, SEGNO2, DATO2) VALUES ('LISTA_ENPAM','03',to_date('01/01/1990','dd/mm/yyyy'),NULL,2,'R.ENPAM','1','I',NULL,NULL,NULL,NULL,NULL);
INSERT INTO estrazione_righe_contabili ( ESTRAZIONE, COLONNA, DAL, AL, SEQUENZA, VOCE, SUB, TIPO, ANNO, SEGNO1, DATO1, SEGNO2, DATO2) VALUES ('LISTA_ENPAM','04',to_date('01/01/1990','dd/mm/yyyy'),NULL,1,'R.ENPAM','1','I',NULL,'*',-1,NULL,NULL);
INSERT INTO estrazione_righe_contabili ( ESTRAZIONE, COLONNA, DAL, AL, SEQUENZA, VOCE, SUB, TIPO, ANNO, SEGNO1, DATO1, SEGNO2, DATO2) VALUES ('ADDIZIONALE_IRPEF','02',to_date('01/01/1991','dd/mm/yyyy'),NULL,1,'ADD.IRPEFA','*','I',NULL,'*',-1,NULL,NULL);
INSERT INTO estrazione_righe_contabili ( ESTRAZIONE, COLONNA, DAL, AL, SEQUENZA, VOCE, SUB, TIPO, ANNO, SEGNO1, DATO1, SEGNO2, DATO2) VALUES ('LISTA_CASSAMALATTIA','01',to_date('01/01/1990','dd/mm/yyyy'),NULL,1,'C.CASSAGM','*','T',NULL,NULL,NULL,NULL,NULL);
INSERT INTO estrazione_righe_contabili ( ESTRAZIONE, COLONNA, DAL, AL, SEQUENZA, VOCE, SUB, TIPO, ANNO, SEGNO1, DATO1, SEGNO2, DATO2) VALUES ('LISTA_CASSAMALATTIA','02',to_date('01/01/1990','dd/mm/yyyy'),NULL,1,'C.CASSAGM','*','I',NULL,NULL,NULL,NULL,NULL);
INSERT INTO estrazione_righe_contabili ( ESTRAZIONE, COLONNA, DAL, AL, SEQUENZA, VOCE, SUB, TIPO, ANNO, SEGNO1, DATO1, SEGNO2, DATO2) VALUES ('CDC','1',to_date('01/01/1991','dd/mm/yyyy'),NULL,1,'GG.RID','*','Q',NULL,'/',30,NULL,NULL);
INSERT INTO estrazione_righe_contabili ( ESTRAZIONE, COLONNA, DAL, AL, SEQUENZA, VOCE, SUB, TIPO, ANNO, SEGNO1, DATO1, SEGNO2, DATO2) VALUES ('CDC','3',to_date('01/01/1991','dd/mm/yyyy'),NULL,1,NULL,NULL,NULL,NULL,NULL,NULL,NULL,NULL);
INSERT INTO estrazione_righe_contabili ( ESTRAZIONE, COLONNA, DAL, AL, SEQUENZA, VOCE, SUB, TIPO, ANNO, SEGNO1, DATO1, SEGNO2, DATO2) VALUES ('CDC','3',to_date('01/01/1991','dd/mm/yyyy'),NULL,2,NULL,NULL,NULL,NULL,NULL,NULL,NULL,NULL);
INSERT INTO estrazione_righe_contabili ( ESTRAZIONE, COLONNA, DAL, AL, SEQUENZA, VOCE, SUB, TIPO, ANNO, SEGNO1, DATO1, SEGNO2, DATO2) VALUES ('CDC','3',to_date('01/01/1991','dd/mm/yyyy'),NULL,3,NULL,NULL,NULL,NULL,NULL,NULL,NULL,NULL);
INSERT INTO estrazione_righe_contabili ( ESTRAZIONE, COLONNA, DAL, AL, SEQUENZA, VOCE, SUB, TIPO, ANNO, SEGNO1, DATO1, SEGNO2, DATO2) VALUES ('CDC','3',to_date('01/01/1991','dd/mm/yyyy'),NULL,4,NULL,NULL,NULL,NULL,NULL,NULL,NULL,NULL);
INSERT INTO estrazione_righe_contabili ( ESTRAZIONE, COLONNA, DAL, AL, SEQUENZA, VOCE, SUB, TIPO, ANNO, SEGNO1, DATO1, SEGNO2, DATO2) VALUES ('ADDIZIONALE_IRPEF','01',to_date('01/01/1991','dd/mm/yyyy'),NULL,1,'ADD.IRPEFA','*','T',NULL,NULL,NULL,NULL,NULL);
INSERT INTO estrazione_righe_contabili ( ESTRAZIONE, COLONNA, DAL, AL, SEQUENZA, VOCE, SUB, TIPO, ANNO, SEGNO1, DATO1, SEGNO2, DATO2) VALUES ('ESTRAZIONE_GIAF','02',to_date('01/01/1993','dd/mm/yyyy'),NULL,1,'IPT.ORD','*','I',NULL,NULL,NULL,NULL,NULL);
INSERT INTO estrazione_righe_contabili ( ESTRAZIONE, COLONNA, DAL, AL, SEQUENZA, VOCE, SUB, TIPO, ANNO, SEGNO1, DATO1, SEGNO2, DATO2) VALUES ('ESTRAZIONE_GIAF','06',to_date('01/01/1993','dd/mm/yyyy'),NULL,1,'NETTO','*','I',NULL,NULL,NULL,NULL,NULL);
INSERT INTO estrazione_righe_contabili ( ESTRAZIONE, COLONNA, DAL, AL, SEQUENZA, VOCE, SUB, TIPO, ANNO, SEGNO1, DATO1, SEGNO2, DATO2) VALUES ('ESTRAZIONE_GIAF','07',to_date('01/01/1993','dd/mm/yyyy'),NULL,1,'IPT.ORD','*','I',NULL,NULL,NULL,NULL,NULL);
INSERT INTO estrazione_righe_contabili ( ESTRAZIONE, COLONNA, DAL, AL, SEQUENZA, VOCE, SUB, TIPO, ANNO, SEGNO1, DATO1, SEGNO2, DATO2) VALUES ('ESTRAZIONE_GIAF','07',to_date('01/01/1993','dd/mm/yyyy'),NULL,2,'IPT.PAG','*','I',NULL,NULL,NULL,NULL,NULL);
INSERT INTO estrazione_righe_contabili ( ESTRAZIONE, COLONNA, DAL, AL, SEQUENZA, VOCE, SUB, TIPO, ANNO, SEGNO1, DATO1, SEGNO2, DATO2) VALUES ('ESTRAZIONE_GIAF','08',to_date('01/01/1993','dd/mm/yyyy'),NULL,1,'IPT.AP','*','I',NULL,NULL,NULL,NULL,NULL);
INSERT INTO estrazione_righe_contabili ( ESTRAZIONE, COLONNA, DAL, AL, SEQUENZA, VOCE, SUB, TIPO, ANNO, SEGNO1, DATO1, SEGNO2, DATO2) VALUES ('ESTRAZIONE_GIAF','08',to_date('01/01/1993','dd/mm/yyyy'),NULL,2,'IPT.LOR','*','I',NULL,NULL,NULL,NULL,NULL);
INSERT INTO estrazione_righe_contabili ( ESTRAZIONE, COLONNA, DAL, AL, SEQUENZA, VOCE, SUB, TIPO, ANNO, SEGNO1, DATO1, SEGNO2, DATO2) VALUES ('ESTRAZIONE_GIAF','12',to_date('01/01/1993','dd/mm/yyyy'),NULL,1,'DET.TOT','*','I',NULL,NULL,NULL,NULL,NULL);
INSERT INTO estrazione_righe_contabili ( ESTRAZIONE, COLONNA, DAL, AL, SEQUENZA, VOCE, SUB, TIPO, ANNO, SEGNO1, DATO1, SEGNO2, DATO2) VALUES ('ESTRAZIONE_GIAF','14',to_date('01/01/1993','dd/mm/yyyy'),NULL,1,'IPT.ORD','*','I',NULL,NULL,NULL,NULL,NULL);
INSERT INTO estrazione_righe_contabili ( ESTRAZIONE, COLONNA, DAL, AL, SEQUENZA, VOCE, SUB, TIPO, ANNO, SEGNO1, DATO1, SEGNO2, DATO2) VALUES ('ESTRAZIONE_GIAF','14',to_date('01/01/1993','dd/mm/yyyy'),NULL,2,'IPT.PAG','*','I',NULL,NULL,NULL,NULL,NULL);
INSERT INTO estrazione_righe_contabili ( ESTRAZIONE, COLONNA, DAL, AL, SEQUENZA, VOCE, SUB, TIPO, ANNO, SEGNO1, DATO1, SEGNO2, DATO2) VALUES ('ESTRAZIONE_GIAF','14',to_date('01/01/1993','dd/mm/yyyy'),NULL,3,'IPT.AP','*','I',NULL,NULL,NULL,NULL,NULL);
INSERT INTO estrazione_righe_contabili ( ESTRAZIONE, COLONNA, DAL, AL, SEQUENZA, VOCE, SUB, TIPO, ANNO, SEGNO1, DATO1, SEGNO2, DATO2) VALUES ('ESTRAZIONE_GIAF','14',to_date('01/01/1993','dd/mm/yyyy'),NULL,4,'IPT.LOR','*','I',NULL,NULL,NULL,NULL,NULL);
INSERT INTO estrazione_righe_contabili ( ESTRAZIONE, COLONNA, DAL, AL, SEQUENZA, VOCE, SUB, TIPO, ANNO, SEGNO1, DATO1, SEGNO2, DATO2) VALUES ('ESTRAZIONE_GIAF','01',to_date('01/01/1993','dd/mm/yyyy'),NULL,1,'NETTO','*','I',NULL,NULL,NULL,NULL,NULL);
INSERT INTO estrazione_righe_contabili ( ESTRAZIONE, COLONNA, DAL, AL, SEQUENZA, VOCE, SUB, TIPO, ANNO, SEGNO1, DATO1, SEGNO2, DATO2) VALUES ('DENUNCIA_ENPAM','01',to_date('01/01/1990','dd/mm/yyyy'),NULL,1,'C.ENPAM','1','T',NULL,NULL,NULL,NULL,NULL);
INSERT INTO estrazione_righe_contabili ( ESTRAZIONE, COLONNA, DAL, AL, SEQUENZA, VOCE, SUB, TIPO, ANNO, SEGNO1, DATO1, SEGNO2, DATO2) VALUES ('DENUNCIA_ENPAM','02',to_date('01/01/1990','dd/mm/yyyy'),NULL,1,'C.ENPAM','1','I',NULL,NULL,NULL,NULL,NULL);
INSERT INTO estrazione_righe_contabili ( ESTRAZIONE, COLONNA, DAL, AL, SEQUENZA, VOCE, SUB, TIPO, ANNO, SEGNO1, DATO1, SEGNO2, DATO2) VALUES ('DENUNCIA_ENPAM','03',to_date('01/01/1990','dd/mm/yyyy'),NULL,1,'C.ENPAM','1','I',NULL,NULL,NULL,NULL,NULL);
INSERT INTO estrazione_righe_contabili ( ESTRAZIONE, COLONNA, DAL, AL, SEQUENZA, VOCE, SUB, TIPO, ANNO, SEGNO1, DATO1, SEGNO2, DATO2) VALUES ('DENUNCIA_ENPAM','03',to_date('01/01/1990','dd/mm/yyyy'),NULL,2,'R.ENPAM','1','I',NULL,NULL,NULL,NULL,NULL);
INSERT INTO estrazione_righe_contabili ( ESTRAZIONE, COLONNA, DAL, AL, SEQUENZA, VOCE, SUB, TIPO, ANNO, SEGNO1, DATO1, SEGNO2, DATO2) VALUES ('DENUNCIA_ENPAM','04',to_date('01/01/1990','dd/mm/yyyy'),NULL,1,'R.ENPAM','1','I',NULL,'*',-1,NULL,NULL);
INSERT INTO estrazione_righe_contabili ( ESTRAZIONE, COLONNA, DAL, AL, SEQUENZA, VOCE, SUB, TIPO, ANNO, SEGNO1, DATO1, SEGNO2, DATO2) VALUES ('ADDIZIONALE_COMUNALE','02',to_date('01/01/1991','dd/mm/yyyy'),NULL,1,'ADD.IRPEFA','*','I',NULL,'*',-1,NULL,NULL);
INSERT INTO estrazione_righe_contabili ( ESTRAZIONE, COLONNA, DAL, AL, SEQUENZA, VOCE, SUB, TIPO, ANNO, SEGNO1, DATO1, SEGNO2, DATO2) VALUES ('ADDIZIONALE_COMUNALE','01',to_date('01/01/1991','dd/mm/yyyy'),NULL,1,'ADD.IRPEFA','*','T',NULL,NULL,NULL,NULL,NULL);
INSERT INTO estrazione_righe_contabili ( ESTRAZIONE, COLONNA, DAL, AL, SEQUENZA, VOCE, SUB, TIPO, ANNO, SEGNO1, DATO1, SEGNO2, DATO2) VALUES ('CARO_VITA','GMED_VAL',to_date('01/01/1980','dd/mm/yyyy'),NULL,0,NULL,NULL,NULL,NULL,'+',0,'*',0);
INSERT INTO estrazione_righe_contabili ( ESTRAZIONE, COLONNA, DAL, AL, SEQUENZA, VOCE, SUB, TIPO, ANNO, SEGNO1, DATO1, SEGNO2, DATO2) VALUES ('CARO_VITA','GMED_VAL',to_date('01/01/1980','dd/mm/yyyy'),NULL,1,NULL,NULL,NULL,NULL,'+',56,'*',4843.765);
INSERT INTO estrazione_righe_contabili ( ESTRAZIONE, COLONNA, DAL, AL, SEQUENZA, VOCE, SUB, TIPO, ANNO, SEGNO1, DATO1, SEGNO2, DATO2) VALUES ('CARO_VITA','GMED_VAL',to_date('01/01/1980','dd/mm/yyyy'),NULL,2,NULL,NULL,NULL,NULL,'+',57,'*',4768.56);
INSERT INTO estrazione_righe_contabili ( ESTRAZIONE, COLONNA, DAL, AL, SEQUENZA, VOCE, SUB, TIPO, ANNO, SEGNO1, DATO1, SEGNO2, DATO2) VALUES ('CARO_VITA','GMED_VAL',to_date('01/01/1980','dd/mm/yyyy'),NULL,3,NULL,NULL,NULL,NULL,'+',58,'*',3781.03);
INSERT INTO estrazione_righe_contabili ( ESTRAZIONE, COLONNA, DAL, AL, SEQUENZA, VOCE, SUB, TIPO, ANNO, SEGNO1, DATO1, SEGNO2, DATO2) VALUES ('CARO_VITA','GMED_VAL',to_date('01/01/1980','dd/mm/yyyy'),NULL,4,NULL,NULL,NULL,NULL,'+',59,'*',3864.017);
INSERT INTO estrazione_righe_contabili ( ESTRAZIONE, COLONNA, DAL, AL, SEQUENZA, VOCE, SUB, TIPO, ANNO, SEGNO1, DATO1, SEGNO2, DATO2) VALUES ('CARO_VITA','GMED_VAL',to_date('01/01/1980','dd/mm/yyyy'),NULL,5,NULL,NULL,NULL,NULL,'+',60,'*',3503.029);
INSERT INTO estrazione_righe_contabili ( ESTRAZIONE, COLONNA, DAL, AL, SEQUENZA, VOCE, SUB, TIPO, ANNO, SEGNO1, DATO1, SEGNO2, DATO2) VALUES ('CARO_VITA','GMED_VAL',to_date('01/01/1980','dd/mm/yyyy'),NULL,6,NULL,NULL,NULL,NULL,'+',61,'*',2868.189);
INSERT INTO estrazione_righe_contabili ( ESTRAZIONE, COLONNA, DAL, AL, SEQUENZA, VOCE, SUB, TIPO, ANNO, SEGNO1, DATO1, SEGNO2, DATO2) VALUES ('CARO_VITA','GMED_VAL',to_date('01/01/1980','dd/mm/yyyy'),NULL,7,NULL,NULL,NULL,NULL,'+',62,'*',3264.446);
INSERT INTO estrazione_righe_contabili ( ESTRAZIONE, COLONNA, DAL, AL, SEQUENZA, VOCE, SUB, TIPO, ANNO, SEGNO1, DATO1, SEGNO2, DATO2) VALUES ('CARO_VITA','GMED_VAL',to_date('01/01/1980','dd/mm/yyyy'),NULL,8,NULL,NULL,NULL,NULL,'+',63,'*',2614.046);
INSERT INTO estrazione_righe_contabili ( ESTRAZIONE, COLONNA, DAL, AL, SEQUENZA, VOCE, SUB, TIPO, ANNO, SEGNO1, DATO1, SEGNO2, DATO2) VALUES ('CARO_VITA','GMED_VAL',to_date('01/01/1980','dd/mm/yyyy'),NULL,9,NULL,NULL,NULL,NULL,'+',64,'*',2402.433);
INSERT INTO estrazione_righe_contabili ( ESTRAZIONE, COLONNA, DAL, AL, SEQUENZA, VOCE, SUB, TIPO, ANNO, SEGNO1, DATO1, SEGNO2, DATO2) VALUES ('CARO_VITA','GMED_VAL',to_date('01/01/1980','dd/mm/yyyy'),NULL,10,NULL,NULL,NULL,NULL,'+',65,'*',2243.723);
INSERT INTO estrazione_righe_contabili ( ESTRAZIONE, COLONNA, DAL, AL, SEQUENZA, VOCE, SUB, TIPO, ANNO, SEGNO1, DATO1, SEGNO2, DATO2) VALUES ('CARO_VITA','GMED_VAL',to_date('01/01/1980','dd/mm/yyyy'),NULL,11,NULL,NULL,NULL,NULL,'+',66,'*',2148.29);
INSERT INTO estrazione_righe_contabili ( ESTRAZIONE, COLONNA, DAL, AL, SEQUENZA, VOCE, SUB, TIPO, ANNO, SEGNO1, DATO1, SEGNO2, DATO2) VALUES ('CARO_VITA','GMED_VAL',to_date('01/01/1980','dd/mm/yyyy'),NULL,12,NULL,NULL,NULL,NULL,'+',67,'*',2147.252);
INSERT INTO estrazione_righe_contabili ( ESTRAZIONE, COLONNA, DAL, AL, SEQUENZA, VOCE, SUB, TIPO, ANNO, SEGNO1, DATO1, SEGNO2, DATO2) VALUES ('CARO_VITA','GMED_VAL',to_date('01/01/1980','dd/mm/yyyy'),NULL,13,NULL,NULL,NULL,NULL,'+',68,'*',2126.506);
INSERT INTO estrazione_righe_contabili ( ESTRAZIONE, COLONNA, DAL, AL, SEQUENZA, VOCE, SUB, TIPO, ANNO, SEGNO1, DATO1, SEGNO2, DATO2) VALUES ('CARO_VITA','GMED_VAL',to_date('01/01/1980','dd/mm/yyyy'),NULL,14,NULL,NULL,NULL,NULL,'+',69,'*',1907.6314);
INSERT INTO estrazione_righe_contabili ( ESTRAZIONE, COLONNA, DAL, AL, SEQUENZA, VOCE, SUB, TIPO, ANNO, SEGNO1, DATO1, SEGNO2, DATO2) VALUES ('CARO_VITA','GMED_VAL',to_date('01/01/1980','dd/mm/yyyy'),NULL,15,NULL,NULL,NULL,NULL,'+',70,'*',1909.706);
INSERT INTO estrazione_righe_contabili ( ESTRAZIONE, COLONNA, DAL, AL, SEQUENZA, VOCE, SUB, TIPO, ANNO, SEGNO1, DATO1, SEGNO2, DATO2) VALUES ('CARO_VITA','GMED_VAL',to_date('01/01/1980','dd/mm/yyyy'),NULL,16,NULL,NULL,NULL,NULL,'+',71,'*',1907.631);
INSERT INTO estrazione_righe_contabili ( ESTRAZIONE, COLONNA, DAL, AL, SEQUENZA, VOCE, SUB, TIPO, ANNO, SEGNO1, DATO1, SEGNO2, DATO2) VALUES ('CARO_VITA','GMED_VAL',to_date('01/01/1980','dd/mm/yyyy'),NULL,17,NULL,NULL,NULL,NULL,'+',72,'*',1911.78);
INSERT INTO estrazione_righe_contabili ( ESTRAZIONE, COLONNA, DAL, AL, SEQUENZA, VOCE, SUB, TIPO, ANNO, SEGNO1, DATO1, SEGNO2, DATO2) VALUES ('CARO_VITA','GMED_VAL',to_date('01/01/1980','dd/mm/yyyy'),NULL,18,NULL,NULL,NULL,NULL,'+',73,'*',1731.287);
INSERT INTO estrazione_righe_contabili ( ESTRAZIONE, COLONNA, DAL, AL, SEQUENZA, VOCE, SUB, TIPO, ANNO, SEGNO1, DATO1, SEGNO2, DATO2) VALUES ('CARO_VITA','GMED_VAL',to_date('01/01/1980','dd/mm/yyyy'),NULL,19,NULL,NULL,NULL,NULL,'+',74,'*',1481.292);
INSERT INTO estrazione_righe_contabili ( ESTRAZIONE, COLONNA, DAL, AL, SEQUENZA, VOCE, SUB, TIPO, ANNO, SEGNO1, DATO1, SEGNO2, DATO2) VALUES ('CARO_VITA','GMED_VAL',to_date('01/01/1980','dd/mm/yyyy'),NULL,20,NULL,NULL,NULL,NULL,'+',75,'*',1559.091);
INSERT INTO estrazione_righe_contabili ( ESTRAZIONE, COLONNA, DAL, AL, SEQUENZA, VOCE, SUB, TIPO, ANNO, SEGNO1, DATO1, SEGNO2, DATO2) VALUES ('CARO_VITA','GMED_VAL',to_date('01/01/1980','dd/mm/yyyy'),NULL,21,NULL,NULL,NULL,NULL,'+',76,'*',1405.568);
INSERT INTO estrazione_righe_contabili ( ESTRAZIONE, COLONNA, DAL, AL, SEQUENZA, VOCE, SUB, TIPO, ANNO, SEGNO1, DATO1, SEGNO2, DATO2) VALUES ('CARO_VITA','GMED_VAL',to_date('01/01/1980','dd/mm/yyyy'),NULL,22,NULL,NULL,NULL,NULL,'+',77,'*',1484.404);
INSERT INTO estrazione_righe_contabili ( ESTRAZIONE, COLONNA, DAL, AL, SEQUENZA, VOCE, SUB, TIPO, ANNO, SEGNO1, DATO1, SEGNO2, DATO2) VALUES ('CARO_VITA','GMED_VAL',to_date('01/01/1980','dd/mm/yyyy'),NULL,23,NULL,NULL,NULL,NULL,'+',78,'*',1483.367);
INSERT INTO estrazione_righe_contabili ( ESTRAZIONE, COLONNA, DAL, AL, SEQUENZA, VOCE, SUB, TIPO, ANNO, SEGNO1, DATO1, SEGNO2, DATO2) VALUES ('CARO_VITA','GMED_VAL',to_date('01/01/1980','dd/mm/yyyy'),NULL,24,NULL,NULL,NULL,NULL,'+',79,'*',1175.283);
INSERT INTO estrazione_righe_contabili ( ESTRAZIONE, COLONNA, DAL, AL, SEQUENZA, VOCE, SUB, TIPO, ANNO, SEGNO1, DATO1, SEGNO2, DATO2) VALUES ('CARO_VITA','GMED_VAL',to_date('01/01/1980','dd/mm/yyyy'),NULL,25,NULL,NULL,NULL,NULL,'+',104,'*',1072.796);
INSERT INTO estrazione_righe_contabili ( ESTRAZIONE, COLONNA, DAL, AL, SEQUENZA, VOCE, SUB, TIPO, ANNO, SEGNO1, DATO1, SEGNO2, DATO2) VALUES ('CARO_VITA','GMED_VAL',to_date('01/01/1980','dd/mm/yyyy'),NULL,26,NULL,NULL,NULL,NULL,'+',999,'*',0);
INSERT INTO estrazione_righe_contabili ( ESTRAZIONE, COLONNA, DAL, AL, SEQUENZA, VOCE, SUB, TIPO, ANNO, SEGNO1, DATO1, SEGNO2, DATO2) VALUES ('CARO_VITA','GMED_ORE',to_date('01/01/1989','dd/mm/yyyy'),NULL,1,'GM.BASE','*','Q',NULL,NULL,NULL,NULL,NULL);
INSERT INTO estrazione_righe_contabili ( ESTRAZIONE, COLONNA, DAL, AL, SEQUENZA, VOCE, SUB, TIPO, ANNO, SEGNO1, DATO1, SEGNO2, DATO2) VALUES ('CARO_VITA','118_VAL',to_date('01/01/1980','dd/mm/yyyy'),NULL,0,NULL,NULL,NULL,NULL,'+',0,'*',0);
INSERT INTO estrazione_righe_contabili ( ESTRAZIONE, COLONNA, DAL, AL, SEQUENZA, VOCE, SUB, TIPO, ANNO, SEGNO1, DATO1, SEGNO2, DATO2) VALUES ('CARO_VITA','118_ORE',to_date('01/01/1980','dd/mm/yyyy'),NULL,1,'GM.BASE','*','Q',NULL,NULL,NULL,NULL,NULL);
INSERT INTO estrazione_righe_contabili ( ESTRAZIONE, COLONNA, DAL, AL, SEQUENZA, VOCE, SUB, TIPO, ANNO, SEGNO1, DATO1, SEGNO2, DATO2) VALUES ('CARO_VITA','118_VAL',to_date('01/01/1980','dd/mm/yyyy'),NULL,1,NULL,NULL,NULL,NULL,'+',56,'*',4843.765);
INSERT INTO estrazione_righe_contabili ( ESTRAZIONE, COLONNA, DAL, AL, SEQUENZA, VOCE, SUB, TIPO, ANNO, SEGNO1, DATO1, SEGNO2, DATO2) VALUES ('CARO_VITA','118_VAL',to_date('01/01/1980','dd/mm/yyyy'),NULL,2,NULL,NULL,NULL,NULL,'+',57,'*',4768.56);
INSERT INTO estrazione_righe_contabili ( ESTRAZIONE, COLONNA, DAL, AL, SEQUENZA, VOCE, SUB, TIPO, ANNO, SEGNO1, DATO1, SEGNO2, DATO2) VALUES ('CARO_VITA','118_VAL',to_date('01/01/1980','dd/mm/yyyy'),NULL,3,NULL,NULL,NULL,NULL,'+',58,'*',3781.03);
INSERT INTO estrazione_righe_contabili ( ESTRAZIONE, COLONNA, DAL, AL, SEQUENZA, VOCE, SUB, TIPO, ANNO, SEGNO1, DATO1, SEGNO2, DATO2) VALUES ('CARO_VITA','118_VAL',to_date('01/01/1980','dd/mm/yyyy'),NULL,4,NULL,NULL,NULL,NULL,'+',59,'*',3864.017);
INSERT INTO estrazione_righe_contabili ( ESTRAZIONE, COLONNA, DAL, AL, SEQUENZA, VOCE, SUB, TIPO, ANNO, SEGNO1, DATO1, SEGNO2, DATO2) VALUES ('CARO_VITA','118_VAL',to_date('01/01/1980','dd/mm/yyyy'),NULL,5,NULL,NULL,NULL,NULL,'+',60,'*',3503.029);
INSERT INTO estrazione_righe_contabili ( ESTRAZIONE, COLONNA, DAL, AL, SEQUENZA, VOCE, SUB, TIPO, ANNO, SEGNO1, DATO1, SEGNO2, DATO2) VALUES ('CARO_VITA','118_VAL',to_date('01/01/1980','dd/mm/yyyy'),NULL,6,NULL,NULL,NULL,NULL,'+',61,'*',2868.189);
INSERT INTO estrazione_righe_contabili ( ESTRAZIONE, COLONNA, DAL, AL, SEQUENZA, VOCE, SUB, TIPO, ANNO, SEGNO1, DATO1, SEGNO2, DATO2) VALUES ('CARO_VITA','118_VAL',to_date('01/01/1980','dd/mm/yyyy'),NULL,7,NULL,NULL,NULL,NULL,'+',62,'*',3264.446);
INSERT INTO estrazione_righe_contabili ( ESTRAZIONE, COLONNA, DAL, AL, SEQUENZA, VOCE, SUB, TIPO, ANNO, SEGNO1, DATO1, SEGNO2, DATO2) VALUES ('CARO_VITA','118_VAL',to_date('01/01/1980','dd/mm/yyyy'),NULL,8,NULL,NULL,NULL,NULL,'+',63,'*',2614.046);
INSERT INTO estrazione_righe_contabili ( ESTRAZIONE, COLONNA, DAL, AL, SEQUENZA, VOCE, SUB, TIPO, ANNO, SEGNO1, DATO1, SEGNO2, DATO2) VALUES ('CARO_VITA','118_VAL',to_date('01/01/1980','dd/mm/yyyy'),NULL,9,NULL,NULL,NULL,NULL,'+',64,'*',2402.433);
INSERT INTO estrazione_righe_contabili ( ESTRAZIONE, COLONNA, DAL, AL, SEQUENZA, VOCE, SUB, TIPO, ANNO, SEGNO1, DATO1, SEGNO2, DATO2) VALUES ('CARO_VITA','118_VAL',to_date('01/01/1980','dd/mm/yyyy'),NULL,10,NULL,NULL,NULL,NULL,'+',65,'*',2243.723);
INSERT INTO estrazione_righe_contabili ( ESTRAZIONE, COLONNA, DAL, AL, SEQUENZA, VOCE, SUB, TIPO, ANNO, SEGNO1, DATO1, SEGNO2, DATO2) VALUES ('CARO_VITA','118_VAL',to_date('01/01/1980','dd/mm/yyyy'),NULL,11,NULL,NULL,NULL,NULL,'+',66,'*',2148.29);
INSERT INTO estrazione_righe_contabili ( ESTRAZIONE, COLONNA, DAL, AL, SEQUENZA, VOCE, SUB, TIPO, ANNO, SEGNO1, DATO1, SEGNO2, DATO2) VALUES ('CARO_VITA','118_VAL',to_date('01/01/1980','dd/mm/yyyy'),NULL,12,NULL,NULL,NULL,NULL,'+',67,'*',2147.252);
INSERT INTO estrazione_righe_contabili ( ESTRAZIONE, COLONNA, DAL, AL, SEQUENZA, VOCE, SUB, TIPO, ANNO, SEGNO1, DATO1, SEGNO2, DATO2) VALUES ('CARO_VITA','118_VAL',to_date('01/01/1980','dd/mm/yyyy'),NULL,13,NULL,NULL,NULL,NULL,'+',68,'*',2126.506);
INSERT INTO estrazione_righe_contabili ( ESTRAZIONE, COLONNA, DAL, AL, SEQUENZA, VOCE, SUB, TIPO, ANNO, SEGNO1, DATO1, SEGNO2, DATO2) VALUES ('CARO_VITA','118_VAL',to_date('01/01/1980','dd/mm/yyyy'),NULL,14,NULL,NULL,NULL,NULL,'+',69,'*',1907.6314);
INSERT INTO estrazione_righe_contabili ( ESTRAZIONE, COLONNA, DAL, AL, SEQUENZA, VOCE, SUB, TIPO, ANNO, SEGNO1, DATO1, SEGNO2, DATO2) VALUES ('CARO_VITA','118_VAL',to_date('01/01/1980','dd/mm/yyyy'),NULL,15,NULL,NULL,NULL,NULL,'+',70,'*',1909.706);
INSERT INTO estrazione_righe_contabili ( ESTRAZIONE, COLONNA, DAL, AL, SEQUENZA, VOCE, SUB, TIPO, ANNO, SEGNO1, DATO1, SEGNO2, DATO2) VALUES ('CARO_VITA','118_VAL',to_date('01/01/1980','dd/mm/yyyy'),NULL,16,NULL,NULL,NULL,NULL,'+',71,'*',1907.631);
INSERT INTO estrazione_righe_contabili ( ESTRAZIONE, COLONNA, DAL, AL, SEQUENZA, VOCE, SUB, TIPO, ANNO, SEGNO1, DATO1, SEGNO2, DATO2) VALUES ('CARO_VITA','118_VAL',to_date('01/01/1980','dd/mm/yyyy'),NULL,17,NULL,NULL,NULL,NULL,'+',72,'*',1911.78);
INSERT INTO estrazione_righe_contabili ( ESTRAZIONE, COLONNA, DAL, AL, SEQUENZA, VOCE, SUB, TIPO, ANNO, SEGNO1, DATO1, SEGNO2, DATO2) VALUES ('CARO_VITA','118_VAL',to_date('01/01/1980','dd/mm/yyyy'),NULL,18,NULL,NULL,NULL,NULL,'+',73,'*',1731.287);
INSERT INTO estrazione_righe_contabili ( ESTRAZIONE, COLONNA, DAL, AL, SEQUENZA, VOCE, SUB, TIPO, ANNO, SEGNO1, DATO1, SEGNO2, DATO2) VALUES ('CARO_VITA','118_VAL',to_date('01/01/1980','dd/mm/yyyy'),NULL,19,NULL,NULL,NULL,NULL,'+',74,'*',1481.292);
INSERT INTO estrazione_righe_contabili ( ESTRAZIONE, COLONNA, DAL, AL, SEQUENZA, VOCE, SUB, TIPO, ANNO, SEGNO1, DATO1, SEGNO2, DATO2) VALUES ('CARO_VITA','118_VAL',to_date('01/01/1980','dd/mm/yyyy'),NULL,20,NULL,NULL,NULL,NULL,'+',75,'*',1559.091);
INSERT INTO estrazione_righe_contabili ( ESTRAZIONE, COLONNA, DAL, AL, SEQUENZA, VOCE, SUB, TIPO, ANNO, SEGNO1, DATO1, SEGNO2, DATO2) VALUES ('CARO_VITA','118_VAL',to_date('01/01/1980','dd/mm/yyyy'),NULL,21,NULL,NULL,NULL,NULL,'+',76,'*',1405.568);
INSERT INTO estrazione_righe_contabili ( ESTRAZIONE, COLONNA, DAL, AL, SEQUENZA, VOCE, SUB, TIPO, ANNO, SEGNO1, DATO1, SEGNO2, DATO2) VALUES ('CARO_VITA','118_VAL',to_date('01/01/1980','dd/mm/yyyy'),NULL,22,NULL,NULL,NULL,NULL,'+',77,'*',1484.404);
INSERT INTO estrazione_righe_contabili ( ESTRAZIONE, COLONNA, DAL, AL, SEQUENZA, VOCE, SUB, TIPO, ANNO, SEGNO1, DATO1, SEGNO2, DATO2) VALUES ('CARO_VITA','118_VAL',to_date('01/01/1980','dd/mm/yyyy'),NULL,23,NULL,NULL,NULL,NULL,'+',78,'*',1483.367);
INSERT INTO estrazione_righe_contabili ( ESTRAZIONE, COLONNA, DAL, AL, SEQUENZA, VOCE, SUB, TIPO, ANNO, SEGNO1, DATO1, SEGNO2, DATO2) VALUES ('CARO_VITA','118_VAL',to_date('01/01/1980','dd/mm/yyyy'),NULL,24,NULL,NULL,NULL,NULL,'+',79,'*',1175.283);
INSERT INTO estrazione_righe_contabili ( ESTRAZIONE, COLONNA, DAL, AL, SEQUENZA, VOCE, SUB, TIPO, ANNO, SEGNO1, DATO1, SEGNO2, DATO2) VALUES ('CARO_VITA','118_VAL',to_date('01/01/1980','dd/mm/yyyy'),NULL,25,NULL,NULL,NULL,NULL,'+',156,'*',1072.796);
INSERT INTO estrazione_righe_contabili ( ESTRAZIONE, COLONNA, DAL, AL, SEQUENZA, VOCE, SUB, TIPO, ANNO, SEGNO1, DATO1, SEGNO2, DATO2) VALUES ('CARO_VITA','118_VAL',to_date('01/01/1980','dd/mm/yyyy'),NULL,26,NULL,NULL,NULL,NULL,'+',999,'*',0);
INSERT INTO estrazione_righe_contabili ( ESTRAZIONE, COLONNA, DAL, AL, SEQUENZA, VOCE, SUB, TIPO, ANNO, SEGNO1, DATO1, SEGNO2, DATO2) VALUES ('DENUNCIA_GLA','IMPONIBILE',to_date('01/01/1990','dd/mm/yyyy'),NULL,1,'C.INPS','*','R',NULL,NULL,NULL,NULL,NULL);
INSERT INTO estrazione_righe_contabili ( ESTRAZIONE, COLONNA, DAL, AL, SEQUENZA, VOCE, SUB, TIPO, ANNO, SEGNO1, DATO1, SEGNO2, DATO2) VALUES ('DENUNCIA_GLA','ALIQUOTA',to_date('01/01/1990','dd/mm/yyyy'),NULL,1,'C.INPS','*','M',NULL,NULL,NULL,NULL,NULL);
INSERT INTO estrazione_righe_contabili ( ESTRAZIONE, COLONNA, DAL, AL, SEQUENZA, VOCE, SUB, TIPO, ANNO, SEGNO1, DATO1, SEGNO2, DATO2) VALUES ('DENUNCIA_GLA','CONTRIBUTO',to_date('01/01/1990','dd/mm/yyyy'),NULL,1,'C.INPS','*','P',NULL,NULL,NULL,NULL,NULL);
INSERT INTO estrazione_righe_contabili ( ESTRAZIONE, COLONNA, DAL, AL, SEQUENZA, VOCE, SUB, TIPO, ANNO, SEGNO1, DATO1, SEGNO2, DATO2) VALUES ('DENUNCIA_SOSTITUTI','ALTRE_RIT',to_date('01/01/2000','dd/mm/yyyy'),NULL,1,'DET.ASS','*','P',NULL,NULL,NULL,NULL,NULL);
INSERT INTO estrazione_righe_contabili ( ESTRAZIONE, COLONNA, DAL, AL, SEQUENZA, VOCE, SUB, TIPO, ANNO, SEGNO1, DATO1, SEGNO2, DATO2) VALUES ('DENUNCIA_SOSTITUTI','ALTRE_RIT',to_date('01/01/2000','dd/mm/yyyy'),NULL,2,'R.ENPAM','1','P',NULL,'*',-1,NULL,NULL);
INSERT INTO estrazione_righe_contabili ( ESTRAZIONE, COLONNA, DAL, AL, SEQUENZA, VOCE, SUB, TIPO, ANNO, SEGNO1, DATO1, SEGNO2, DATO2) VALUES ('DENUNCIA_SOSTITUTI','ALTRE_RIT',to_date('01/01/2000','dd/mm/yyyy'),NULL,3,'R.ENPAM','2','P',NULL,'*',-1,NULL,NULL);
INSERT INTO estrazione_righe_contabili ( ESTRAZIONE, COLONNA, DAL, AL, SEQUENZA, VOCE, SUB, TIPO, ANNO, SEGNO1, DATO1, SEGNO2, DATO2) VALUES ('DENUNCIA_SOSTITUTI','ALTRE_RIT',to_date('01/01/2000','dd/mm/yyyy'),NULL,4,'RIC.CON','1','P',NULL,'*',-1,NULL,NULL);
INSERT INTO estrazione_righe_contabili ( ESTRAZIONE, COLONNA, DAL, AL, SEQUENZA, VOCE, SUB, TIPO, ANNO, SEGNO1, DATO1, SEGNO2, DATO2) VALUES ('DENUNCIA_SOSTITUTI','ALTRE_RIT',to_date('01/01/2000','dd/mm/yyyy'),NULL,5,'RIC.CON','2','P',NULL,'*',-1,NULL,NULL);
INSERT INTO estrazione_righe_contabili ( ESTRAZIONE, COLONNA, DAL, AL, SEQUENZA, VOCE, SUB, TIPO, ANNO, SEGNO1, DATO1, SEGNO2, DATO2) VALUES ('DENUNCIA_SOSTITUTI','ALTRE_RIT',to_date('01/01/2000','dd/mm/yyyy'),NULL,6,'RIC.CON','3','P',NULL,'*',-1,NULL,NULL);

WHENEVER SQLERROR EXIT

ALTER TABLE estrazione_righe_contabili ENABLE ALL TRIGGERS;


REM ============================================================
REM    Extract TABLE :   ESTRAZIONE_VALORI_CONTABILI
REM ============================================================

WHENEVER SQLERROR EXIT

ALTER TABLE estrazione_valori_contabili DISABLE ALL TRIGGERS;

WHENEVER SQLERROR CONTINUE

INSERT INTO estrazione_valori_contabili ( ESTRAZIONE, COLONNA, DAL, AL, DESCRIZIONE, DESCRIZIONE_AL1, DESCRIZIONE_AL2, SEQUENZA, NOTE, MOLTIPLICA, ARROTONDA, DIVIDE, NOTE_AL1, NOTE_AL2) VALUES ('MODELLO_98','ALIQUOTA_32',to_date('01/01/1985','dd/mm/yyyy'),NULL,'Aliquota Trentaduesimo Anno',NULL,NULL,131,NULL,NULL,NULL,NULL,NULL,NULL);
INSERT INTO estrazione_valori_contabili ( ESTRAZIONE, COLONNA, DAL, AL, DESCRIZIONE, DESCRIZIONE_AL1, DESCRIZIONE_AL2, SEQUENZA, NOTE, MOLTIPLICA, ARROTONDA, DIVIDE, NOTE_AL1, NOTE_AL2) VALUES ('MODELLO_98','RETRIBUZIONE_ANNUA',to_date('01/01/1985','dd/mm/yyyy'),NULL,'Retrib.Annua',NULL,NULL,10,NULL,NULL,10000,NULL,NULL,NULL);
INSERT INTO estrazione_valori_contabili ( ESTRAZIONE, COLONNA, DAL, AL, DESCRIZIONE, DESCRIZIONE_AL1, DESCRIZIONE_AL2, SEQUENZA, NOTE, MOLTIPLICA, ARROTONDA, DIVIDE, NOTE_AL1, NOTE_AL2) VALUES ('MODELLO_98','RISCATTO',to_date('01/01/1985','dd/mm/yyyy'),NULL,'Riscatti',NULL,NULL,90,NULL,NULL,10000,NULL,NULL,NULL);
INSERT INTO estrazione_valori_contabili ( ESTRAZIONE, COLONNA, DAL, AL, DESCRIZIONE, DESCRIZIONE_AL1, DESCRIZIONE_AL2, SEQUENZA, NOTE, MOLTIPLICA, ARROTONDA, DIVIDE, NOTE_AL1, NOTE_AL2) VALUES ('MODELLO_98','RICONGIUNZIONE',to_date('01/01/1985','dd/mm/yyyy'),NULL,'Ricongiunzioni',NULL,NULL,91,NULL,NULL,10000,NULL,NULL,NULL);
INSERT INTO estrazione_valori_contabili ( ESTRAZIONE, COLONNA, DAL, AL, DESCRIZIONE, DESCRIZIONE_AL1, DESCRIZIONE_AL2, SEQUENZA, NOTE, MOLTIPLICA, ARROTONDA, DIVIDE, NOTE_AL1, NOTE_AL2) VALUES ('MODELLO_98','SOVVENZIONE',to_date('01/01/1985','dd/mm/yyyy'),NULL,'Sovvenzioni',NULL,NULL,92,NULL,NULL,10000,NULL,NULL,NULL);
INSERT INTO estrazione_valori_contabili ( ESTRAZIONE, COLONNA, DAL, AL, DESCRIZIONE, DESCRIZIONE_AL1, DESCRIZIONE_AL2, SEQUENZA, NOTE, MOLTIPLICA, ARROTONDA, DIVIDE, NOTE_AL1, NOTE_AL2) VALUES ('MODELLO_98','PRESTITO',to_date('01/01/1985','dd/mm/yyyy'),NULL,'Prestiti',NULL,NULL,93,NULL,NULL,10000,NULL,NULL,NULL);
INSERT INTO estrazione_valori_contabili ( ESTRAZIONE, COLONNA, DAL, AL, DESCRIZIONE, DESCRIZIONE_AL1, DESCRIZIONE_AL2, SEQUENZA, NOTE, MOLTIPLICA, ARROTONDA, DIVIDE, NOTE_AL1, NOTE_AL2) VALUES ('DM10_S','05',to_date('01/01/1991','dd/mm/yyyy'),NULL,'Ipn.SOL',NULL,NULL,1,'Imponibile Solidarieta`',NULL,1000,NULL,NULL,NULL);
INSERT INTO estrazione_valori_contabili ( ESTRAZIONE, COLONNA, DAL, AL, DESCRIZIONE, DESCRIZIONE_AL1, DESCRIZIONE_AL2, SEQUENZA, NOTE, MOLTIPLICA, ARROTONDA, DIVIDE, NOTE_AL1, NOTE_AL2) VALUES ('DM10_S','06',to_date('01/01/1991','dd/mm/yyyy'),NULL,'Contr.SOL',NULL,NULL,1,'Contributi Solidarieta`',NULL,1000,NULL,NULL,NULL);
INSERT INTO estrazione_valori_contabili ( ESTRAZIONE, COLONNA, DAL, AL, DESCRIZIONE, DESCRIZIONE_AL1, DESCRIZIONE_AL2, SEQUENZA, NOTE, MOLTIPLICA, ARROTONDA, DIVIDE, NOTE_AL1, NOTE_AL2) VALUES ('DM10_S','09',to_date('01/01/1991','dd/mm/yyyy'),NULL,'Tot.Contr.Vers.',NULL,NULL,1,'Totale Contributi da Versare',NULL,1000,NULL,NULL,NULL);
INSERT INTO estrazione_valori_contabili ( ESTRAZIONE, COLONNA, DAL, AL, DESCRIZIONE, DESCRIZIONE_AL1, DESCRIZIONE_AL2, SEQUENZA, NOTE, MOLTIPLICA, ARROTONDA, DIVIDE, NOTE_AL1, NOTE_AL2) VALUES ('DENUNCIA_CP','CONTRIBUTI',to_date('01/01/1991','dd/mm/yyyy'),to_date('30/04/1991','dd/mm/yyyy'),'Contributi',NULL,NULL,3,NULL,NULL,NULL,NULL,NULL,NULL);
INSERT INTO estrazione_valori_contabili ( ESTRAZIONE, COLONNA, DAL, AL, DESCRIZIONE, DESCRIZIONE_AL1, DESCRIZIONE_AL2, SEQUENZA, NOTE, MOLTIPLICA, ARROTONDA, DIVIDE, NOTE_AL1, NOTE_AL2) VALUES ('DENUNCIA_INADEL','L',to_date('01/01/1991','dd/mm/yyyy'),NULL,'IMS Medici e Veterinari',NULL,NULL,10,NULL,NULL,NULL,NULL,NULL,NULL);
INSERT INTO estrazione_valori_contabili ( ESTRAZIONE, COLONNA, DAL, AL, DESCRIZIONE, DESCRIZIONE_AL1, DESCRIZIONE_AL2, SEQUENZA, NOTE, MOLTIPLICA, ARROTONDA, DIVIDE, NOTE_AL1, NOTE_AL2) VALUES ('DENUNCIA_102','ANT_CCNL',to_date('01/01/1993','dd/mm/yyyy'),NULL,'Colonna Negativa',NULL,NULL,1,NULL,NULL,NULL,NULL,NULL,NULL);
INSERT INTO estrazione_valori_contabili ( ESTRAZIONE, COLONNA, DAL, AL, DESCRIZIONE, DESCRIZIONE_AL1, DESCRIZIONE_AL2, SEQUENZA, NOTE, MOLTIPLICA, ARROTONDA, DIVIDE, NOTE_AL1, NOTE_AL2) VALUES ('SSN_DIMESSI','IPN_40',to_date('01/01/1991','dd/mm/yyyy'),NULL,'fino a 40000000',NULL,NULL,1,NULL,NULL,NULL,NULL,NULL,NULL);
INSERT INTO estrazione_valori_contabili ( ESTRAZIONE, COLONNA, DAL, AL, DESCRIZIONE, DESCRIZIONE_AL1, DESCRIZIONE_AL2, SEQUENZA, NOTE, MOLTIPLICA, ARROTONDA, DIVIDE, NOTE_AL1, NOTE_AL2) VALUES ('SSN_DIMESSI','IPN_100',to_date('01/01/1991','dd/mm/yyyy'),NULL,'fino a 100000000',NULL,NULL,2,NULL,NULL,NULL,NULL,NULL,NULL);
INSERT INTO estrazione_valori_contabili ( ESTRAZIONE, COLONNA, DAL, AL, DESCRIZIONE, DESCRIZIONE_AL1, DESCRIZIONE_AL2, SEQUENZA, NOTE, MOLTIPLICA, ARROTONDA, DIVIDE, NOTE_AL1, NOTE_AL2) VALUES ('SSN_DIMESSI','IPN_OLTRE',to_date('01/01/1991','dd/mm/yyyy'),NULL,'oltre 100000000',NULL,NULL,3,NULL,NULL,NULL,NULL,NULL,NULL);
INSERT INTO estrazione_valori_contabili ( ESTRAZIONE, COLONNA, DAL, AL, DESCRIZIONE, DESCRIZIONE_AL1, DESCRIZIONE_AL2, SEQUENZA, NOTE, MOLTIPLICA, ARROTONDA, DIVIDE, NOTE_AL1, NOTE_AL2) VALUES ('SSN_DIMESSI','RITENUTA',to_date('01/01/1991','dd/mm/yyyy'),NULL,'Ritenuta',NULL,NULL,4,NULL,NULL,NULL,NULL,NULL,NULL);
INSERT INTO estrazione_valori_contabili ( ESTRAZIONE, COLONNA, DAL, AL, DESCRIZIONE, DESCRIZIONE_AL1, DESCRIZIONE_AL2, SEQUENZA, NOTE, MOLTIPLICA, ARROTONDA, DIVIDE, NOTE_AL1, NOTE_AL2) VALUES ('DENUNCIA_O1_INPS','IMPORTO_AC',to_date('01/01/1991','dd/mm/yyyy'),NULL,'Altre Competenze O1/M INPS',NULL,NULL,2,NULL,NULL,1000,NULL,NULL,NULL);
INSERT INTO estrazione_valori_contabili ( ESTRAZIONE, COLONNA, DAL, AL, DESCRIZIONE, DESCRIZIONE_AL1, DESCRIZIONE_AL2, SEQUENZA, NOTE, MOLTIPLICA, ARROTONDA, DIVIDE, NOTE_AL1, NOTE_AL2) VALUES ('DENUNCIA_O1_INPS','IMPORTO_AF',to_date('01/01/1991','dd/mm/yyyy'),NULL,'Importo Assegni per Nucleo Familiare',NULL,NULL,3,NULL,NULL,1000,NULL,NULL,NULL);
INSERT INTO estrazione_valori_contabili ( ESTRAZIONE, COLONNA, DAL, AL, DESCRIZIONE, DESCRIZIONE_AL1, DESCRIZIONE_AL2, SEQUENZA, NOTE, MOLTIPLICA, ARROTONDA, DIVIDE, NOTE_AL1, NOTE_AL2) VALUES ('DENUNCIA_O1_INPS','QC1_ET_P1',to_date('01/01/1991','dd/mm/yyyy'),NULL,'Importo Retribuzione Primo Rigo Quadro C',NULL,NULL,4,NULL,NULL,1000,NULL,NULL,NULL);
INSERT INTO estrazione_valori_contabili ( ESTRAZIONE, COLONNA, DAL, AL, DESCRIZIONE, DESCRIZIONE_AL1, DESCRIZIONE_AL2, SEQUENZA, NOTE, MOLTIPLICA, ARROTONDA, DIVIDE, NOTE_AL1, NOTE_AL2) VALUES ('DENUNCIA_O1_INPS','QC1_ET_P2',to_date('01/01/1991','dd/mm/yyyy'),NULL,'Importo Retribuzione Pensionabile Primo Rigo Quadro C',NULL,NULL,5,NULL,NULL,1000,NULL,NULL,NULL);
INSERT INTO estrazione_valori_contabili ( ESTRAZIONE, COLONNA, DAL, AL, DESCRIZIONE, DESCRIZIONE_AL1, DESCRIZIONE_AL2, SEQUENZA, NOTE, MOLTIPLICA, ARROTONDA, DIVIDE, NOTE_AL1, NOTE_AL2) VALUES ('DENUNCIA_O1_INPS','QC2_EQ_Q1',to_date('01/01/1991','dd/mm/yyyy'),NULL,'Importo Retribuzione Secondo Rigo Quadro C',NULL,NULL,6,NULL,NULL,1000,NULL,NULL,NULL);
INSERT INTO estrazione_valori_contabili ( ESTRAZIONE, COLONNA, DAL, AL, DESCRIZIONE, DESCRIZIONE_AL1, DESCRIZIONE_AL2, SEQUENZA, NOTE, MOLTIPLICA, ARROTONDA, DIVIDE, NOTE_AL1, NOTE_AL2) VALUES ('DENUNCIA_O1_INPS','QC2_EQ_Q2',to_date('01/01/1991','dd/mm/yyyy'),NULL,'Importo Retribuzione Pensionabile Secondo Rigo Quadro C',NULL,NULL,7,NULL,NULL,1000,NULL,NULL,NULL);
INSERT INTO estrazione_valori_contabili ( ESTRAZIONE, COLONNA, DAL, AL, DESCRIZIONE, DESCRIZIONE_AL1, DESCRIZIONE_AL2, SEQUENZA, NOTE, MOLTIPLICA, ARROTONDA, DIVIDE, NOTE_AL1, NOTE_AL2) VALUES ('DENUNCIA_INADEL','F',to_date('01/01/1991','dd/mm/yyyy'),NULL,'Indennita'' di Vigilanza e Indennita'' Aggiuntiva',NULL,NULL,6,NULL,NULL,NULL,NULL,NULL,NULL);
INSERT INTO estrazione_valori_contabili ( ESTRAZIONE, COLONNA, DAL, AL, DESCRIZIONE, DESCRIZIONE_AL1, DESCRIZIONE_AL2, SEQUENZA, NOTE, MOLTIPLICA, ARROTONDA, DIVIDE, NOTE_AL1, NOTE_AL2) VALUES ('DENUNCIA_INADEL','G',to_date('01/01/1991','dd/mm/yyyy'),NULL,'Indennita'' di Vigilanza e Indennita'' Aggiuntiva',NULL,NULL,7,NULL,NULL,NULL,NULL,NULL,NULL);
INSERT INTO estrazione_valori_contabili ( ESTRAZIONE, COLONNA, DAL, AL, DESCRIZIONE, DESCRIZIONE_AL1, DESCRIZIONE_AL2, SEQUENZA, NOTE, MOLTIPLICA, ARROTONDA, DIVIDE, NOTE_AL1, NOTE_AL2) VALUES ('DENUNCIA_INADEL','H',to_date('01/01/1991','dd/mm/yyyy'),NULL,'Indennita'' di Vigilanza e Indennita'' Aggiuntiva',NULL,NULL,8,NULL,NULL,NULL,NULL,NULL,NULL);
INSERT INTO estrazione_valori_contabili ( ESTRAZIONE, COLONNA, DAL, AL, DESCRIZIONE, DESCRIZIONE_AL1, DESCRIZIONE_AL2, SEQUENZA, NOTE, MOLTIPLICA, ARROTONDA, DIVIDE, NOTE_AL1, NOTE_AL2) VALUES ('DENUNCIA_INADEL','I',to_date('01/01/1991','dd/mm/yyyy'),NULL,'Indennita'' di Vigilanza e Indennita'' Aggiuntiva',NULL,NULL,9,NULL,NULL,NULL,NULL,NULL,NULL);
INSERT INTO estrazione_valori_contabili ( ESTRAZIONE, COLONNA, DAL, AL, DESCRIZIONE, DESCRIZIONE_AL1, DESCRIZIONE_AL2, SEQUENZA, NOTE, MOLTIPLICA, ARROTONDA, DIVIDE, NOTE_AL1, NOTE_AL2) VALUES ('DENUNCIA_INADEL','B',to_date('01/01/1991','dd/mm/yyyy'),NULL,'IISP e IISP13A',NULL,NULL,2,NULL,NULL,NULL,NULL,NULL,NULL);
INSERT INTO estrazione_valori_contabili ( ESTRAZIONE, COLONNA, DAL, AL, DESCRIZIONE, DESCRIZIONE_AL1, DESCRIZIONE_AL2, SEQUENZA, NOTE, MOLTIPLICA, ARROTONDA, DIVIDE, NOTE_AL1, NOTE_AL2) VALUES ('DENUNCIA_INADEL','C',to_date('01/01/1991','dd/mm/yyyy'),NULL,'Arretrati DPR 333',NULL,NULL,3,NULL,NULL,NULL,NULL,NULL,NULL);
INSERT INTO estrazione_valori_contabili ( ESTRAZIONE, COLONNA, DAL, AL, DESCRIZIONE, DESCRIZIONE_AL1, DESCRIZIONE_AL2, SEQUENZA, NOTE, MOLTIPLICA, ARROTONDA, DIVIDE, NOTE_AL1, NOTE_AL2) VALUES ('DENUNCIA_INADEL','D',to_date('01/01/1991','dd/mm/yyyy'),NULL,'Arretrati IISP 90 e 91',NULL,NULL,4,NULL,NULL,NULL,NULL,NULL,NULL);
INSERT INTO estrazione_valori_contabili ( ESTRAZIONE, COLONNA, DAL, AL, DESCRIZIONE, DESCRIZIONE_AL1, DESCRIZIONE_AL2, SEQUENZA, NOTE, MOLTIPLICA, ARROTONDA, DIVIDE, NOTE_AL1, NOTE_AL2) VALUES ('DENUNCIA_INADEL','E',to_date('01/01/1991','dd/mm/yyyy'),NULL,'Indennita'' di Vigilanza e Indennita'' Aggiuntiva',NULL,NULL,5,NULL,NULL,NULL,NULL,NULL,NULL);
INSERT INTO estrazione_valori_contabili ( ESTRAZIONE, COLONNA, DAL, AL, DESCRIZIONE, DESCRIZIONE_AL1, DESCRIZIONE_AL2, SEQUENZA, NOTE, MOLTIPLICA, ARROTONDA, DIVIDE, NOTE_AL1, NOTE_AL2) VALUES ('DENUNCIA_O1_INPS','IMPORTO_CC',to_date('01/01/1991','dd/mm/yyyy'),NULL,'Competenze Correnti O1/M INPS',NULL,NULL,1,NULL,NULL,1000,NULL,NULL,NULL);
INSERT INTO estrazione_valori_contabili ( ESTRAZIONE, COLONNA, DAL, AL, DESCRIZIONE, DESCRIZIONE_AL1, DESCRIZIONE_AL2, SEQUENZA, NOTE, MOLTIPLICA, ARROTONDA, DIVIDE, NOTE_AL1, NOTE_AL2) VALUES ('ESTRAZIONE_MENSILE','01',to_date('01/01/1993','dd/mm/yyyy'),NULL,'Netto',NULL,NULL,1,NULL,NULL,NULL,NULL,NULL,NULL);
INSERT INTO estrazione_valori_contabili ( ESTRAZIONE, COLONNA, DAL, AL, DESCRIZIONE, DESCRIZIONE_AL1, DESCRIZIONE_AL2, SEQUENZA, NOTE, MOLTIPLICA, ARROTONDA, DIVIDE, NOTE_AL1, NOTE_AL2) VALUES ('ESTRAZIONE_MENSILE','02',to_date('01/01/1993','dd/mm/yyyy'),NULL,'Imposta',NULL,NULL,2,NULL,NULL,NULL,NULL,NULL,NULL);
INSERT INTO estrazione_valori_contabili ( ESTRAZIONE, COLONNA, DAL, AL, DESCRIZIONE, DESCRIZIONE_AL1, DESCRIZIONE_AL2, SEQUENZA, NOTE, MOLTIPLICA, ARROTONDA, DIVIDE, NOTE_AL1, NOTE_AL2) VALUES ('ESTRAZIONE_MENSILE','03',to_date('01/01/1993','dd/mm/yyyy'),NULL,'Straordinari',NULL,NULL,3,NULL,NULL,NULL,NULL,NULL,NULL);
INSERT INTO estrazione_valori_contabili ( ESTRAZIONE, COLONNA, DAL, AL, DESCRIZIONE, DESCRIZIONE_AL1, DESCRIZIONE_AL2, SEQUENZA, NOTE, MOLTIPLICA, ARROTONDA, DIVIDE, NOTE_AL1, NOTE_AL2) VALUES ('ESTRAZIONE_MENSILE','04',to_date('01/01/1993','dd/mm/yyyy'),NULL,NULL,NULL,NULL,4,NULL,NULL,NULL,NULL,NULL,NULL);
INSERT INTO estrazione_valori_contabili ( ESTRAZIONE, COLONNA, DAL, AL, DESCRIZIONE, DESCRIZIONE_AL1, DESCRIZIONE_AL2, SEQUENZA, NOTE, MOLTIPLICA, ARROTONDA, DIVIDE, NOTE_AL1, NOTE_AL2) VALUES ('ESTRAZIONE_MENSILE','05',to_date('01/01/1993','dd/mm/yyyy'),NULL,NULL,NULL,NULL,5,NULL,NULL,NULL,NULL,NULL,NULL);
INSERT INTO estrazione_valori_contabili ( ESTRAZIONE, COLONNA, DAL, AL, DESCRIZIONE, DESCRIZIONE_AL1, DESCRIZIONE_AL2, SEQUENZA, NOTE, MOLTIPLICA, ARROTONDA, DIVIDE, NOTE_AL1, NOTE_AL2) VALUES ('ESTRAZIONE_MENSILE','06',to_date('01/01/1993','dd/mm/yyyy'),NULL,NULL,NULL,NULL,6,NULL,NULL,NULL,NULL,NULL,NULL);
INSERT INTO estrazione_valori_contabili ( ESTRAZIONE, COLONNA, DAL, AL, DESCRIZIONE, DESCRIZIONE_AL1, DESCRIZIONE_AL2, SEQUENZA, NOTE, MOLTIPLICA, ARROTONDA, DIVIDE, NOTE_AL1, NOTE_AL2) VALUES ('ESTRAZIONE_MENSILE','07',to_date('01/01/1993','dd/mm/yyyy'),NULL,'IMPOSTA 1',NULL,NULL,7,NULL,NULL,NULL,NULL,NULL,NULL);
INSERT INTO estrazione_valori_contabili ( ESTRAZIONE, COLONNA, DAL, AL, DESCRIZIONE, DESCRIZIONE_AL1, DESCRIZIONE_AL2, SEQUENZA, NOTE, MOLTIPLICA, ARROTONDA, DIVIDE, NOTE_AL1, NOTE_AL2) VALUES ('ESTRAZIONE_MENSILE','08',to_date('01/01/1993','dd/mm/yyyy'),NULL,'IMPOSTA 2',NULL,NULL,8,NULL,NULL,NULL,NULL,NULL,NULL);
INSERT INTO estrazione_valori_contabili ( ESTRAZIONE, COLONNA, DAL, AL, DESCRIZIONE, DESCRIZIONE_AL1, DESCRIZIONE_AL2, SEQUENZA, NOTE, MOLTIPLICA, ARROTONDA, DIVIDE, NOTE_AL1, NOTE_AL2) VALUES ('ESTRAZIONE_MENSILE','09',to_date('01/01/1993','dd/mm/yyyy'),NULL,NULL,NULL,NULL,9,NULL,NULL,NULL,NULL,NULL,NULL);
INSERT INTO estrazione_valori_contabili ( ESTRAZIONE, COLONNA, DAL, AL, DESCRIZIONE, DESCRIZIONE_AL1, DESCRIZIONE_AL2, SEQUENZA, NOTE, MOLTIPLICA, ARROTONDA, DIVIDE, NOTE_AL1, NOTE_AL2) VALUES ('ESTRAZIONE_MENSILE','10',to_date('01/01/1993','dd/mm/yyyy'),NULL,NULL,NULL,NULL,10,NULL,NULL,NULL,NULL,NULL,NULL);
INSERT INTO estrazione_valori_contabili ( ESTRAZIONE, COLONNA, DAL, AL, DESCRIZIONE, DESCRIZIONE_AL1, DESCRIZIONE_AL2, SEQUENZA, NOTE, MOLTIPLICA, ARROTONDA, DIVIDE, NOTE_AL1, NOTE_AL2) VALUES ('ESTRAZIONE_MENSILE','11',to_date('01/01/1993','dd/mm/yyyy'),NULL,NULL,NULL,NULL,11,NULL,NULL,NULL,NULL,NULL,NULL);
INSERT INTO estrazione_valori_contabili ( ESTRAZIONE, COLONNA, DAL, AL, DESCRIZIONE, DESCRIZIONE_AL1, DESCRIZIONE_AL2, SEQUENZA, NOTE, MOLTIPLICA, ARROTONDA, DIVIDE, NOTE_AL1, NOTE_AL2) VALUES ('ESTRAZIONE_MENSILE','12',to_date('01/01/1993','dd/mm/yyyy'),NULL,'DET.TOTALI',NULL,NULL,12,NULL,NULL,NULL,NULL,NULL,NULL);
INSERT INTO estrazione_valori_contabili ( ESTRAZIONE, COLONNA, DAL, AL, DESCRIZIONE, DESCRIZIONE_AL1, DESCRIZIONE_AL2, SEQUENZA, NOTE, MOLTIPLICA, ARROTONDA, DIVIDE, NOTE_AL1, NOTE_AL2) VALUES ('ESTRAZIONE_MENSILE','13',to_date('01/01/1993','dd/mm/yyyy'),NULL,'ST.CLASSI',NULL,NULL,13,NULL,NULL,NULL,NULL,NULL,NULL);
INSERT INTO estrazione_valori_contabili ( ESTRAZIONE, COLONNA, DAL, AL, DESCRIZIONE, DESCRIZIONE_AL1, DESCRIZIONE_AL2, SEQUENZA, NOTE, MOLTIPLICA, ARROTONDA, DIVIDE, NOTE_AL1, NOTE_AL2) VALUES ('ESTRAZIONE_MENSILE','14',to_date('01/01/1993','dd/mm/yyyy'),NULL,'IPT.TOTALE',NULL,NULL,14,NULL,NULL,NULL,NULL,NULL,NULL);
INSERT INTO estrazione_valori_contabili ( ESTRAZIONE, COLONNA, DAL, AL, DESCRIZIONE, DESCRIZIONE_AL1, DESCRIZIONE_AL2, SEQUENZA, NOTE, MOLTIPLICA, ARROTONDA, DIVIDE, NOTE_AL1, NOTE_AL2) VALUES ('DM10_S','01',to_date('01/01/1991','dd/mm/yyyy'),NULL,NULL,NULL,NULL,1,NULL,NULL,NULL,NULL,NULL,NULL);
INSERT INTO estrazione_valori_contabili ( ESTRAZIONE, COLONNA, DAL, AL, DESCRIZIONE, DESCRIZIONE_AL1, DESCRIZIONE_AL2, SEQUENZA, NOTE, MOLTIPLICA, ARROTONDA, DIVIDE, NOTE_AL1, NOTE_AL2) VALUES ('DM10_S','02',to_date('01/01/1991','dd/mm/yyyy'),NULL,'Ipn.SSN',NULL,NULL,1,'Imponibile SSN',NULL,1000,NULL,NULL,NULL);
INSERT INTO estrazione_valori_contabili ( ESTRAZIONE, COLONNA, DAL, AL, DESCRIZIONE, DESCRIZIONE_AL1, DESCRIZIONE_AL2, SEQUENZA, NOTE, MOLTIPLICA, ARROTONDA, DIVIDE, NOTE_AL1, NOTE_AL2) VALUES ('DM10_S','04',to_date('01/01/1991','dd/mm/yyyy'),NULL,'Nr.Dip',NULL,NULL,1,'Numero Dipendenti',NULL,NULL,NULL,NULL,NULL);
INSERT INTO estrazione_valori_contabili ( ESTRAZIONE, COLONNA, DAL, AL, DESCRIZIONE, DESCRIZIONE_AL1, DESCRIZIONE_AL2, SEQUENZA, NOTE, MOLTIPLICA, ARROTONDA, DIVIDE, NOTE_AL1, NOTE_AL2) VALUES ('DM10_S','03',to_date('01/01/1991','dd/mm/yyyy'),NULL,'Contr.SSN',NULL,NULL,1,'Contributi SSN',NULL,1000,NULL,NULL,NULL);
INSERT INTO estrazione_valori_contabili ( ESTRAZIONE, COLONNA, DAL, AL, DESCRIZIONE, DESCRIZIONE_AL1, DESCRIZIONE_AL2, SEQUENZA, NOTE, MOLTIPLICA, ARROTONDA, DIVIDE, NOTE_AL1, NOTE_AL2) VALUES ('DENUNCIA_CP','RAC',to_date('01/01/1991','dd/mm/yyyy'),to_date('30/04/1991','dd/mm/yyyy'),'RAC',NULL,NULL,1,NULL,NULL,NULL,NULL,NULL,NULL);
INSERT INTO estrazione_valori_contabili ( ESTRAZIONE, COLONNA, DAL, AL, DESCRIZIONE, DESCRIZIONE_AL1, DESCRIZIONE_AL2, SEQUENZA, NOTE, MOLTIPLICA, ARROTONDA, DIVIDE, NOTE_AL1, NOTE_AL2) VALUES ('MODELLO_98','1',to_date('01/01/1985','dd/mm/yyyy'),NULL,'Stip.Annuo',NULL,NULL,1,NULL,NULL,10000,NULL,NULL,NULL);
INSERT INTO estrazione_valori_contabili ( ESTRAZIONE, COLONNA, DAL, AL, DESCRIZIONE, DESCRIZIONE_AL1, DESCRIZIONE_AL2, SEQUENZA, NOTE, MOLTIPLICA, ARROTONDA, DIVIDE, NOTE_AL1, NOTE_AL2) VALUES ('MODELLO_98','2',to_date('01/01/1985','dd/mm/yyyy'),NULL,'13.a Mens.',NULL,NULL,2,NULL,NULL,10000,NULL,NULL,NULL);
INSERT INTO estrazione_valori_contabili ( ESTRAZIONE, COLONNA, DAL, AL, DESCRIZIONE, DESCRIZIONE_AL1, DESCRIZIONE_AL2, SEQUENZA, NOTE, MOLTIPLICA, ARROTONDA, DIVIDE, NOTE_AL1, NOTE_AL2) VALUES ('MODELLO_98','3',to_date('01/01/1985','dd/mm/yyyy'),NULL,'Iis Annuo',NULL,NULL,3,NULL,NULL,10000,NULL,NULL,NULL);
INSERT INTO estrazione_valori_contabili ( ESTRAZIONE, COLONNA, DAL, AL, DESCRIZIONE, DESCRIZIONE_AL1, DESCRIZIONE_AL2, SEQUENZA, NOTE, MOLTIPLICA, ARROTONDA, DIVIDE, NOTE_AL1, NOTE_AL2) VALUES ('MODELLO_98','4',to_date('01/01/1985','dd/mm/yyyy'),NULL,'Ind.Vig.',NULL,NULL,4,NULL,NULL,10000,NULL,NULL,NULL);
INSERT INTO estrazione_valori_contabili ( ESTRAZIONE, COLONNA, DAL, AL, DESCRIZIONE, DESCRIZIONE_AL1, DESCRIZIONE_AL2, SEQUENZA, NOTE, MOLTIPLICA, ARROTONDA, DIVIDE, NOTE_AL1, NOTE_AL2) VALUES ('MODELLO_98','5',to_date('01/01/1985','dd/mm/yyyy'),NULL,'Classi St.',NULL,NULL,5,NULL,NULL,10000,NULL,NULL,NULL);
INSERT INTO estrazione_valori_contabili ( ESTRAZIONE, COLONNA, DAL, AL, DESCRIZIONE, DESCRIZIONE_AL1, DESCRIZIONE_AL2, SEQUENZA, NOTE, MOLTIPLICA, ARROTONDA, DIVIDE, NOTE_AL1, NOTE_AL2) VALUES ('DENUNCIA_CP','ARR',to_date('01/01/1991','dd/mm/yyyy'),to_date('30/04/1991','dd/mm/yyyy'),'ARR',NULL,NULL,2,NULL,NULL,NULL,NULL,NULL,NULL);
INSERT INTO estrazione_valori_contabili ( ESTRAZIONE, COLONNA, DAL, AL, DESCRIZIONE, DESCRIZIONE_AL1, DESCRIZIONE_AL2, SEQUENZA, NOTE, MOLTIPLICA, ARROTONDA, DIVIDE, NOTE_AL1, NOTE_AL2) VALUES ('DENUNCIA_CP','MINIMALE_CPDEL',to_date('01/01/1991','dd/mm/yyyy'),NULL,'Minimale Contributivo Annuale CPDEL',NULL,NULL,4,NULL,NULL,NULL,NULL,NULL,NULL);
INSERT INTO estrazione_valori_contabili ( ESTRAZIONE, COLONNA, DAL, AL, DESCRIZIONE, DESCRIZIONE_AL1, DESCRIZIONE_AL2, SEQUENZA, NOTE, MOLTIPLICA, ARROTONDA, DIVIDE, NOTE_AL1, NOTE_AL2) VALUES ('DENUNCIA_CP','MINIMALE_CPS',to_date('01/01/1991','dd/mm/yyyy'),NULL,'Minimale Contributivo Annuale CPS',NULL,NULL,5,NULL,NULL,NULL,NULL,NULL,NULL);
INSERT INTO estrazione_valori_contabili ( ESTRAZIONE, COLONNA, DAL, AL, DESCRIZIONE, DESCRIZIONE_AL1, DESCRIZIONE_AL2, SEQUENZA, NOTE, MOLTIPLICA, ARROTONDA, DIVIDE, NOTE_AL1, NOTE_AL2) VALUES ('DENUNCIA_CP','MINIMALE_CPI',to_date('01/01/1991','dd/mm/yyyy'),NULL,'Minimale Contributivo Annuale CPI',NULL,NULL,6,NULL,NULL,NULL,NULL,NULL,NULL);
INSERT INTO estrazione_valori_contabili ( ESTRAZIONE, COLONNA, DAL, AL, DESCRIZIONE, DESCRIZIONE_AL1, DESCRIZIONE_AL2, SEQUENZA, NOTE, MOLTIPLICA, ARROTONDA, DIVIDE, NOTE_AL1, NOTE_AL2) VALUES ('DENUNCIA_INADEL','A',to_date('01/01/1991','dd/mm/yyyy'),NULL,'Stipendio, Anzianita'', Acconto Miglioramenti Economici',NULL,NULL,1,NULL,NULL,NULL,NULL,NULL,NULL);
INSERT INTO estrazione_valori_contabili ( ESTRAZIONE, COLONNA, DAL, AL, DESCRIZIONE, DESCRIZIONE_AL1, DESCRIZIONE_AL2, SEQUENZA, NOTE, MOLTIPLICA, ARROTONDA, DIVIDE, NOTE_AL1, NOTE_AL2) VALUES ('DENUNCIA_O1_INPS','QD_IMPORTO_RID',to_date('01/01/1991','dd/mm/yyyy'),NULL,'Importo Retribuzione Ridotta Quadro D',NULL,NULL,8,NULL,NULL,1000,NULL,NULL,NULL);
INSERT INTO estrazione_valori_contabili ( ESTRAZIONE, COLONNA, DAL, AL, DESCRIZIONE, DESCRIZIONE_AL1, DESCRIZIONE_AL2, SEQUENZA, NOTE, MOLTIPLICA, ARROTONDA, DIVIDE, NOTE_AL1, NOTE_AL2) VALUES ('DENUNCIA_O1_INPS','QD_IMPORTO_CIG',to_date('01/01/1991','dd/mm/yyyy'),NULL,'Importo Retribuzione per C.I.G. Quadro D',NULL,NULL,9,NULL,NULL,1000,NULL,NULL,NULL);
INSERT INTO estrazione_valori_contabili ( ESTRAZIONE, COLONNA, DAL, AL, DESCRIZIONE, DESCRIZIONE_AL1, DESCRIZIONE_AL2, SEQUENZA, NOTE, MOLTIPLICA, ARROTONDA, DIVIDE, NOTE_AL1, NOTE_AL2) VALUES ('DENUNCIA_O1_INPS','QD_SETT1_MAL',to_date('01/01/1991','dd/mm/yyyy'),NULL,'Numero Settimane 1 per Malattia Quadro D',NULL,NULL,10,NULL,NULL,1000,NULL,NULL,NULL);
INSERT INTO estrazione_valori_contabili ( ESTRAZIONE, COLONNA, DAL, AL, DESCRIZIONE, DESCRIZIONE_AL1, DESCRIZIONE_AL2, SEQUENZA, NOTE, MOLTIPLICA, ARROTONDA, DIVIDE, NOTE_AL1, NOTE_AL2) VALUES ('DENUNCIA_O1_INPS','QD_SETT2_MAL',to_date('01/01/1991','dd/mm/yyyy'),NULL,'Numero Settimane 2 per Malattia Quadro D',NULL,NULL,11,NULL,NULL,1000,NULL,NULL,NULL);
INSERT INTO estrazione_valori_contabili ( ESTRAZIONE, COLONNA, DAL, AL, DESCRIZIONE, DESCRIZIONE_AL1, DESCRIZIONE_AL2, SEQUENZA, NOTE, MOLTIPLICA, ARROTONDA, DIVIDE, NOTE_AL1, NOTE_AL2) VALUES ('DENUNCIA_O1_INPS','QD_SETT1_MAT',to_date('01/01/1991','dd/mm/yyyy'),NULL,'Numero Settimane 1 per Maternita` Quadro D',NULL,NULL,12,NULL,NULL,1000,NULL,NULL,NULL);
INSERT INTO estrazione_valori_contabili ( ESTRAZIONE, COLONNA, DAL, AL, DESCRIZIONE, DESCRIZIONE_AL1, DESCRIZIONE_AL2, SEQUENZA, NOTE, MOLTIPLICA, ARROTONDA, DIVIDE, NOTE_AL1, NOTE_AL2) VALUES ('DENUNCIA_O1_INPS','QD_SETT2_MAT',to_date('01/01/1991','dd/mm/yyyy'),NULL,'Numero Settimane 2 per Maternita` Quadro D',NULL,NULL,13,NULL,NULL,1000,NULL,NULL,NULL);
INSERT INTO estrazione_valori_contabili ( ESTRAZIONE, COLONNA, DAL, AL, DESCRIZIONE, DESCRIZIONE_AL1, DESCRIZIONE_AL2, SEQUENZA, NOTE, MOLTIPLICA, ARROTONDA, DIVIDE, NOTE_AL1, NOTE_AL2) VALUES ('DENUNCIA_O1_INPS','QD_SETT1_M88',to_date('01/01/1991','dd/mm/yyyy'),NULL,'Numero Settimane 1 per Malattia L.88 Quadro D',NULL,NULL,14,NULL,NULL,1000,NULL,NULL,NULL);
INSERT INTO estrazione_valori_contabili ( ESTRAZIONE, COLONNA, DAL, AL, DESCRIZIONE, DESCRIZIONE_AL1, DESCRIZIONE_AL2, SEQUENZA, NOTE, MOLTIPLICA, ARROTONDA, DIVIDE, NOTE_AL1, NOTE_AL2) VALUES ('DENUNCIA_O1_INPS','QD_SETT2_M88',to_date('01/01/1991','dd/mm/yyyy'),NULL,'Numero Settimane 2 per Malattia L.88 Quadro D',NULL,NULL,15,NULL,NULL,1000,NULL,NULL,NULL);
INSERT INTO estrazione_valori_contabili ( ESTRAZIONE, COLONNA, DAL, AL, DESCRIZIONE, DESCRIZIONE_AL1, DESCRIZIONE_AL2, SEQUENZA, NOTE, MOLTIPLICA, ARROTONDA, DIVIDE, NOTE_AL1, NOTE_AL2) VALUES ('DENUNCIA_O1_INPS','QD_SETT1_CIG',to_date('01/01/1991','dd/mm/yyyy'),NULL,'Numero Settimane 1 per C.I.G. Quadro D',NULL,NULL,16,NULL,NULL,1000,NULL,NULL,NULL);
INSERT INTO estrazione_valori_contabili ( ESTRAZIONE, COLONNA, DAL, AL, DESCRIZIONE, DESCRIZIONE_AL1, DESCRIZIONE_AL2, SEQUENZA, NOTE, MOLTIPLICA, ARROTONDA, DIVIDE, NOTE_AL1, NOTE_AL2) VALUES ('DENUNCIA_O1_INPS','QD_SETT2_CIG',to_date('01/01/1991','dd/mm/yyyy'),NULL,'Numero Settimane 2 per C.I.G. Quadro D',NULL,NULL,17,NULL,NULL,1000,NULL,NULL,NULL);
INSERT INTO estrazione_valori_contabili ( ESTRAZIONE, COLONNA, DAL, AL, DESCRIZIONE, DESCRIZIONE_AL1, DESCRIZIONE_AL2, SEQUENZA, NOTE, MOLTIPLICA, ARROTONDA, DIVIDE, NOTE_AL1, NOTE_AL2) VALUES ('DENUNCIA_O1_INPS','QD_SETT2_DDS',to_date('01/01/1991','dd/mm/yyyy'),NULL,'Numero Settimane 2 per Donazione Sangue Quadro D',NULL,NULL,18,NULL,NULL,1000,NULL,NULL,NULL);
INSERT INTO estrazione_valori_contabili ( ESTRAZIONE, COLONNA, DAL, AL, DESCRIZIONE, DESCRIZIONE_AL1, DESCRIZIONE_AL2, SEQUENZA, NOTE, MOLTIPLICA, ARROTONDA, DIVIDE, NOTE_AL1, NOTE_AL2) VALUES ('MODELLO_98','ALIQUOTA_02',to_date('01/01/1985','dd/mm/yyyy'),NULL,'Aliquota Secondo Anno',NULL,NULL,101,NULL,NULL,NULL,NULL,NULL,NULL);
INSERT INTO estrazione_valori_contabili ( ESTRAZIONE, COLONNA, DAL, AL, DESCRIZIONE, DESCRIZIONE_AL1, DESCRIZIONE_AL2, SEQUENZA, NOTE, MOLTIPLICA, ARROTONDA, DIVIDE, NOTE_AL1, NOTE_AL2) VALUES ('MODELLO_98','ALIQUOTA_03',to_date('01/01/1985','dd/mm/yyyy'),NULL,'Aliquota Terzo Anno',NULL,NULL,102,NULL,NULL,NULL,NULL,NULL,NULL);
INSERT INTO estrazione_valori_contabili ( ESTRAZIONE, COLONNA, DAL, AL, DESCRIZIONE, DESCRIZIONE_AL1, DESCRIZIONE_AL2, SEQUENZA, NOTE, MOLTIPLICA, ARROTONDA, DIVIDE, NOTE_AL1, NOTE_AL2) VALUES ('MODELLO_98','ALIQUOTA_04',to_date('01/01/1985','dd/mm/yyyy'),NULL,'Aliquota Quarto Anno',NULL,NULL,103,NULL,NULL,NULL,NULL,NULL,NULL);
INSERT INTO estrazione_valori_contabili ( ESTRAZIONE, COLONNA, DAL, AL, DESCRIZIONE, DESCRIZIONE_AL1, DESCRIZIONE_AL2, SEQUENZA, NOTE, MOLTIPLICA, ARROTONDA, DIVIDE, NOTE_AL1, NOTE_AL2) VALUES ('MODELLO_98','ALIQUOTA_05',to_date('01/01/1985','dd/mm/yyyy'),NULL,'Aliquota Quinto Anno',NULL,NULL,104,NULL,NULL,NULL,NULL,NULL,NULL);
INSERT INTO estrazione_valori_contabili ( ESTRAZIONE, COLONNA, DAL, AL, DESCRIZIONE, DESCRIZIONE_AL1, DESCRIZIONE_AL2, SEQUENZA, NOTE, MOLTIPLICA, ARROTONDA, DIVIDE, NOTE_AL1, NOTE_AL2) VALUES ('MODELLO_98','ALIQUOTA_01',to_date('01/01/1985','dd/mm/yyyy'),NULL,'Aliquota Primo Anno',NULL,NULL,100,NULL,NULL,NULL,NULL,NULL,NULL);
INSERT INTO estrazione_valori_contabili ( ESTRAZIONE, COLONNA, DAL, AL, DESCRIZIONE, DESCRIZIONE_AL1, DESCRIZIONE_AL2, SEQUENZA, NOTE, MOLTIPLICA, ARROTONDA, DIVIDE, NOTE_AL1, NOTE_AL2) VALUES ('MODELLO_98','ALIQUOTA_06',to_date('01/01/1985','dd/mm/yyyy'),NULL,'Aliquota Sesto Anno',NULL,NULL,105,NULL,NULL,NULL,NULL,NULL,NULL);
INSERT INTO estrazione_valori_contabili ( ESTRAZIONE, COLONNA, DAL, AL, DESCRIZIONE, DESCRIZIONE_AL1, DESCRIZIONE_AL2, SEQUENZA, NOTE, MOLTIPLICA, ARROTONDA, DIVIDE, NOTE_AL1, NOTE_AL2) VALUES ('MODELLO_98','ALIQUOTA_07',to_date('01/01/1985','dd/mm/yyyy'),NULL,'Aliquota Settimo Anno',NULL,NULL,106,NULL,NULL,NULL,NULL,NULL,NULL);
INSERT INTO estrazione_valori_contabili ( ESTRAZIONE, COLONNA, DAL, AL, DESCRIZIONE, DESCRIZIONE_AL1, DESCRIZIONE_AL2, SEQUENZA, NOTE, MOLTIPLICA, ARROTONDA, DIVIDE, NOTE_AL1, NOTE_AL2) VALUES ('MODELLO_98','ALIQUOTA_08',to_date('01/01/1985','dd/mm/yyyy'),NULL,'Aliquota Ottavo Anno',NULL,NULL,107,NULL,NULL,NULL,NULL,NULL,NULL);
INSERT INTO estrazione_valori_contabili ( ESTRAZIONE, COLONNA, DAL, AL, DESCRIZIONE, DESCRIZIONE_AL1, DESCRIZIONE_AL2, SEQUENZA, NOTE, MOLTIPLICA, ARROTONDA, DIVIDE, NOTE_AL1, NOTE_AL2) VALUES ('MODELLO_98','ALIQUOTA_09',to_date('01/01/1985','dd/mm/yyyy'),NULL,'Aliquota Nono Anno',NULL,NULL,108,NULL,NULL,NULL,NULL,NULL,NULL);
INSERT INTO estrazione_valori_contabili ( ESTRAZIONE, COLONNA, DAL, AL, DESCRIZIONE, DESCRIZIONE_AL1, DESCRIZIONE_AL2, SEQUENZA, NOTE, MOLTIPLICA, ARROTONDA, DIVIDE, NOTE_AL1, NOTE_AL2) VALUES ('MODELLO_98','ALIQUOTA_10',to_date('01/01/1985','dd/mm/yyyy'),NULL,'Aliquota Decimo Anno',NULL,NULL,109,NULL,NULL,NULL,NULL,NULL,NULL);
INSERT INTO estrazione_valori_contabili ( ESTRAZIONE, COLONNA, DAL, AL, DESCRIZIONE, DESCRIZIONE_AL1, DESCRIZIONE_AL2, SEQUENZA, NOTE, MOLTIPLICA, ARROTONDA, DIVIDE, NOTE_AL1, NOTE_AL2) VALUES ('MODELLO_98','ALIQUOTA_11',to_date('01/01/1985','dd/mm/yyyy'),NULL,'Aliquota Undicesimo Anno',NULL,NULL,110,NULL,NULL,NULL,NULL,NULL,NULL);
INSERT INTO estrazione_valori_contabili ( ESTRAZIONE, COLONNA, DAL, AL, DESCRIZIONE, DESCRIZIONE_AL1, DESCRIZIONE_AL2, SEQUENZA, NOTE, MOLTIPLICA, ARROTONDA, DIVIDE, NOTE_AL1, NOTE_AL2) VALUES ('MODELLO_98','ALIQUOTA_12',to_date('01/01/1985','dd/mm/yyyy'),NULL,'Aliquota Dodicesimo Anno',NULL,NULL,111,NULL,NULL,NULL,NULL,NULL,NULL);
INSERT INTO estrazione_valori_contabili ( ESTRAZIONE, COLONNA, DAL, AL, DESCRIZIONE, DESCRIZIONE_AL1, DESCRIZIONE_AL2, SEQUENZA, NOTE, MOLTIPLICA, ARROTONDA, DIVIDE, NOTE_AL1, NOTE_AL2) VALUES ('MODELLO_98','ALIQUOTA_13',to_date('01/01/1985','dd/mm/yyyy'),NULL,'Aliquota Tredicesimo Anno',NULL,NULL,112,NULL,NULL,NULL,NULL,NULL,NULL);
INSERT INTO estrazione_valori_contabili ( ESTRAZIONE, COLONNA, DAL, AL, DESCRIZIONE, DESCRIZIONE_AL1, DESCRIZIONE_AL2, SEQUENZA, NOTE, MOLTIPLICA, ARROTONDA, DIVIDE, NOTE_AL1, NOTE_AL2) VALUES ('MODELLO_98','ALIQUOTA_14',to_date('01/01/1985','dd/mm/yyyy'),NULL,'Aliquota Quattordicesimo Anno',NULL,NULL,113,NULL,NULL,NULL,NULL,NULL,NULL);
INSERT INTO estrazione_valori_contabili ( ESTRAZIONE, COLONNA, DAL, AL, DESCRIZIONE, DESCRIZIONE_AL1, DESCRIZIONE_AL2, SEQUENZA, NOTE, MOLTIPLICA, ARROTONDA, DIVIDE, NOTE_AL1, NOTE_AL2) VALUES ('MODELLO_98','ALIQUOTA_15',to_date('01/01/1985','dd/mm/yyyy'),NULL,'Aliquota Quindicesimo Anno',NULL,NULL,114,NULL,NULL,NULL,NULL,NULL,NULL);
INSERT INTO estrazione_valori_contabili ( ESTRAZIONE, COLONNA, DAL, AL, DESCRIZIONE, DESCRIZIONE_AL1, DESCRIZIONE_AL2, SEQUENZA, NOTE, MOLTIPLICA, ARROTONDA, DIVIDE, NOTE_AL1, NOTE_AL2) VALUES ('MODELLO_98','ALIQUOTA_16',to_date('01/01/1985','dd/mm/yyyy'),NULL,'Aliquota Sedicesimo Anno',NULL,NULL,115,NULL,NULL,NULL,NULL,NULL,NULL);
INSERT INTO estrazione_valori_contabili ( ESTRAZIONE, COLONNA, DAL, AL, DESCRIZIONE, DESCRIZIONE_AL1, DESCRIZIONE_AL2, SEQUENZA, NOTE, MOLTIPLICA, ARROTONDA, DIVIDE, NOTE_AL1, NOTE_AL2) VALUES ('MODELLO_98','ALIQUOTA_17',to_date('01/01/1985','dd/mm/yyyy'),NULL,'Aliquota Diciasettesimo Anno',NULL,NULL,116,NULL,NULL,NULL,NULL,NULL,NULL);
INSERT INTO estrazione_valori_contabili ( ESTRAZIONE, COLONNA, DAL, AL, DESCRIZIONE, DESCRIZIONE_AL1, DESCRIZIONE_AL2, SEQUENZA, NOTE, MOLTIPLICA, ARROTONDA, DIVIDE, NOTE_AL1, NOTE_AL2) VALUES ('MODELLO_98','ALIQUOTA_18',to_date('01/01/1985','dd/mm/yyyy'),NULL,'Aliquota Diciottesimo Anno',NULL,NULL,117,NULL,NULL,NULL,NULL,NULL,NULL);
INSERT INTO estrazione_valori_contabili ( ESTRAZIONE, COLONNA, DAL, AL, DESCRIZIONE, DESCRIZIONE_AL1, DESCRIZIONE_AL2, SEQUENZA, NOTE, MOLTIPLICA, ARROTONDA, DIVIDE, NOTE_AL1, NOTE_AL2) VALUES ('MODELLO_98','ALIQUOTA_19',to_date('01/01/1985','dd/mm/yyyy'),NULL,'Aliquota Diciannovesimo Anno',NULL,NULL,118,NULL,NULL,NULL,NULL,NULL,NULL);
INSERT INTO estrazione_valori_contabili ( ESTRAZIONE, COLONNA, DAL, AL, DESCRIZIONE, DESCRIZIONE_AL1, DESCRIZIONE_AL2, SEQUENZA, NOTE, MOLTIPLICA, ARROTONDA, DIVIDE, NOTE_AL1, NOTE_AL2) VALUES ('MODELLO_98','ALIQUOTA_20',to_date('01/01/1985','dd/mm/yyyy'),NULL,'Aliquota Ventesimo Anno',NULL,NULL,119,NULL,NULL,NULL,NULL,NULL,NULL);
INSERT INTO estrazione_valori_contabili ( ESTRAZIONE, COLONNA, DAL, AL, DESCRIZIONE, DESCRIZIONE_AL1, DESCRIZIONE_AL2, SEQUENZA, NOTE, MOLTIPLICA, ARROTONDA, DIVIDE, NOTE_AL1, NOTE_AL2) VALUES ('MODELLO_98','ALIQUOTA_21',to_date('01/01/1985','dd/mm/yyyy'),NULL,'Aliquota Ventunesimo Anno',NULL,NULL,120,NULL,NULL,NULL,NULL,NULL,NULL);
INSERT INTO estrazione_valori_contabili ( ESTRAZIONE, COLONNA, DAL, AL, DESCRIZIONE, DESCRIZIONE_AL1, DESCRIZIONE_AL2, SEQUENZA, NOTE, MOLTIPLICA, ARROTONDA, DIVIDE, NOTE_AL1, NOTE_AL2) VALUES ('MODELLO_98','ALIQUOTA_22',to_date('01/01/1985','dd/mm/yyyy'),NULL,'Aliquota Ventiduesimo Anno',NULL,NULL,121,NULL,NULL,NULL,NULL,NULL,NULL);
INSERT INTO estrazione_valori_contabili ( ESTRAZIONE, COLONNA, DAL, AL, DESCRIZIONE, DESCRIZIONE_AL1, DESCRIZIONE_AL2, SEQUENZA, NOTE, MOLTIPLICA, ARROTONDA, DIVIDE, NOTE_AL1, NOTE_AL2) VALUES ('MODELLO_98','ALIQUOTA_23',to_date('01/01/1985','dd/mm/yyyy'),NULL,'Aliquota Ventitreesimo Anno',NULL,NULL,122,NULL,NULL,NULL,NULL,NULL,NULL);
INSERT INTO estrazione_valori_contabili ( ESTRAZIONE, COLONNA, DAL, AL, DESCRIZIONE, DESCRIZIONE_AL1, DESCRIZIONE_AL2, SEQUENZA, NOTE, MOLTIPLICA, ARROTONDA, DIVIDE, NOTE_AL1, NOTE_AL2) VALUES ('MODELLO_98','ALIQUOTA_24',to_date('01/01/1985','dd/mm/yyyy'),NULL,'Aliquota Ventiquattresimo Anno',NULL,NULL,123,NULL,NULL,NULL,NULL,NULL,NULL);
INSERT INTO estrazione_valori_contabili ( ESTRAZIONE, COLONNA, DAL, AL, DESCRIZIONE, DESCRIZIONE_AL1, DESCRIZIONE_AL2, SEQUENZA, NOTE, MOLTIPLICA, ARROTONDA, DIVIDE, NOTE_AL1, NOTE_AL2) VALUES ('MODELLO_98','ALIQUOTA_25',to_date('01/01/1985','dd/mm/yyyy'),NULL,'Aliquota Venticinquesimo Anno',NULL,NULL,124,NULL,NULL,NULL,NULL,NULL,NULL);
INSERT INTO estrazione_valori_contabili ( ESTRAZIONE, COLONNA, DAL, AL, DESCRIZIONE, DESCRIZIONE_AL1, DESCRIZIONE_AL2, SEQUENZA, NOTE, MOLTIPLICA, ARROTONDA, DIVIDE, NOTE_AL1, NOTE_AL2) VALUES ('MODELLO_98','ALIQUOTA_26',to_date('01/01/1985','dd/mm/yyyy'),NULL,'Aliquota Ventiseiesimo Anno',NULL,NULL,125,NULL,NULL,NULL,NULL,NULL,NULL);
INSERT INTO estrazione_valori_contabili ( ESTRAZIONE, COLONNA, DAL, AL, DESCRIZIONE, DESCRIZIONE_AL1, DESCRIZIONE_AL2, SEQUENZA, NOTE, MOLTIPLICA, ARROTONDA, DIVIDE, NOTE_AL1, NOTE_AL2) VALUES ('MODELLO_98','ALIQUOTA_27',to_date('01/01/1985','dd/mm/yyyy'),NULL,'Aliquota Ventisettesimo Anno',NULL,NULL,126,NULL,NULL,NULL,NULL,NULL,NULL);
INSERT INTO estrazione_valori_contabili ( ESTRAZIONE, COLONNA, DAL, AL, DESCRIZIONE, DESCRIZIONE_AL1, DESCRIZIONE_AL2, SEQUENZA, NOTE, MOLTIPLICA, ARROTONDA, DIVIDE, NOTE_AL1, NOTE_AL2) VALUES ('MODELLO_98','ALIQUOTA_28',to_date('01/01/1985','dd/mm/yyyy'),NULL,'Aliquota Ventottesimo Anno',NULL,NULL,127,NULL,NULL,NULL,NULL,NULL,NULL);
INSERT INTO estrazione_valori_contabili ( ESTRAZIONE, COLONNA, DAL, AL, DESCRIZIONE, DESCRIZIONE_AL1, DESCRIZIONE_AL2, SEQUENZA, NOTE, MOLTIPLICA, ARROTONDA, DIVIDE, NOTE_AL1, NOTE_AL2) VALUES ('MODELLO_98','ALIQUOTA_29',to_date('01/01/1985','dd/mm/yyyy'),NULL,'Aliquota Ventinovesimo Anno',NULL,NULL,128,NULL,NULL,NULL,NULL,NULL,NULL);
INSERT INTO estrazione_valori_contabili ( ESTRAZIONE, COLONNA, DAL, AL, DESCRIZIONE, DESCRIZIONE_AL1, DESCRIZIONE_AL2, SEQUENZA, NOTE, MOLTIPLICA, ARROTONDA, DIVIDE, NOTE_AL1, NOTE_AL2) VALUES ('MODELLO_98','ALIQUOTA_30',to_date('01/01/1985','dd/mm/yyyy'),NULL,'Aliquota Trentesimo Anno',NULL,NULL,129,NULL,NULL,NULL,NULL,NULL,NULL);
INSERT INTO estrazione_valori_contabili ( ESTRAZIONE, COLONNA, DAL, AL, DESCRIZIONE, DESCRIZIONE_AL1, DESCRIZIONE_AL2, SEQUENZA, NOTE, MOLTIPLICA, ARROTONDA, DIVIDE, NOTE_AL1, NOTE_AL2) VALUES ('MODELLO_98','ALIQUOTA_31',to_date('01/01/1985','dd/mm/yyyy'),NULL,'Aliquota Trentunesimo Anno',NULL,NULL,130,NULL,NULL,NULL,NULL,NULL,NULL);
INSERT INTO estrazione_valori_contabili ( ESTRAZIONE, COLONNA, DAL, AL, DESCRIZIONE, DESCRIZIONE_AL1, DESCRIZIONE_AL2, SEQUENZA, NOTE, MOLTIPLICA, ARROTONDA, DIVIDE, NOTE_AL1, NOTE_AL2) VALUES ('DENUNCIA_INADEL','M',to_date('01/01/1991','dd/mm/yyyy'),NULL,'Dirigenza Medica',NULL,NULL,12,NULL,NULL,NULL,NULL,NULL,NULL);
INSERT INTO estrazione_valori_contabili ( ESTRAZIONE, COLONNA, DAL, AL, DESCRIZIONE, DESCRIZIONE_AL1, DESCRIZIONE_AL2, SEQUENZA, NOTE, MOLTIPLICA, ARROTONDA, DIVIDE, NOTE_AL1, NOTE_AL2) VALUES ('DENUNCIA_INADEL','N',to_date('01/01/1991','dd/mm/yyyy'),NULL,'Indennita Tempo Pieno e Veterinaria',NULL,NULL,11,NULL,NULL,NULL,NULL,NULL,NULL);
INSERT INTO estrazione_valori_contabili ( ESTRAZIONE, COLONNA, DAL, AL, DESCRIZIONE, DESCRIZIONE_AL1, DESCRIZIONE_AL2, SEQUENZA, NOTE, MOLTIPLICA, ARROTONDA, DIVIDE, NOTE_AL1, NOTE_AL2) VALUES ('DENUNCIA_INADEL','O',to_date('01/01/1991','dd/mm/yyyy'),NULL,'Indennita'' Primariale',NULL,NULL,13,NULL,NULL,NULL,NULL,NULL,NULL);
INSERT INTO estrazione_valori_contabili ( ESTRAZIONE, COLONNA, DAL, AL, DESCRIZIONE, DESCRIZIONE_AL1, DESCRIZIONE_AL2, SEQUENZA, NOTE, MOLTIPLICA, ARROTONDA, DIVIDE, NOTE_AL1, NOTE_AL2) VALUES ('DENUNCIA_INADEL','P',to_date('01/01/1991','dd/mm/yyyy'),NULL,'Specialistica non medici',NULL,NULL,14,NULL,NULL,NULL,NULL,NULL,NULL);
INSERT INTO estrazione_valori_contabili ( ESTRAZIONE, COLONNA, DAL, AL, DESCRIZIONE, DESCRIZIONE_AL1, DESCRIZIONE_AL2, SEQUENZA, NOTE, MOLTIPLICA, ARROTONDA, DIVIDE, NOTE_AL1, NOTE_AL2) VALUES ('DENUNCIA_INADEL','Q',to_date('01/01/1991','dd/mm/yyyy'),NULL,'Indennita'' Professionale non medici',NULL,NULL,15,NULL,NULL,NULL,NULL,NULL,NULL);
INSERT INTO estrazione_valori_contabili ( ESTRAZIONE, COLONNA, DAL, AL, DESCRIZIONE, DESCRIZIONE_AL1, DESCRIZIONE_AL2, SEQUENZA, NOTE, MOLTIPLICA, ARROTONDA, DIVIDE, NOTE_AL1, NOTE_AL2) VALUES ('DENUNCIA_INADEL','R',to_date('01/01/1991','dd/mm/yyyy'),NULL,'Dirigenza Laureati non medici',NULL,NULL,16,NULL,NULL,NULL,NULL,NULL,NULL);
INSERT INTO estrazione_valori_contabili ( ESTRAZIONE, COLONNA, DAL, AL, DESCRIZIONE, DESCRIZIONE_AL1, DESCRIZIONE_AL2, SEQUENZA, NOTE, MOLTIPLICA, ARROTONDA, DIVIDE, NOTE_AL1, NOTE_AL2) VALUES ('DENUNCIA_INADEL','S',to_date('01/01/1991','dd/mm/yyyy'),NULL,'Indennita'' Capo Operai',NULL,NULL,17,NULL,NULL,NULL,NULL,NULL,NULL);
INSERT INTO estrazione_valori_contabili ( ESTRAZIONE, COLONNA, DAL, AL, DESCRIZIONE, DESCRIZIONE_AL1, DESCRIZIONE_AL2, SEQUENZA, NOTE, MOLTIPLICA, ARROTONDA, DIVIDE, NOTE_AL1, NOTE_AL2) VALUES ('DENUNCIA_INADEL','CONTRIBUTI',to_date('01/01/1991','dd/mm/yyyy'),NULL,'Contributi',NULL,NULL,10,NULL,NULL,NULL,NULL,NULL,NULL);
INSERT INTO estrazione_valori_contabili ( ESTRAZIONE, COLONNA, DAL, AL, DESCRIZIONE, DESCRIZIONE_AL1, DESCRIZIONE_AL2, SEQUENZA, NOTE, MOLTIPLICA, ARROTONDA, DIVIDE, NOTE_AL1, NOTE_AL2) VALUES ('DENUNCIA_ONAOSI','IPN',to_date('01/01/1991','dd/mm/yyyy'),NULL,'Imponibile totale ONAOSI',NULL,NULL,1,NULL,NULL,NULL,NULL,NULL,NULL);
INSERT INTO estrazione_valori_contabili ( ESTRAZIONE, COLONNA, DAL, AL, DESCRIZIONE, DESCRIZIONE_AL1, DESCRIZIONE_AL2, SEQUENZA, NOTE, MOLTIPLICA, ARROTONDA, DIVIDE, NOTE_AL1, NOTE_AL2) VALUES ('DENUNCIA_ONAOSI','RIT_CALC',to_date('01/01/1991','dd/mm/yyyy'),NULL,'Ritenuta ricalcolata ONAOSI',NULL,NULL,2,NULL,NULL,10,NULL,NULL,NULL);
INSERT INTO estrazione_valori_contabili ( ESTRAZIONE, COLONNA, DAL, AL, DESCRIZIONE, DESCRIZIONE_AL1, DESCRIZIONE_AL2, SEQUENZA, NOTE, MOLTIPLICA, ARROTONDA, DIVIDE, NOTE_AL1, NOTE_AL2) VALUES ('DENUNCIA_ONAOSI','RIT',to_date('01/01/1991','dd/mm/yyyy'),NULL,'Ritenuta effettiva ONAOSI',NULL,NULL,3,NULL,NULL,10,NULL,NULL,NULL);
INSERT INTO estrazione_valori_contabili ( ESTRAZIONE, COLONNA, DAL, AL, DESCRIZIONE, DESCRIZIONE_AL1, DESCRIZIONE_AL2, SEQUENZA, NOTE, MOLTIPLICA, ARROTONDA, DIVIDE, NOTE_AL1, NOTE_AL2) VALUES ('DENUNCIA_ONAOSI','IPN_MENS',to_date('01/01/1991','dd/mm/yyyy'),NULL,'Imponibile mensile ONAOSI',NULL,NULL,4,NULL,NULL,NULL,NULL,NULL,NULL);
INSERT INTO estrazione_valori_contabili ( ESTRAZIONE, COLONNA, DAL, AL, DESCRIZIONE, DESCRIZIONE_AL1, DESCRIZIONE_AL2, SEQUENZA, NOTE, MOLTIPLICA, ARROTONDA, DIVIDE, NOTE_AL1, NOTE_AL2) VALUES ('DENUNCIA_ONAOSI','RIT_MENS',to_date('01/01/1991','dd/mm/yyyy'),NULL,'Ritenuta mensile ONAOSI',NULL,NULL,5,NULL,NULL,10,NULL,NULL,NULL);
INSERT INTO estrazione_valori_contabili ( ESTRAZIONE, COLONNA, DAL, AL, DESCRIZIONE, DESCRIZIONE_AL1, DESCRIZIONE_AL2, SEQUENZA, NOTE, MOLTIPLICA, ARROTONDA, DIVIDE, NOTE_AL1, NOTE_AL2) VALUES ('DENUNCIA_ONAOSI','GG',to_date('01/01/1991','dd/mm/yyyy'),NULL,'Giorni rapportati',NULL,NULL,6,NULL,NULL,NULL,NULL,NULL,NULL);
INSERT INTO estrazione_valori_contabili ( ESTRAZIONE, COLONNA, DAL, AL, DESCRIZIONE, DESCRIZIONE_AL1, DESCRIZIONE_AL2, SEQUENZA, NOTE, MOLTIPLICA, ARROTONDA, DIVIDE, NOTE_AL1, NOTE_AL2) VALUES ('DM10_S','10',to_date('01/01/1991','dd/mm/yyyy'),NULL,'Contributi c/Dip.',NULL,NULL,1,'Contributi c/Dip.',NULL,1000,NULL,NULL,NULL);
INSERT INTO estrazione_valori_contabili ( ESTRAZIONE, COLONNA, DAL, AL, DESCRIZIONE, DESCRIZIONE_AL1, DESCRIZIONE_AL2, SEQUENZA, NOTE, MOLTIPLICA, ARROTONDA, DIVIDE, NOTE_AL1, NOTE_AL2) VALUES ('DM10_S','08',to_date('01/01/1991','dd/mm/yyyy'),NULL,'Somme per 730',NULL,NULL,1,'Somme per 730',NULL,1000,NULL,NULL,NULL);
INSERT INTO estrazione_valori_contabili ( ESTRAZIONE, COLONNA, DAL, AL, DESCRIZIONE, DESCRIZIONE_AL1, DESCRIZIONE_AL2, SEQUENZA, NOTE, MOLTIPLICA, ARROTONDA, DIVIDE, NOTE_AL1, NOTE_AL2) VALUES ('SMT_TAB7S','SCI_GG',to_date('01/01/1991','dd/mm/yyyy'),NULL,'Sciopero a Giorni',NULL,NULL,1,NULL,NULL,NULL,NULL,NULL,NULL);
INSERT INTO estrazione_valori_contabili ( ESTRAZIONE, COLONNA, DAL, AL, DESCRIZIONE, DESCRIZIONE_AL1, DESCRIZIONE_AL2, SEQUENZA, NOTE, MOLTIPLICA, ARROTONDA, DIVIDE, NOTE_AL1, NOTE_AL2) VALUES ('SMT_TAB7S','SCI_ORE',to_date('01/01/1991','dd/mm/yyyy'),NULL,'Sciopero a Ore',NULL,NULL,2,NULL,NULL,NULL,NULL,NULL,NULL);
INSERT INTO estrazione_valori_contabili ( ESTRAZIONE, COLONNA, DAL, AL, DESCRIZIONE, DESCRIZIONE_AL1, DESCRIZIONE_AL2, SEQUENZA, NOTE, MOLTIPLICA, ARROTONDA, DIVIDE, NOTE_AL1, NOTE_AL2) VALUES ('SMT_TAB8A','STIPENDI',to_date('01/01/1991','dd/mm/yyyy'),to_date('31/12/2001','dd/mm/yyyy'),'Stipendi',NULL,NULL,2,NULL,NULL,NULL,NULL,NULL,NULL);
INSERT INTO estrazione_valori_contabili ( ESTRAZIONE, COLONNA, DAL, AL, DESCRIZIONE, DESCRIZIONE_AL1, DESCRIZIONE_AL2, SEQUENZA, NOTE, MOLTIPLICA, ARROTONDA, DIVIDE, NOTE_AL1, NOTE_AL2) VALUES ('SMT_TAB8A','IIS',to_date('01/01/1991','dd/mm/yyyy'),to_date('31/12/2001','dd/mm/yyyy'),'Iis',NULL,NULL,3,NULL,NULL,NULL,NULL,NULL,NULL);
INSERT INTO estrazione_valori_contabili ( ESTRAZIONE, COLONNA, DAL, AL, DESCRIZIONE, DESCRIZIONE_AL1, DESCRIZIONE_AL2, SEQUENZA, NOTE, MOLTIPLICA, ARROTONDA, DIVIDE, NOTE_AL1, NOTE_AL2) VALUES ('SMT_TAB8B','02',to_date('01/01/1991','dd/mm/yyyy'),NULL,'Cod. I114',NULL,NULL,2,NULL,NULL,NULL,NULL,NULL,NULL);
INSERT INTO estrazione_valori_contabili ( ESTRAZIONE, COLONNA, DAL, AL, DESCRIZIONE, DESCRIZIONE_AL1, DESCRIZIONE_AL2, SEQUENZA, NOTE, MOLTIPLICA, ARROTONDA, DIVIDE, NOTE_AL1, NOTE_AL2) VALUES ('SMT_TAB8B','03',to_date('01/01/1991','dd/mm/yyyy'),NULL,'Cod. I115',NULL,NULL,3,NULL,NULL,NULL,NULL,NULL,NULL);
INSERT INTO estrazione_valori_contabili ( ESTRAZIONE, COLONNA, DAL, AL, DESCRIZIONE, DESCRIZIONE_AL1, DESCRIZIONE_AL2, SEQUENZA, NOTE, MOLTIPLICA, ARROTONDA, DIVIDE, NOTE_AL1, NOTE_AL2) VALUES ('SMT_TAB8B','04',to_date('01/01/1991','dd/mm/yyyy'),NULL,'Cod. I125',NULL,NULL,4,NULL,NULL,NULL,NULL,NULL,NULL);
INSERT INTO estrazione_valori_contabili ( ESTRAZIONE, COLONNA, DAL, AL, DESCRIZIONE, DESCRIZIONE_AL1, DESCRIZIONE_AL2, SEQUENZA, NOTE, MOLTIPLICA, ARROTONDA, DIVIDE, NOTE_AL1, NOTE_AL2) VALUES ('SMT_TAB8B','05',to_date('01/01/1991','dd/mm/yyyy'),NULL,'Cod. I304',NULL,NULL,5,NULL,NULL,NULL,NULL,NULL,NULL);
INSERT INTO estrazione_valori_contabili ( ESTRAZIONE, COLONNA, DAL, AL, DESCRIZIONE, DESCRIZIONE_AL1, DESCRIZIONE_AL2, SEQUENZA, NOTE, MOLTIPLICA, ARROTONDA, DIVIDE, NOTE_AL1, NOTE_AL2) VALUES ('SMT_TAB8B','06',to_date('01/01/1991','dd/mm/yyyy'),NULL,'Cod. I999',NULL,NULL,6,NULL,NULL,NULL,NULL,NULL,NULL);
INSERT INTO estrazione_valori_contabili ( ESTRAZIONE, COLONNA, DAL, AL, DESCRIZIONE, DESCRIZIONE_AL1, DESCRIZIONE_AL2, SEQUENZA, NOTE, MOLTIPLICA, ARROTONDA, DIVIDE, NOTE_AL1, NOTE_AL2) VALUES ('SMT_TAB8C','01',to_date('01/01/1991','dd/mm/yyyy'),NULL,'Cod. S101',NULL,NULL,1,NULL,NULL,NULL,NULL,NULL,NULL);
INSERT INTO estrazione_valori_contabili ( ESTRAZIONE, COLONNA, DAL, AL, DESCRIZIONE, DESCRIZIONE_AL1, DESCRIZIONE_AL2, SEQUENZA, NOTE, MOLTIPLICA, ARROTONDA, DIVIDE, NOTE_AL1, NOTE_AL2) VALUES ('SMT_TAB8C','02',to_date('01/01/1991','dd/mm/yyyy'),NULL,'Cod. S202',NULL,NULL,2,NULL,NULL,NULL,NULL,NULL,NULL);
INSERT INTO estrazione_valori_contabili ( ESTRAZIONE, COLONNA, DAL, AL, DESCRIZIONE, DESCRIZIONE_AL1, DESCRIZIONE_AL2, SEQUENZA, NOTE, MOLTIPLICA, ARROTONDA, DIVIDE, NOTE_AL1, NOTE_AL2) VALUES ('SMT_TAB8C','03',to_date('01/01/1991','dd/mm/yyyy'),NULL,'Cod. S303',NULL,NULL,3,NULL,NULL,NULL,NULL,NULL,NULL);
INSERT INTO estrazione_valori_contabili ( ESTRAZIONE, COLONNA, DAL, AL, DESCRIZIONE, DESCRIZIONE_AL1, DESCRIZIONE_AL2, SEQUENZA, NOTE, MOLTIPLICA, ARROTONDA, DIVIDE, NOTE_AL1, NOTE_AL2) VALUES ('SMT_TAB8C','04',to_date('01/01/1991','dd/mm/yyyy'),NULL,'Cod. S401',NULL,NULL,4,NULL,NULL,NULL,NULL,NULL,NULL);
INSERT INTO estrazione_valori_contabili ( ESTRAZIONE, COLONNA, DAL, AL, DESCRIZIONE, DESCRIZIONE_AL1, DESCRIZIONE_AL2, SEQUENZA, NOTE, MOLTIPLICA, ARROTONDA, DIVIDE, NOTE_AL1, NOTE_AL2) VALUES ('SMT_TAB8C','05',to_date('01/01/1991','dd/mm/yyyy'),NULL,'Cod. S621',NULL,NULL,5,NULL,NULL,NULL,NULL,NULL,NULL);
INSERT INTO estrazione_valori_contabili ( ESTRAZIONE, COLONNA, DAL, AL, DESCRIZIONE, DESCRIZIONE_AL1, DESCRIZIONE_AL2, SEQUENZA, NOTE, MOLTIPLICA, ARROTONDA, DIVIDE, NOTE_AL1, NOTE_AL2) VALUES ('SMT_TAB8C','06',to_date('01/01/1991','dd/mm/yyyy'),NULL,'Cod. S999',NULL,NULL,6,NULL,NULL,NULL,NULL,NULL,NULL);
INSERT INTO estrazione_valori_contabili ( ESTRAZIONE, COLONNA, DAL, AL, DESCRIZIONE, DESCRIZIONE_AL1, DESCRIZIONE_AL2, SEQUENZA, NOTE, MOLTIPLICA, ARROTONDA, DIVIDE, NOTE_AL1, NOTE_AL2) VALUES ('SMT_TAB8A','13A',to_date('01/01/1991','dd/mm/yyyy'),to_date('31/12/2001','dd/mm/yyyy'),'Tredicesima',NULL,NULL,5,NULL,NULL,NULL,NULL,NULL,NULL);
INSERT INTO estrazione_valori_contabili ( ESTRAZIONE, COLONNA, DAL, AL, DESCRIZIONE, DESCRIZIONE_AL1, DESCRIZIONE_AL2, SEQUENZA, NOTE, MOLTIPLICA, ARROTONDA, DIVIDE, NOTE_AL1, NOTE_AL2) VALUES ('SMT_TAB8A','ARRETRATI',to_date('01/01/1991','dd/mm/yyyy'),to_date('31/12/2001','dd/mm/yyyy'),'Arretrati',NULL,NULL,6,NULL,NULL,NULL,NULL,NULL,NULL);
INSERT INTO estrazione_valori_contabili ( ESTRAZIONE, COLONNA, DAL, AL, DESCRIZIONE, DESCRIZIONE_AL1, DESCRIZIONE_AL2, SEQUENZA, NOTE, MOLTIPLICA, ARROTONDA, DIVIDE, NOTE_AL1, NOTE_AL2) VALUES ('SMT_TAB8A','ASS_FAM',to_date('01/01/1991','dd/mm/yyyy'),to_date('31/12/2001','dd/mm/yyyy'),'Assegni Familiari',NULL,NULL,6,NULL,NULL,NULL,NULL,NULL,NULL);
INSERT INTO estrazione_valori_contabili ( ESTRAZIONE, COLONNA, DAL, AL, DESCRIZIONE, DESCRIZIONE_AL1, DESCRIZIONE_AL2, SEQUENZA, NOTE, MOLTIPLICA, ARROTONDA, DIVIDE, NOTE_AL1, NOTE_AL2) VALUES ('SMT_TAB8A','INDENNITA',to_date('01/01/1991','dd/mm/yyyy'),to_date('31/12/2001','dd/mm/yyyy'),'Indennita` Fisse e continuative',NULL,NULL,8,NULL,NULL,NULL,NULL,NULL,NULL);
INSERT INTO estrazione_valori_contabili ( ESTRAZIONE, COLONNA, DAL, AL, DESCRIZIONE, DESCRIZIONE_AL1, DESCRIZIONE_AL2, SEQUENZA, NOTE, MOLTIPLICA, ARROTONDA, DIVIDE, NOTE_AL1, NOTE_AL2) VALUES ('SMT_TAB8A','RECUPERI',to_date('01/01/1991','dd/mm/yyyy'),to_date('31/12/2001','dd/mm/yyyy'),'Recuperi',NULL,NULL,9,NULL,NULL,NULL,NULL,NULL,NULL);
INSERT INTO estrazione_valori_contabili ( ESTRAZIONE, COLONNA, DAL, AL, DESCRIZIONE, DESCRIZIONE_AL1, DESCRIZIONE_AL2, SEQUENZA, NOTE, MOLTIPLICA, ARROTONDA, DIVIDE, NOTE_AL1, NOTE_AL2) VALUES ('SMT_TAB8B','01',to_date('01/01/1991','dd/mm/yyyy'),NULL,'Ind. prof. e di agg.',NULL,NULL,1,NULL,NULL,NULL,NULL,NULL,NULL);
INSERT INTO estrazione_valori_contabili ( ESTRAZIONE, COLONNA, DAL, AL, DESCRIZIONE, DESCRIZIONE_AL1, DESCRIZIONE_AL2, SEQUENZA, NOTE, MOLTIPLICA, ARROTONDA, DIVIDE, NOTE_AL1, NOTE_AL2) VALUES ('SMT_TAB8A','RIA',to_date('01/01/1991','dd/mm/yyyy'),to_date('31/12/2001','dd/mm/yyyy'),'Ria',NULL,NULL,4,NULL,NULL,NULL,NULL,NULL,NULL);
INSERT INTO estrazione_valori_contabili ( ESTRAZIONE, COLONNA, DAL, AL, DESCRIZIONE, DESCRIZIONE_AL1, DESCRIZIONE_AL2, SEQUENZA, NOTE, MOLTIPLICA, ARROTONDA, DIVIDE, NOTE_AL1, NOTE_AL2) VALUES ('DENUNCIA_CP','ARR',to_date('01/01/1992','dd/mm/yyyy'),to_date('30/06/1992','dd/mm/yyyy'),'ARR',NULL,NULL,2,NULL,NULL,NULL,NULL,NULL,NULL);
INSERT INTO estrazione_valori_contabili ( ESTRAZIONE, COLONNA, DAL, AL, DESCRIZIONE, DESCRIZIONE_AL1, DESCRIZIONE_AL2, SEQUENZA, NOTE, MOLTIPLICA, ARROTONDA, DIVIDE, NOTE_AL1, NOTE_AL2) VALUES ('DENUNCIA_CP','ARR',to_date('01/07/1992','dd/mm/yyyy'),to_date('31/12/1992','dd/mm/yyyy'),'ARR',NULL,NULL,2,NULL,NULL,NULL,NULL,NULL,NULL);
INSERT INTO estrazione_valori_contabili ( ESTRAZIONE, COLONNA, DAL, AL, DESCRIZIONE, DESCRIZIONE_AL1, DESCRIZIONE_AL2, SEQUENZA, NOTE, MOLTIPLICA, ARROTONDA, DIVIDE, NOTE_AL1, NOTE_AL2) VALUES ('DENUNCIA_CP','ARR',to_date('01/01/1993','dd/mm/yyyy'),to_date('31/12/1993','dd/mm/yyyy'),'ARR',NULL,NULL,2,NULL,NULL,NULL,NULL,NULL,NULL);
INSERT INTO estrazione_valori_contabili ( ESTRAZIONE, COLONNA, DAL, AL, DESCRIZIONE, DESCRIZIONE_AL1, DESCRIZIONE_AL2, SEQUENZA, NOTE, MOLTIPLICA, ARROTONDA, DIVIDE, NOTE_AL1, NOTE_AL2) VALUES ('DENUNCIA_CP','CONTRIBUTI',to_date('01/01/1992','dd/mm/yyyy'),to_date('30/06/1992','dd/mm/yyyy'),'Contributi',NULL,NULL,3,NULL,NULL,NULL,NULL,NULL,NULL);
INSERT INTO estrazione_valori_contabili ( ESTRAZIONE, COLONNA, DAL, AL, DESCRIZIONE, DESCRIZIONE_AL1, DESCRIZIONE_AL2, SEQUENZA, NOTE, MOLTIPLICA, ARROTONDA, DIVIDE, NOTE_AL1, NOTE_AL2) VALUES ('DENUNCIA_CP','CONTRIBUTI',to_date('01/01/1993','dd/mm/yyyy'),to_date('31/12/1993','dd/mm/yyyy'),'Contributi',NULL,NULL,3,NULL,NULL,NULL,NULL,NULL,NULL);
INSERT INTO estrazione_valori_contabili ( ESTRAZIONE, COLONNA, DAL, AL, DESCRIZIONE, DESCRIZIONE_AL1, DESCRIZIONE_AL2, SEQUENZA, NOTE, MOLTIPLICA, ARROTONDA, DIVIDE, NOTE_AL1, NOTE_AL2) VALUES ('DENUNCIA_CP','CONTRIBUTI_ARR',to_date('01/01/1991','dd/mm/yyyy'),to_date('30/04/1991','dd/mm/yyyy'),'Contributi',NULL,NULL,3,NULL,NULL,NULL,NULL,NULL,NULL);
INSERT INTO estrazione_valori_contabili ( ESTRAZIONE, COLONNA, DAL, AL, DESCRIZIONE, DESCRIZIONE_AL1, DESCRIZIONE_AL2, SEQUENZA, NOTE, MOLTIPLICA, ARROTONDA, DIVIDE, NOTE_AL1, NOTE_AL2) VALUES ('DENUNCIA_CP','CONTRIBUTI_ARR',to_date('01/05/1991','dd/mm/yyyy'),to_date('31/12/1991','dd/mm/yyyy'),'Contributi',NULL,NULL,3,NULL,NULL,NULL,NULL,NULL,NULL);
INSERT INTO estrazione_valori_contabili ( ESTRAZIONE, COLONNA, DAL, AL, DESCRIZIONE, DESCRIZIONE_AL1, DESCRIZIONE_AL2, SEQUENZA, NOTE, MOLTIPLICA, ARROTONDA, DIVIDE, NOTE_AL1, NOTE_AL2) VALUES ('DENUNCIA_CP','CONTRIBUTI_ARR',to_date('01/01/1992','dd/mm/yyyy'),to_date('30/06/1992','dd/mm/yyyy'),'Contributi',NULL,NULL,3,NULL,NULL,NULL,NULL,NULL,NULL);
INSERT INTO estrazione_valori_contabili ( ESTRAZIONE, COLONNA, DAL, AL, DESCRIZIONE, DESCRIZIONE_AL1, DESCRIZIONE_AL2, SEQUENZA, NOTE, MOLTIPLICA, ARROTONDA, DIVIDE, NOTE_AL1, NOTE_AL2) VALUES ('DENUNCIA_CP','RAC',to_date('01/01/1993','dd/mm/yyyy'),to_date('31/12/1993','dd/mm/yyyy'),'RAC',NULL,NULL,1,NULL,NULL,NULL,NULL,NULL,NULL);
INSERT INTO estrazione_valori_contabili ( ESTRAZIONE, COLONNA, DAL, AL, DESCRIZIONE, DESCRIZIONE_AL1, DESCRIZIONE_AL2, SEQUENZA, NOTE, MOLTIPLICA, ARROTONDA, DIVIDE, NOTE_AL1, NOTE_AL2) VALUES ('DENUNCIA_CP','ARR',to_date('01/05/1991','dd/mm/yyyy'),to_date('31/12/1991','dd/mm/yyyy'),'ARR',NULL,NULL,2,NULL,NULL,NULL,NULL,NULL,NULL);
INSERT INTO estrazione_valori_contabili ( ESTRAZIONE, COLONNA, DAL, AL, DESCRIZIONE, DESCRIZIONE_AL1, DESCRIZIONE_AL2, SEQUENZA, NOTE, MOLTIPLICA, ARROTONDA, DIVIDE, NOTE_AL1, NOTE_AL2) VALUES ('DENUNCIA_CP','CONTRIBUTI_ARR',to_date('01/01/1993','dd/mm/yyyy'),to_date('31/12/1993','dd/mm/yyyy'),'Contributi',NULL,NULL,3,NULL,NULL,NULL,NULL,NULL,NULL);
INSERT INTO estrazione_valori_contabili ( ESTRAZIONE, COLONNA, DAL, AL, DESCRIZIONE, DESCRIZIONE_AL1, DESCRIZIONE_AL2, SEQUENZA, NOTE, MOLTIPLICA, ARROTONDA, DIVIDE, NOTE_AL1, NOTE_AL2) VALUES ('DENUNCIA_CP','CONTRIBUTI_ARR',to_date('01/07/1992','dd/mm/yyyy'),to_date('31/12/1992','dd/mm/yyyy'),'Contributi',NULL,NULL,3,NULL,NULL,NULL,NULL,NULL,NULL);
INSERT INTO estrazione_valori_contabili ( ESTRAZIONE, COLONNA, DAL, AL, DESCRIZIONE, DESCRIZIONE_AL1, DESCRIZIONE_AL2, SEQUENZA, NOTE, MOLTIPLICA, ARROTONDA, DIVIDE, NOTE_AL1, NOTE_AL2) VALUES ('DENUNCIA_CP','RAC',to_date('01/01/1992','dd/mm/yyyy'),to_date('30/06/1992','dd/mm/yyyy'),'RAC',NULL,NULL,1,NULL,NULL,NULL,NULL,NULL,NULL);
INSERT INTO estrazione_valori_contabili ( ESTRAZIONE, COLONNA, DAL, AL, DESCRIZIONE, DESCRIZIONE_AL1, DESCRIZIONE_AL2, SEQUENZA, NOTE, MOLTIPLICA, ARROTONDA, DIVIDE, NOTE_AL1, NOTE_AL2) VALUES ('DENUNCIA_CP','RAC',to_date('01/05/1991','dd/mm/yyyy'),to_date('31/12/1991','dd/mm/yyyy'),'RAC',NULL,NULL,1,NULL,NULL,NULL,NULL,NULL,NULL);
INSERT INTO estrazione_valori_contabili ( ESTRAZIONE, COLONNA, DAL, AL, DESCRIZIONE, DESCRIZIONE_AL1, DESCRIZIONE_AL2, SEQUENZA, NOTE, MOLTIPLICA, ARROTONDA, DIVIDE, NOTE_AL1, NOTE_AL2) VALUES ('DENUNCIA_CP','RAC',to_date('01/07/1992','dd/mm/yyyy'),to_date('31/12/1992','dd/mm/yyyy'),'RAC',NULL,NULL,1,NULL,NULL,NULL,NULL,NULL,NULL);
INSERT INTO estrazione_valori_contabili ( ESTRAZIONE, COLONNA, DAL, AL, DESCRIZIONE, DESCRIZIONE_AL1, DESCRIZIONE_AL2, SEQUENZA, NOTE, MOLTIPLICA, ARROTONDA, DIVIDE, NOTE_AL1, NOTE_AL2) VALUES ('DENUNCIA_CP','CONTRIBUTI',to_date('01/05/1991','dd/mm/yyyy'),to_date('31/12/1991','dd/mm/yyyy'),'Contributi',NULL,NULL,3,NULL,NULL,NULL,NULL,NULL,NULL);
INSERT INTO estrazione_valori_contabili ( ESTRAZIONE, COLONNA, DAL, AL, DESCRIZIONE, DESCRIZIONE_AL1, DESCRIZIONE_AL2, SEQUENZA, NOTE, MOLTIPLICA, ARROTONDA, DIVIDE, NOTE_AL1, NOTE_AL2) VALUES ('DENUNCIA_CP','CONTRIBUTI',to_date('01/07/1992','dd/mm/yyyy'),to_date('31/12/1992','dd/mm/yyyy'),'Contributi',NULL,NULL,3,NULL,NULL,NULL,NULL,NULL,NULL);
INSERT INTO estrazione_valori_contabili ( ESTRAZIONE, COLONNA, DAL, AL, DESCRIZIONE, DESCRIZIONE_AL1, DESCRIZIONE_AL2, SEQUENZA, NOTE, MOLTIPLICA, ARROTONDA, DIVIDE, NOTE_AL1, NOTE_AL2) VALUES ('RINNOVO_CCNL','PROVA',to_date('01/01/1990','dd/mm/yyyy'),NULL,NULL,NULL,NULL,NULL,NULL,NULL,NULL,NULL,NULL,NULL);
INSERT INTO estrazione_valori_contabili ( ESTRAZIONE, COLONNA, DAL, AL, DESCRIZIONE, DESCRIZIONE_AL1, DESCRIZIONE_AL2, SEQUENZA, NOTE, MOLTIPLICA, ARROTONDA, DIVIDE, NOTE_AL1, NOTE_AL2) VALUES ('MODULO_VARIABILI','01',to_date('01/01/1993','dd/mm/yyyy'),NULL,'prima',NULL,NULL,1,NULL,NULL,NULL,NULL,NULL,NULL);
INSERT INTO estrazione_valori_contabili ( ESTRAZIONE, COLONNA, DAL, AL, DESCRIZIONE, DESCRIZIONE_AL1, DESCRIZIONE_AL2, SEQUENZA, NOTE, MOLTIPLICA, ARROTONDA, DIVIDE, NOTE_AL1, NOTE_AL2) VALUES ('MODULO_VARIABILI','02',to_date('01/01/1993','dd/mm/yyyy'),NULL,'seconda',NULL,NULL,2,NULL,NULL,NULL,NULL,NULL,NULL);
INSERT INTO estrazione_valori_contabili ( ESTRAZIONE, COLONNA, DAL, AL, DESCRIZIONE, DESCRIZIONE_AL1, DESCRIZIONE_AL2, SEQUENZA, NOTE, MOLTIPLICA, ARROTONDA, DIVIDE, NOTE_AL1, NOTE_AL2) VALUES ('MODULO_VARIABILI','03',to_date('01/01/1993','dd/mm/yyyy'),NULL,'terza',NULL,NULL,3,NULL,NULL,NULL,NULL,NULL,NULL);
INSERT INTO estrazione_valori_contabili ( ESTRAZIONE, COLONNA, DAL, AL, DESCRIZIONE, DESCRIZIONE_AL1, DESCRIZIONE_AL2, SEQUENZA, NOTE, MOLTIPLICA, ARROTONDA, DIVIDE, NOTE_AL1, NOTE_AL2) VALUES ('MODULO_VARIABILI','04',to_date('01/01/1993','dd/mm/yyyy'),NULL,'quarta',NULL,NULL,4,NULL,NULL,NULL,NULL,NULL,NULL);
INSERT INTO estrazione_valori_contabili ( ESTRAZIONE, COLONNA, DAL, AL, DESCRIZIONE, DESCRIZIONE_AL1, DESCRIZIONE_AL2, SEQUENZA, NOTE, MOLTIPLICA, ARROTONDA, DIVIDE, NOTE_AL1, NOTE_AL2) VALUES ('MODULO_VARIABILI','05',to_date('01/01/1993','dd/mm/yyyy'),NULL,'quinta',NULL,NULL,5,NULL,NULL,NULL,NULL,NULL,NULL);
INSERT INTO estrazione_valori_contabili ( ESTRAZIONE, COLONNA, DAL, AL, DESCRIZIONE, DESCRIZIONE_AL1, DESCRIZIONE_AL2, SEQUENZA, NOTE, MOLTIPLICA, ARROTONDA, DIVIDE, NOTE_AL1, NOTE_AL2) VALUES ('MODULO_VARIABILI','06',to_date('01/01/1993','dd/mm/yyyy'),NULL,'sesta',NULL,NULL,6,NULL,NULL,NULL,NULL,NULL,NULL);
INSERT INTO estrazione_valori_contabili ( ESTRAZIONE, COLONNA, DAL, AL, DESCRIZIONE, DESCRIZIONE_AL1, DESCRIZIONE_AL2, SEQUENZA, NOTE, MOLTIPLICA, ARROTONDA, DIVIDE, NOTE_AL1, NOTE_AL2) VALUES ('MODULO_VARIABILI','07',to_date('01/01/1993','dd/mm/yyyy'),NULL,'settima',NULL,NULL,7,NULL,NULL,NULL,NULL,NULL,NULL);
INSERT INTO estrazione_valori_contabili ( ESTRAZIONE, COLONNA, DAL, AL, DESCRIZIONE, DESCRIZIONE_AL1, DESCRIZIONE_AL2, SEQUENZA, NOTE, MOLTIPLICA, ARROTONDA, DIVIDE, NOTE_AL1, NOTE_AL2) VALUES ('MODULO_VARIABILI','08',to_date('01/01/1993','dd/mm/yyyy'),NULL,'ottava',NULL,NULL,8,NULL,NULL,NULL,NULL,NULL,NULL);
INSERT INTO estrazione_valori_contabili ( ESTRAZIONE, COLONNA, DAL, AL, DESCRIZIONE, DESCRIZIONE_AL1, DESCRIZIONE_AL2, SEQUENZA, NOTE, MOLTIPLICA, ARROTONDA, DIVIDE, NOTE_AL1, NOTE_AL2) VALUES ('MODULO_VARIABILI','09',to_date('01/01/1993','dd/mm/yyyy'),NULL,'nona',NULL,NULL,9,NULL,NULL,NULL,NULL,NULL,NULL);
INSERT INTO estrazione_valori_contabili ( ESTRAZIONE, COLONNA, DAL, AL, DESCRIZIONE, DESCRIZIONE_AL1, DESCRIZIONE_AL2, SEQUENZA, NOTE, MOLTIPLICA, ARROTONDA, DIVIDE, NOTE_AL1, NOTE_AL2) VALUES ('MODULO_VARIABILI','10',to_date('01/01/1993','dd/mm/yyyy'),NULL,'decima',NULL,NULL,10,NULL,NULL,NULL,NULL,NULL,NULL);
INSERT INTO estrazione_valori_contabili ( ESTRAZIONE, COLONNA, DAL, AL, DESCRIZIONE, DESCRIZIONE_AL1, DESCRIZIONE_AL2, SEQUENZA, NOTE, MOLTIPLICA, ARROTONDA, DIVIDE, NOTE_AL1, NOTE_AL2) VALUES ('MODULO_VARIABILI','11',to_date('01/01/1993','dd/mm/yyyy'),NULL,'undicesima',NULL,NULL,11,NULL,NULL,NULL,NULL,NULL,NULL);
INSERT INTO estrazione_valori_contabili ( ESTRAZIONE, COLONNA, DAL, AL, DESCRIZIONE, DESCRIZIONE_AL1, DESCRIZIONE_AL2, SEQUENZA, NOTE, MOLTIPLICA, ARROTONDA, DIVIDE, NOTE_AL1, NOTE_AL2) VALUES ('MODULO_VARIABILI','12',to_date('01/01/1993','dd/mm/yyyy'),NULL,'dodicesima',NULL,NULL,12,NULL,NULL,NULL,NULL,NULL,NULL);
INSERT INTO estrazione_valori_contabili ( ESTRAZIONE, COLONNA, DAL, AL, DESCRIZIONE, DESCRIZIONE_AL1, DESCRIZIONE_AL2, SEQUENZA, NOTE, MOLTIPLICA, ARROTONDA, DIVIDE, NOTE_AL1, NOTE_AL2) VALUES ('MODULO_VARIABILI','13',to_date('01/01/1993','dd/mm/yyyy'),NULL,'tradicesima',NULL,NULL,13,NULL,NULL,NULL,NULL,NULL,NULL);
INSERT INTO estrazione_valori_contabili ( ESTRAZIONE, COLONNA, DAL, AL, DESCRIZIONE, DESCRIZIONE_AL1, DESCRIZIONE_AL2, SEQUENZA, NOTE, MOLTIPLICA, ARROTONDA, DIVIDE, NOTE_AL1, NOTE_AL2) VALUES ('MODULO_VARIABILI','14',to_date('01/01/1993','dd/mm/yyyy'),NULL,'quattordicesima',NULL,NULL,14,NULL,NULL,NULL,NULL,NULL,NULL);
INSERT INTO estrazione_valori_contabili ( ESTRAZIONE, COLONNA, DAL, AL, DESCRIZIONE, DESCRIZIONE_AL1, DESCRIZIONE_AL2, SEQUENZA, NOTE, MOLTIPLICA, ARROTONDA, DIVIDE, NOTE_AL1, NOTE_AL2) VALUES ('DENUNCIA_INADEL','A',to_date('01/01/1993','dd/mm/yyyy'),NULL,'Totale delle voci assoggettate a INADEL',NULL,NULL,1,NULL,NULL,NULL,NULL,NULL,NULL);
INSERT INTO estrazione_valori_contabili ( ESTRAZIONE, COLONNA, DAL, AL, DESCRIZIONE, DESCRIZIONE_AL1, DESCRIZIONE_AL2, SEQUENZA, NOTE, MOLTIPLICA, ARROTONDA, DIVIDE, NOTE_AL1, NOTE_AL2) VALUES ('DENUNCIA_CP','RAC',to_date('01/01/1994','dd/mm/yyyy'),to_date('31/12/1994','dd/mm/yyyy'),'RAC',NULL,NULL,1,NULL,NULL,NULL,NULL,NULL,NULL);
INSERT INTO estrazione_valori_contabili ( ESTRAZIONE, COLONNA, DAL, AL, DESCRIZIONE, DESCRIZIONE_AL1, DESCRIZIONE_AL2, SEQUENZA, NOTE, MOLTIPLICA, ARROTONDA, DIVIDE, NOTE_AL1, NOTE_AL2) VALUES ('DENUNCIA_CP','RAC',to_date('01/01/1995','dd/mm/yyyy'),to_date('31/12/1995','dd/mm/yyyy'),'RAC',NULL,NULL,1,NULL,NULL,NULL,NULL,NULL,NULL);
INSERT INTO estrazione_valori_contabili ( ESTRAZIONE, COLONNA, DAL, AL, DESCRIZIONE, DESCRIZIONE_AL1, DESCRIZIONE_AL2, SEQUENZA, NOTE, MOLTIPLICA, ARROTONDA, DIVIDE, NOTE_AL1, NOTE_AL2) VALUES ('DENUNCIA_CP','CONTRIBUTI',to_date('01/01/1994','dd/mm/yyyy'),to_date('31/12/1994','dd/mm/yyyy'),'Contributi',NULL,NULL,3,NULL,NULL,NULL,NULL,NULL,NULL);
INSERT INTO estrazione_valori_contabili ( ESTRAZIONE, COLONNA, DAL, AL, DESCRIZIONE, DESCRIZIONE_AL1, DESCRIZIONE_AL2, SEQUENZA, NOTE, MOLTIPLICA, ARROTONDA, DIVIDE, NOTE_AL1, NOTE_AL2) VALUES ('DENUNCIA_CP','CONTRIBUTI',to_date('01/01/1995','dd/mm/yyyy'),to_date('31/12/1995','dd/mm/yyyy'),'Contributi',NULL,NULL,3,NULL,NULL,NULL,NULL,NULL,NULL);
INSERT INTO estrazione_valori_contabili ( ESTRAZIONE, COLONNA, DAL, AL, DESCRIZIONE, DESCRIZIONE_AL1, DESCRIZIONE_AL2, SEQUENZA, NOTE, MOLTIPLICA, ARROTONDA, DIVIDE, NOTE_AL1, NOTE_AL2) VALUES ('DENUNCIA_CP','ARR',to_date('01/01/1994','dd/mm/yyyy'),to_date('31/12/1994','dd/mm/yyyy'),'ARR',NULL,NULL,2,NULL,NULL,NULL,NULL,NULL,NULL);
INSERT INTO estrazione_valori_contabili ( ESTRAZIONE, COLONNA, DAL, AL, DESCRIZIONE, DESCRIZIONE_AL1, DESCRIZIONE_AL2, SEQUENZA, NOTE, MOLTIPLICA, ARROTONDA, DIVIDE, NOTE_AL1, NOTE_AL2) VALUES ('DENUNCIA_CP','CONTRIBUTI_ARR',to_date('01/01/1994','dd/mm/yyyy'),to_date('31/12/1994','dd/mm/yyyy'),'Contributi',NULL,NULL,3,NULL,NULL,NULL,NULL,NULL,NULL);
INSERT INTO estrazione_valori_contabili ( ESTRAZIONE, COLONNA, DAL, AL, DESCRIZIONE, DESCRIZIONE_AL1, DESCRIZIONE_AL2, SEQUENZA, NOTE, MOLTIPLICA, ARROTONDA, DIVIDE, NOTE_AL1, NOTE_AL2) VALUES ('ESTRAZIONE_ANNUALE','01',to_date('01/12/1995','dd/mm/yyyy'),NULL,'P1 (stipendio + iis)',NULL,NULL,1,NULL,NULL,NULL,NULL,NULL,NULL);
INSERT INTO estrazione_valori_contabili ( ESTRAZIONE, COLONNA, DAL, AL, DESCRIZIONE, DESCRIZIONE_AL1, DESCRIZIONE_AL2, SEQUENZA, NOTE, MOLTIPLICA, ARROTONDA, DIVIDE, NOTE_AL1, NOTE_AL2) VALUES ('ELENCO_SSN','01',to_date('01/01/1993','dd/mm/yyyy'),NULL,'Imonivbile',NULL,NULL,1,NULL,NULL,NULL,NULL,NULL,NULL);
INSERT INTO estrazione_valori_contabili ( ESTRAZIONE, COLONNA, DAL, AL, DESCRIZIONE, DESCRIZIONE_AL1, DESCRIZIONE_AL2, SEQUENZA, NOTE, MOLTIPLICA, ARROTONDA, DIVIDE, NOTE_AL1, NOTE_AL2) VALUES ('ELENCO_SSN','02',to_date('01/01/1993','dd/mm/yyyy'),NULL,'AD.PERS.',NULL,NULL,2,NULL,NULL,NULL,NULL,NULL,NULL);
INSERT INTO estrazione_valori_contabili ( ESTRAZIONE, COLONNA, DAL, AL, DESCRIZIONE, DESCRIZIONE_AL1, DESCRIZIONE_AL2, SEQUENZA, NOTE, MOLTIPLICA, ARROTONDA, DIVIDE, NOTE_AL1, NOTE_AL2) VALUES ('ELENCO_SSN','03',to_date('01/01/1993','dd/mm/yyyy'),NULL,'STRAORDINARI',NULL,NULL,3,NULL,NULL,NULL,NULL,NULL,NULL);
INSERT INTO estrazione_valori_contabili ( ESTRAZIONE, COLONNA, DAL, AL, DESCRIZIONE, DESCRIZIONE_AL1, DESCRIZIONE_AL2, SEQUENZA, NOTE, MOLTIPLICA, ARROTONDA, DIVIDE, NOTE_AL1, NOTE_AL2) VALUES ('ELENCO_SSN','04',to_date('01/01/1993','dd/mm/yyyy'),NULL,'Qta T.F.R.',NULL,NULL,4,NULL,NULL,NULL,NULL,NULL,NULL);
INSERT INTO estrazione_valori_contabili ( ESTRAZIONE, COLONNA, DAL, AL, DESCRIZIONE, DESCRIZIONE_AL1, DESCRIZIONE_AL2, SEQUENZA, NOTE, MOLTIPLICA, ARROTONDA, DIVIDE, NOTE_AL1, NOTE_AL2) VALUES ('ELENCO_SSN','05',to_date('01/01/1993','dd/mm/yyyy'),NULL,'Riv. T.F.R.',NULL,NULL,5,NULL,NULL,NULL,NULL,NULL,NULL);
INSERT INTO estrazione_valori_contabili ( ESTRAZIONE, COLONNA, DAL, AL, DESCRIZIONE, DESCRIZIONE_AL1, DESCRIZIONE_AL2, SEQUENZA, NOTE, MOLTIPLICA, ARROTONDA, DIVIDE, NOTE_AL1, NOTE_AL2) VALUES ('ELENCO_SSN','06',to_date('01/01/1993','dd/mm/yyyy'),NULL,'NETTO',NULL,NULL,6,NULL,NULL,NULL,NULL,NULL,NULL);
INSERT INTO estrazione_valori_contabili ( ESTRAZIONE, COLONNA, DAL, AL, DESCRIZIONE, DESCRIZIONE_AL1, DESCRIZIONE_AL2, SEQUENZA, NOTE, MOLTIPLICA, ARROTONDA, DIVIDE, NOTE_AL1, NOTE_AL2) VALUES ('ELENCO_SSN','07',to_date('01/01/1993','dd/mm/yyyy'),NULL,'IMPOSTA 1',NULL,NULL,7,NULL,NULL,NULL,NULL,NULL,NULL);
INSERT INTO estrazione_valori_contabili ( ESTRAZIONE, COLONNA, DAL, AL, DESCRIZIONE, DESCRIZIONE_AL1, DESCRIZIONE_AL2, SEQUENZA, NOTE, MOLTIPLICA, ARROTONDA, DIVIDE, NOTE_AL1, NOTE_AL2) VALUES ('ELENCO_SSN','08',to_date('01/01/1993','dd/mm/yyyy'),NULL,'IMPOSTA 2',NULL,NULL,8,NULL,NULL,NULL,NULL,NULL,NULL);
INSERT INTO estrazione_valori_contabili ( ESTRAZIONE, COLONNA, DAL, AL, DESCRIZIONE, DESCRIZIONE_AL1, DESCRIZIONE_AL2, SEQUENZA, NOTE, MOLTIPLICA, ARROTONDA, DIVIDE, NOTE_AL1, NOTE_AL2) VALUES ('ELENCO_SSN','09',to_date('01/01/1993','dd/mm/yyyy'),NULL,'TREDICESIMA',NULL,NULL,9,NULL,NULL,NULL,NULL,NULL,NULL);
INSERT INTO estrazione_valori_contabili ( ESTRAZIONE, COLONNA, DAL, AL, DESCRIZIONE, DESCRIZIONE_AL1, DESCRIZIONE_AL2, SEQUENZA, NOTE, MOLTIPLICA, ARROTONDA, DIVIDE, NOTE_AL1, NOTE_AL2) VALUES ('ELENCO_SSN','10',to_date('01/01/1993','dd/mm/yyyy'),NULL,'IIS',NULL,NULL,10,NULL,NULL,NULL,NULL,NULL,NULL);
INSERT INTO estrazione_valori_contabili ( ESTRAZIONE, COLONNA, DAL, AL, DESCRIZIONE, DESCRIZIONE_AL1, DESCRIZIONE_AL2, SEQUENZA, NOTE, MOLTIPLICA, ARROTONDA, DIVIDE, NOTE_AL1, NOTE_AL2) VALUES ('ELENCO_SSN','11',to_date('01/01/1993','dd/mm/yyyy'),NULL,'TOT.RET.',NULL,NULL,11,NULL,NULL,NULL,NULL,NULL,NULL);
INSERT INTO estrazione_valori_contabili ( ESTRAZIONE, COLONNA, DAL, AL, DESCRIZIONE, DESCRIZIONE_AL1, DESCRIZIONE_AL2, SEQUENZA, NOTE, MOLTIPLICA, ARROTONDA, DIVIDE, NOTE_AL1, NOTE_AL2) VALUES ('ELENCO_SSN','12',to_date('01/01/1993','dd/mm/yyyy'),NULL,'DET.TOTALI',NULL,NULL,12,NULL,NULL,NULL,NULL,NULL,NULL);
INSERT INTO estrazione_valori_contabili ( ESTRAZIONE, COLONNA, DAL, AL, DESCRIZIONE, DESCRIZIONE_AL1, DESCRIZIONE_AL2, SEQUENZA, NOTE, MOLTIPLICA, ARROTONDA, DIVIDE, NOTE_AL1, NOTE_AL2) VALUES ('ELENCO_SSN','13',to_date('01/01/1993','dd/mm/yyyy'),NULL,'ST.CLASSI',NULL,NULL,13,NULL,NULL,NULL,NULL,NULL,NULL);
INSERT INTO estrazione_valori_contabili ( ESTRAZIONE, COLONNA, DAL, AL, DESCRIZIONE, DESCRIZIONE_AL1, DESCRIZIONE_AL2, SEQUENZA, NOTE, MOLTIPLICA, ARROTONDA, DIVIDE, NOTE_AL1, NOTE_AL2) VALUES ('ELENCO_SSN','14',to_date('01/01/1993','dd/mm/yyyy'),NULL,'IPT.TOTALE',NULL,NULL,14,NULL,NULL,NULL,NULL,NULL,NULL);
INSERT INTO estrazione_valori_contabili ( ESTRAZIONE, COLONNA, DAL, AL, DESCRIZIONE, DESCRIZIONE_AL1, DESCRIZIONE_AL2, SEQUENZA, NOTE, MOLTIPLICA, ARROTONDA, DIVIDE, NOTE_AL1, NOTE_AL2) VALUES ('ESTR_STR','01',to_date('01/01/1993','dd/mm/yyyy'),NULL,'Netto',NULL,NULL,1,NULL,NULL,NULL,NULL,NULL,NULL);
INSERT INTO estrazione_valori_contabili ( ESTRAZIONE, COLONNA, DAL, AL, DESCRIZIONE, DESCRIZIONE_AL1, DESCRIZIONE_AL2, SEQUENZA, NOTE, MOLTIPLICA, ARROTONDA, DIVIDE, NOTE_AL1, NOTE_AL2) VALUES ('ESTR_STR','02',to_date('01/01/1993','dd/mm/yyyy'),NULL,'AD.PERS.',NULL,NULL,2,NULL,NULL,NULL,NULL,NULL,NULL);
INSERT INTO estrazione_valori_contabili ( ESTRAZIONE, COLONNA, DAL, AL, DESCRIZIONE, DESCRIZIONE_AL1, DESCRIZIONE_AL2, SEQUENZA, NOTE, MOLTIPLICA, ARROTONDA, DIVIDE, NOTE_AL1, NOTE_AL2) VALUES ('ESTR_STR','03',to_date('01/01/1993','dd/mm/yyyy'),NULL,'STRAORDINARI',NULL,NULL,3,NULL,NULL,NULL,NULL,NULL,NULL);
INSERT INTO estrazione_valori_contabili ( ESTRAZIONE, COLONNA, DAL, AL, DESCRIZIONE, DESCRIZIONE_AL1, DESCRIZIONE_AL2, SEQUENZA, NOTE, MOLTIPLICA, ARROTONDA, DIVIDE, NOTE_AL1, NOTE_AL2) VALUES ('ESTR_STR','04',to_date('01/01/1993','dd/mm/yyyy'),NULL,'Qta T.F.R.',NULL,NULL,4,NULL,NULL,NULL,NULL,NULL,NULL);
INSERT INTO estrazione_valori_contabili ( ESTRAZIONE, COLONNA, DAL, AL, DESCRIZIONE, DESCRIZIONE_AL1, DESCRIZIONE_AL2, SEQUENZA, NOTE, MOLTIPLICA, ARROTONDA, DIVIDE, NOTE_AL1, NOTE_AL2) VALUES ('ESTR_STR','05',to_date('01/01/1993','dd/mm/yyyy'),NULL,'Riv. T.F.R.',NULL,NULL,5,NULL,NULL,NULL,NULL,NULL,NULL);
INSERT INTO estrazione_valori_contabili ( ESTRAZIONE, COLONNA, DAL, AL, DESCRIZIONE, DESCRIZIONE_AL1, DESCRIZIONE_AL2, SEQUENZA, NOTE, MOLTIPLICA, ARROTONDA, DIVIDE, NOTE_AL1, NOTE_AL2) VALUES ('ESTR_STR','06',to_date('01/01/1993','dd/mm/yyyy'),NULL,'NETTO',NULL,NULL,6,NULL,NULL,NULL,NULL,NULL,NULL);
INSERT INTO estrazione_valori_contabili ( ESTRAZIONE, COLONNA, DAL, AL, DESCRIZIONE, DESCRIZIONE_AL1, DESCRIZIONE_AL2, SEQUENZA, NOTE, MOLTIPLICA, ARROTONDA, DIVIDE, NOTE_AL1, NOTE_AL2) VALUES ('ESTR_STR','07',to_date('01/01/1993','dd/mm/yyyy'),NULL,'IMPOSTA 1',NULL,NULL,7,NULL,NULL,NULL,NULL,NULL,NULL);
INSERT INTO estrazione_valori_contabili ( ESTRAZIONE, COLONNA, DAL, AL, DESCRIZIONE, DESCRIZIONE_AL1, DESCRIZIONE_AL2, SEQUENZA, NOTE, MOLTIPLICA, ARROTONDA, DIVIDE, NOTE_AL1, NOTE_AL2) VALUES ('ESTR_STR','08',to_date('01/01/1993','dd/mm/yyyy'),NULL,'IMPOSTA 2',NULL,NULL,8,NULL,NULL,NULL,NULL,NULL,NULL);
INSERT INTO estrazione_valori_contabili ( ESTRAZIONE, COLONNA, DAL, AL, DESCRIZIONE, DESCRIZIONE_AL1, DESCRIZIONE_AL2, SEQUENZA, NOTE, MOLTIPLICA, ARROTONDA, DIVIDE, NOTE_AL1, NOTE_AL2) VALUES ('ESTR_STR','09',to_date('01/01/1993','dd/mm/yyyy'),NULL,'TREDICESIMA',NULL,NULL,9,NULL,NULL,NULL,NULL,NULL,NULL);
INSERT INTO estrazione_valori_contabili ( ESTRAZIONE, COLONNA, DAL, AL, DESCRIZIONE, DESCRIZIONE_AL1, DESCRIZIONE_AL2, SEQUENZA, NOTE, MOLTIPLICA, ARROTONDA, DIVIDE, NOTE_AL1, NOTE_AL2) VALUES ('ESTR_STR','10',to_date('01/01/1993','dd/mm/yyyy'),NULL,'IIS',NULL,NULL,10,NULL,NULL,NULL,NULL,NULL,NULL);
INSERT INTO estrazione_valori_contabili ( ESTRAZIONE, COLONNA, DAL, AL, DESCRIZIONE, DESCRIZIONE_AL1, DESCRIZIONE_AL2, SEQUENZA, NOTE, MOLTIPLICA, ARROTONDA, DIVIDE, NOTE_AL1, NOTE_AL2) VALUES ('ESTR_STR','11',to_date('01/01/1993','dd/mm/yyyy'),NULL,'TOT.RET.',NULL,NULL,11,NULL,NULL,NULL,NULL,NULL,NULL);
INSERT INTO estrazione_valori_contabili ( ESTRAZIONE, COLONNA, DAL, AL, DESCRIZIONE, DESCRIZIONE_AL1, DESCRIZIONE_AL2, SEQUENZA, NOTE, MOLTIPLICA, ARROTONDA, DIVIDE, NOTE_AL1, NOTE_AL2) VALUES ('ESTR_STR','12',to_date('01/01/1993','dd/mm/yyyy'),NULL,'DET.TOTALI',NULL,NULL,12,NULL,NULL,NULL,NULL,NULL,NULL);
INSERT INTO estrazione_valori_contabili ( ESTRAZIONE, COLONNA, DAL, AL, DESCRIZIONE, DESCRIZIONE_AL1, DESCRIZIONE_AL2, SEQUENZA, NOTE, MOLTIPLICA, ARROTONDA, DIVIDE, NOTE_AL1, NOTE_AL2) VALUES ('ESTR_STR','13',to_date('01/01/1993','dd/mm/yyyy'),NULL,'ST.CLASSI',NULL,NULL,13,NULL,NULL,NULL,NULL,NULL,NULL);
INSERT INTO estrazione_valori_contabili ( ESTRAZIONE, COLONNA, DAL, AL, DESCRIZIONE, DESCRIZIONE_AL1, DESCRIZIONE_AL2, SEQUENZA, NOTE, MOLTIPLICA, ARROTONDA, DIVIDE, NOTE_AL1, NOTE_AL2) VALUES ('ESTR_STR','14',to_date('01/01/1993','dd/mm/yyyy'),NULL,'IPT.TOTALE',NULL,NULL,14,NULL,NULL,NULL,NULL,NULL,NULL);
INSERT INTO estrazione_valori_contabili ( ESTRAZIONE, COLONNA, DAL, AL, DESCRIZIONE, DESCRIZIONE_AL1, DESCRIZIONE_AL2, SEQUENZA, NOTE, MOLTIPLICA, ARROTONDA, DIVIDE, NOTE_AL1, NOTE_AL2) VALUES ('LISTA_ENPAM','01',to_date('01/01/1990','dd/mm/yyyy'),NULL,'Imponibile ENPAM',NULL,NULL,1,NULL,NULL,NULL,NULL,NULL,NULL);
INSERT INTO estrazione_valori_contabili ( ESTRAZIONE, COLONNA, DAL, AL, DESCRIZIONE, DESCRIZIONE_AL1, DESCRIZIONE_AL2, SEQUENZA, NOTE, MOLTIPLICA, ARROTONDA, DIVIDE, NOTE_AL1, NOTE_AL2) VALUES ('LISTA_ENPAM','02',to_date('01/01/1990','dd/mm/yyyy'),NULL,'Contributo ENPAM',NULL,NULL,2,NULL,NULL,NULL,NULL,NULL,NULL);
INSERT INTO estrazione_valori_contabili ( ESTRAZIONE, COLONNA, DAL, AL, DESCRIZIONE, DESCRIZIONE_AL1, DESCRIZIONE_AL2, SEQUENZA, NOTE, MOLTIPLICA, ARROTONDA, DIVIDE, NOTE_AL1, NOTE_AL2) VALUES ('LISTA_ENPAM','03',to_date('01/01/1990','dd/mm/yyyy'),NULL,'Contributo ENPAM solo Ente',NULL,NULL,3,NULL,NULL,NULL,NULL,NULL,NULL);
INSERT INTO estrazione_valori_contabili ( ESTRAZIONE, COLONNA, DAL, AL, DESCRIZIONE, DESCRIZIONE_AL1, DESCRIZIONE_AL2, SEQUENZA, NOTE, MOLTIPLICA, ARROTONDA, DIVIDE, NOTE_AL1, NOTE_AL2) VALUES ('LISTA_ENPAM','04',to_date('01/01/1990','dd/mm/yyyy'),NULL,'Contributo ENPAM Dipendente',NULL,NULL,4,NULL,NULL,NULL,NULL,NULL,NULL);
INSERT INTO estrazione_valori_contabili ( ESTRAZIONE, COLONNA, DAL, AL, DESCRIZIONE, DESCRIZIONE_AL1, DESCRIZIONE_AL2, SEQUENZA, NOTE, MOLTIPLICA, ARROTONDA, DIVIDE, NOTE_AL1, NOTE_AL2) VALUES ('ADDIZIONALE_IRPEF','01',to_date('01/01/1991','dd/mm/yyyy'),NULL,'Imponibile',NULL,NULL,1,NULL,NULL,NULL,NULL,NULL,NULL);
INSERT INTO estrazione_valori_contabili ( ESTRAZIONE, COLONNA, DAL, AL, DESCRIZIONE, DESCRIZIONE_AL1, DESCRIZIONE_AL2, SEQUENZA, NOTE, MOLTIPLICA, ARROTONDA, DIVIDE, NOTE_AL1, NOTE_AL2) VALUES ('ADDIZIONALE_IRPEF','02',to_date('01/01/1991','dd/mm/yyyy'),NULL,'Addizionale',NULL,NULL,2,NULL,NULL,NULL,NULL,NULL,NULL);
INSERT INTO estrazione_valori_contabili ( ESTRAZIONE, COLONNA, DAL, AL, DESCRIZIONE, DESCRIZIONE_AL1, DESCRIZIONE_AL2, SEQUENZA, NOTE, MOLTIPLICA, ARROTONDA, DIVIDE, NOTE_AL1, NOTE_AL2) VALUES ('LISTA_CASSAMALATTIA','01',to_date('01/01/1990','dd/mm/yyyy'),NULL,'Imponibile Cassa Malattia',NULL,NULL,1,NULL,NULL,NULL,NULL,NULL,NULL);
INSERT INTO estrazione_valori_contabili ( ESTRAZIONE, COLONNA, DAL, AL, DESCRIZIONE, DESCRIZIONE_AL1, DESCRIZIONE_AL2, SEQUENZA, NOTE, MOLTIPLICA, ARROTONDA, DIVIDE, NOTE_AL1, NOTE_AL2) VALUES ('LISTA_CASSAMALATTIA','02',to_date('01/01/1990','dd/mm/yyyy'),NULL,'Contributo Cassa',NULL,NULL,2,NULL,NULL,NULL,NULL,NULL,NULL);
INSERT INTO estrazione_valori_contabili ( ESTRAZIONE, COLONNA, DAL, AL, DESCRIZIONE, DESCRIZIONE_AL1, DESCRIZIONE_AL2, SEQUENZA, NOTE, MOLTIPLICA, ARROTONDA, DIVIDE, NOTE_AL1, NOTE_AL2) VALUES ('CDC','1',to_date('01/01/1991','dd/mm/yyyy'),NULL,'1              (GIORNATE RETRIBUITE)',NULL,NULL,1,NULL,NULL,NULL,NULL,NULL,NULL);
INSERT INTO estrazione_valori_contabili ( ESTRAZIONE, COLONNA, DAL, AL, DESCRIZIONE, DESCRIZIONE_AL1, DESCRIZIONE_AL2, SEQUENZA, NOTE, MOLTIPLICA, ARROTONDA, DIVIDE, NOTE_AL1, NOTE_AL2) VALUES ('CDC','10',to_date('01/01/1991','dd/mm/yyyy'),NULL,'51             (INDENNITA` AMMINISTRATORI)',NULL,NULL,10,NULL,NULL,NULL,NULL,NULL,NULL);
INSERT INTO estrazione_valori_contabili ( ESTRAZIONE, COLONNA, DAL, AL, DESCRIZIONE, DESCRIZIONE_AL1, DESCRIZIONE_AL2, SEQUENZA, NOTE, MOLTIPLICA, ARROTONDA, DIVIDE, NOTE_AL1, NOTE_AL2) VALUES ('CDC','2',to_date('01/01/1991','dd/mm/yyyy'),NULL,'2              (STAORDINARI)',NULL,NULL,2,NULL,NULL,NULL,NULL,NULL,NULL);
INSERT INTO estrazione_valori_contabili ( ESTRAZIONE, COLONNA, DAL, AL, DESCRIZIONE, DESCRIZIONE_AL1, DESCRIZIONE_AL2, SEQUENZA, NOTE, MOLTIPLICA, ARROTONDA, DIVIDE, NOTE_AL1, NOTE_AL2) VALUES ('CDC','3',to_date('01/01/1991','dd/mm/yyyy'),NULL,'01            Voci Principali',NULL,NULL,3,NULL,NULL,NULL,NULL,NULL,NULL);
INSERT INTO estrazione_valori_contabili ( ESTRAZIONE, COLONNA, DAL, AL, DESCRIZIONE, DESCRIZIONE_AL1, DESCRIZIONE_AL2, SEQUENZA, NOTE, MOLTIPLICA, ARROTONDA, DIVIDE, NOTE_AL1, NOTE_AL2) VALUES ('CDC','6',to_date('01/01/1991','dd/mm/yyyy'),NULL,'01             COMPETENZE FISSE',NULL,NULL,6,NULL,NULL,NULL,NULL,NULL,NULL);
INSERT INTO estrazione_valori_contabili ( ESTRAZIONE, COLONNA, DAL, AL, DESCRIZIONE, DESCRIZIONE_AL1, DESCRIZIONE_AL2, SEQUENZA, NOTE, MOLTIPLICA, ARROTONDA, DIVIDE, NOTE_AL1, NOTE_AL2) VALUES ('CDC','7',to_date('01/01/1991','dd/mm/yyyy'),NULL,'3              (MISSIONI E COMANDI)',NULL,NULL,7,NULL,NULL,NULL,NULL,NULL,NULL);
INSERT INTO estrazione_valori_contabili ( ESTRAZIONE, COLONNA, DAL, AL, DESCRIZIONE, DESCRIZIONE_AL1, DESCRIZIONE_AL2, SEQUENZA, NOTE, MOLTIPLICA, ARROTONDA, DIVIDE, NOTE_AL1, NOTE_AL2) VALUES ('CDC','8',to_date('01/01/1991','dd/mm/yyyy'),NULL,'4              (INCENTIVI SOGG.)',NULL,NULL,8,NULL,NULL,NULL,NULL,NULL,NULL);
INSERT INTO estrazione_valori_contabili ( ESTRAZIONE, COLONNA, DAL, AL, DESCRIZIONE, DESCRIZIONE_AL1, DESCRIZIONE_AL2, SEQUENZA, NOTE, MOLTIPLICA, ARROTONDA, DIVIDE, NOTE_AL1, NOTE_AL2) VALUES ('CDC','9',to_date('01/01/1991','dd/mm/yyyy'),NULL,'51             (INDENNITA` SPECIFICHE)',NULL,NULL,9,NULL,NULL,NULL,NULL,NULL,NULL);
INSERT INTO estrazione_valori_contabili ( ESTRAZIONE, COLONNA, DAL, AL, DESCRIZIONE, DESCRIZIONE_AL1, DESCRIZIONE_AL2, SEQUENZA, NOTE, MOLTIPLICA, ARROTONDA, DIVIDE, NOTE_AL1, NOTE_AL2) VALUES ('DENUNCIA_CP','RAC',to_date('01/01/1996','dd/mm/yyyy'),to_date('31/12/1996','dd/mm/yyyy'),'RAC',NULL,NULL,1,NULL,NULL,NULL,NULL,NULL,NULL);
INSERT INTO estrazione_valori_contabili ( ESTRAZIONE, COLONNA, DAL, AL, DESCRIZIONE, DESCRIZIONE_AL1, DESCRIZIONE_AL2, SEQUENZA, NOTE, MOLTIPLICA, ARROTONDA, DIVIDE, NOTE_AL1, NOTE_AL2) VALUES ('DENUNCIA_CP','RAC',to_date('01/01/1997','dd/mm/yyyy'),to_date('31/12/1997','dd/mm/yyyy'),'RAC',NULL,NULL,1,NULL,NULL,NULL,NULL,NULL,NULL);
INSERT INTO estrazione_valori_contabili ( ESTRAZIONE, COLONNA, DAL, AL, DESCRIZIONE, DESCRIZIONE_AL1, DESCRIZIONE_AL2, SEQUENZA, NOTE, MOLTIPLICA, ARROTONDA, DIVIDE, NOTE_AL1, NOTE_AL2) VALUES ('DENUNCIA_CP','RAC',to_date('01/01/1998','dd/mm/yyyy'),NULL,'RAC',NULL,NULL,1,NULL,NULL,NULL,NULL,NULL,NULL);
INSERT INTO estrazione_valori_contabili ( ESTRAZIONE, COLONNA, DAL, AL, DESCRIZIONE, DESCRIZIONE_AL1, DESCRIZIONE_AL2, SEQUENZA, NOTE, MOLTIPLICA, ARROTONDA, DIVIDE, NOTE_AL1, NOTE_AL2) VALUES ('DENUNCIA_CP','ARR',to_date('01/01/1995','dd/mm/yyyy'),to_date('31/12/1995','dd/mm/yyyy'),'ARR',NULL,NULL,2,NULL,NULL,NULL,NULL,NULL,NULL);
INSERT INTO estrazione_valori_contabili ( ESTRAZIONE, COLONNA, DAL, AL, DESCRIZIONE, DESCRIZIONE_AL1, DESCRIZIONE_AL2, SEQUENZA, NOTE, MOLTIPLICA, ARROTONDA, DIVIDE, NOTE_AL1, NOTE_AL2) VALUES ('DENUNCIA_CP','ARR',to_date('01/01/1996','dd/mm/yyyy'),to_date('31/12/1996','dd/mm/yyyy'),'ARR',NULL,NULL,2,NULL,NULL,NULL,NULL,NULL,NULL);
INSERT INTO estrazione_valori_contabili ( ESTRAZIONE, COLONNA, DAL, AL, DESCRIZIONE, DESCRIZIONE_AL1, DESCRIZIONE_AL2, SEQUENZA, NOTE, MOLTIPLICA, ARROTONDA, DIVIDE, NOTE_AL1, NOTE_AL2) VALUES ('DENUNCIA_CP','ARR',to_date('01/01/1997','dd/mm/yyyy'),to_date('31/12/1997','dd/mm/yyyy'),'ARR',NULL,NULL,2,NULL,NULL,NULL,NULL,NULL,NULL);
INSERT INTO estrazione_valori_contabili ( ESTRAZIONE, COLONNA, DAL, AL, DESCRIZIONE, DESCRIZIONE_AL1, DESCRIZIONE_AL2, SEQUENZA, NOTE, MOLTIPLICA, ARROTONDA, DIVIDE, NOTE_AL1, NOTE_AL2) VALUES ('DENUNCIA_CP','CONTRIBUTI',to_date('01/01/1996','dd/mm/yyyy'),to_date('31/12/1996','dd/mm/yyyy'),'Contributi',NULL,NULL,3,NULL,NULL,NULL,NULL,NULL,NULL);
INSERT INTO estrazione_valori_contabili ( ESTRAZIONE, COLONNA, DAL, AL, DESCRIZIONE, DESCRIZIONE_AL1, DESCRIZIONE_AL2, SEQUENZA, NOTE, MOLTIPLICA, ARROTONDA, DIVIDE, NOTE_AL1, NOTE_AL2) VALUES ('DENUNCIA_CP','CONTRIBUTI',to_date('01/01/1997','dd/mm/yyyy'),to_date('31/12/1997','dd/mm/yyyy'),'Contributi',NULL,NULL,3,NULL,NULL,NULL,NULL,NULL,NULL);
INSERT INTO estrazione_valori_contabili ( ESTRAZIONE, COLONNA, DAL, AL, DESCRIZIONE, DESCRIZIONE_AL1, DESCRIZIONE_AL2, SEQUENZA, NOTE, MOLTIPLICA, ARROTONDA, DIVIDE, NOTE_AL1, NOTE_AL2) VALUES ('DENUNCIA_CP','CONTRIBUTI',to_date('01/01/1998','dd/mm/yyyy'),NULL,'Contributi',NULL,NULL,3,NULL,NULL,NULL,NULL,NULL,NULL);
INSERT INTO estrazione_valori_contabili ( ESTRAZIONE, COLONNA, DAL, AL, DESCRIZIONE, DESCRIZIONE_AL1, DESCRIZIONE_AL2, SEQUENZA, NOTE, MOLTIPLICA, ARROTONDA, DIVIDE, NOTE_AL1, NOTE_AL2) VALUES ('DENUNCIA_CP','CONTRIBUTI_ARR',to_date('01/01/1995','dd/mm/yyyy'),to_date('31/12/1995','dd/mm/yyyy'),'Contributi',NULL,NULL,3,NULL,NULL,NULL,NULL,NULL,NULL);
INSERT INTO estrazione_valori_contabili ( ESTRAZIONE, COLONNA, DAL, AL, DESCRIZIONE, DESCRIZIONE_AL1, DESCRIZIONE_AL2, SEQUENZA, NOTE, MOLTIPLICA, ARROTONDA, DIVIDE, NOTE_AL1, NOTE_AL2) VALUES ('DENUNCIA_CP','CONTRIBUTI_ARR',to_date('01/01/1996','dd/mm/yyyy'),to_date('31/12/1996','dd/mm/yyyy'),'Contributi',NULL,NULL,3,NULL,NULL,NULL,NULL,NULL,NULL);
INSERT INTO estrazione_valori_contabili ( ESTRAZIONE, COLONNA, DAL, AL, DESCRIZIONE, DESCRIZIONE_AL1, DESCRIZIONE_AL2, SEQUENZA, NOTE, MOLTIPLICA, ARROTONDA, DIVIDE, NOTE_AL1, NOTE_AL2) VALUES ('DENUNCIA_CP','CONTRIBUTI_ARR',to_date('01/01/1997','dd/mm/yyyy'),to_date('31/12/1997','dd/mm/yyyy'),'Contributi',NULL,NULL,3,NULL,NULL,NULL,NULL,NULL,NULL);
INSERT INTO estrazione_valori_contabili ( ESTRAZIONE, COLONNA, DAL, AL, DESCRIZIONE, DESCRIZIONE_AL1, DESCRIZIONE_AL2, SEQUENZA, NOTE, MOLTIPLICA, ARROTONDA, DIVIDE, NOTE_AL1, NOTE_AL2) VALUES ('ESTRAZIONE_GIAF','01',to_date('01/01/1993','dd/mm/yyyy'),NULL,'Netto',NULL,NULL,1,NULL,NULL,NULL,NULL,NULL,NULL);
INSERT INTO estrazione_valori_contabili ( ESTRAZIONE, COLONNA, DAL, AL, DESCRIZIONE, DESCRIZIONE_AL1, DESCRIZIONE_AL2, SEQUENZA, NOTE, MOLTIPLICA, ARROTONDA, DIVIDE, NOTE_AL1, NOTE_AL2) VALUES ('ESTRAZIONE_GIAF','02',to_date('01/01/1993','dd/mm/yyyy'),NULL,'Imposta',NULL,NULL,2,NULL,NULL,NULL,NULL,NULL,NULL);
INSERT INTO estrazione_valori_contabili ( ESTRAZIONE, COLONNA, DAL, AL, DESCRIZIONE, DESCRIZIONE_AL1, DESCRIZIONE_AL2, SEQUENZA, NOTE, MOLTIPLICA, ARROTONDA, DIVIDE, NOTE_AL1, NOTE_AL2) VALUES ('ESTRAZIONE_GIAF','03',to_date('01/01/1993','dd/mm/yyyy'),NULL,'STRAORDINARI',NULL,NULL,3,NULL,NULL,NULL,NULL,NULL,NULL);
INSERT INTO estrazione_valori_contabili ( ESTRAZIONE, COLONNA, DAL, AL, DESCRIZIONE, DESCRIZIONE_AL1, DESCRIZIONE_AL2, SEQUENZA, NOTE, MOLTIPLICA, ARROTONDA, DIVIDE, NOTE_AL1, NOTE_AL2) VALUES ('ESTRAZIONE_GIAF','04',to_date('01/01/1993','dd/mm/yyyy'),NULL,'Qta T.F.R.',NULL,NULL,4,NULL,NULL,NULL,NULL,NULL,NULL);
INSERT INTO estrazione_valori_contabili ( ESTRAZIONE, COLONNA, DAL, AL, DESCRIZIONE, DESCRIZIONE_AL1, DESCRIZIONE_AL2, SEQUENZA, NOTE, MOLTIPLICA, ARROTONDA, DIVIDE, NOTE_AL1, NOTE_AL2) VALUES ('ESTRAZIONE_GIAF','05',to_date('01/01/1993','dd/mm/yyyy'),NULL,'Riv. T.F.R.',NULL,NULL,5,NULL,NULL,NULL,NULL,NULL,NULL);
INSERT INTO estrazione_valori_contabili ( ESTRAZIONE, COLONNA, DAL, AL, DESCRIZIONE, DESCRIZIONE_AL1, DESCRIZIONE_AL2, SEQUENZA, NOTE, MOLTIPLICA, ARROTONDA, DIVIDE, NOTE_AL1, NOTE_AL2) VALUES ('ESTRAZIONE_GIAF','06',to_date('01/01/1993','dd/mm/yyyy'),NULL,'NETTO',NULL,NULL,6,NULL,NULL,NULL,NULL,NULL,NULL);
INSERT INTO estrazione_valori_contabili ( ESTRAZIONE, COLONNA, DAL, AL, DESCRIZIONE, DESCRIZIONE_AL1, DESCRIZIONE_AL2, SEQUENZA, NOTE, MOLTIPLICA, ARROTONDA, DIVIDE, NOTE_AL1, NOTE_AL2) VALUES ('ESTRAZIONE_GIAF','07',to_date('01/01/1993','dd/mm/yyyy'),NULL,'IMPOSTA 1',NULL,NULL,7,NULL,NULL,NULL,NULL,NULL,NULL);
INSERT INTO estrazione_valori_contabili ( ESTRAZIONE, COLONNA, DAL, AL, DESCRIZIONE, DESCRIZIONE_AL1, DESCRIZIONE_AL2, SEQUENZA, NOTE, MOLTIPLICA, ARROTONDA, DIVIDE, NOTE_AL1, NOTE_AL2) VALUES ('ESTRAZIONE_GIAF','08',to_date('01/01/1993','dd/mm/yyyy'),NULL,'IMPOSTA 2',NULL,NULL,8,NULL,NULL,NULL,NULL,NULL,NULL);
INSERT INTO estrazione_valori_contabili ( ESTRAZIONE, COLONNA, DAL, AL, DESCRIZIONE, DESCRIZIONE_AL1, DESCRIZIONE_AL2, SEQUENZA, NOTE, MOLTIPLICA, ARROTONDA, DIVIDE, NOTE_AL1, NOTE_AL2) VALUES ('ESTRAZIONE_GIAF','09',to_date('01/01/1993','dd/mm/yyyy'),NULL,'TREDICESIMA',NULL,NULL,9,NULL,NULL,NULL,NULL,NULL,NULL);
INSERT INTO estrazione_valori_contabili ( ESTRAZIONE, COLONNA, DAL, AL, DESCRIZIONE, DESCRIZIONE_AL1, DESCRIZIONE_AL2, SEQUENZA, NOTE, MOLTIPLICA, ARROTONDA, DIVIDE, NOTE_AL1, NOTE_AL2) VALUES ('ESTRAZIONE_GIAF','10',to_date('01/01/1993','dd/mm/yyyy'),NULL,'IIS',NULL,NULL,10,NULL,NULL,NULL,NULL,NULL,NULL);
INSERT INTO estrazione_valori_contabili ( ESTRAZIONE, COLONNA, DAL, AL, DESCRIZIONE, DESCRIZIONE_AL1, DESCRIZIONE_AL2, SEQUENZA, NOTE, MOLTIPLICA, ARROTONDA, DIVIDE, NOTE_AL1, NOTE_AL2) VALUES ('ESTRAZIONE_GIAF','11',to_date('01/01/1993','dd/mm/yyyy'),NULL,'TOT.RET.',NULL,NULL,11,NULL,NULL,NULL,NULL,NULL,NULL);
INSERT INTO estrazione_valori_contabili ( ESTRAZIONE, COLONNA, DAL, AL, DESCRIZIONE, DESCRIZIONE_AL1, DESCRIZIONE_AL2, SEQUENZA, NOTE, MOLTIPLICA, ARROTONDA, DIVIDE, NOTE_AL1, NOTE_AL2) VALUES ('ESTRAZIONE_GIAF','12',to_date('01/01/1993','dd/mm/yyyy'),NULL,'DET.TOTALI',NULL,NULL,12,NULL,NULL,NULL,NULL,NULL,NULL);
INSERT INTO estrazione_valori_contabili ( ESTRAZIONE, COLONNA, DAL, AL, DESCRIZIONE, DESCRIZIONE_AL1, DESCRIZIONE_AL2, SEQUENZA, NOTE, MOLTIPLICA, ARROTONDA, DIVIDE, NOTE_AL1, NOTE_AL2) VALUES ('ESTRAZIONE_GIAF','13',to_date('01/01/1993','dd/mm/yyyy'),NULL,'ST.CLASSI',NULL,NULL,13,NULL,NULL,NULL,NULL,NULL,NULL);
INSERT INTO estrazione_valori_contabili ( ESTRAZIONE, COLONNA, DAL, AL, DESCRIZIONE, DESCRIZIONE_AL1, DESCRIZIONE_AL2, SEQUENZA, NOTE, MOLTIPLICA, ARROTONDA, DIVIDE, NOTE_AL1, NOTE_AL2) VALUES ('ESTRAZIONE_GIAF','14',to_date('01/01/1993','dd/mm/yyyy'),NULL,'IPT.TOTALE',NULL,NULL,14,NULL,NULL,NULL,NULL,NULL,NULL);
INSERT INTO estrazione_valori_contabili ( ESTRAZIONE, COLONNA, DAL, AL, DESCRIZIONE, DESCRIZIONE_AL1, DESCRIZIONE_AL2, SEQUENZA, NOTE, MOLTIPLICA, ARROTONDA, DIVIDE, NOTE_AL1, NOTE_AL2) VALUES ('INFORTUNIO_INAIL','01',to_date('01/01/1991','dd/mm/yyyy'),NULL,'Tot.retribuzione',NULL,NULL,1,NULL,NULL,NULL,NULL,NULL,NULL);
INSERT INTO estrazione_valori_contabili ( ESTRAZIONE, COLONNA, DAL, AL, DESCRIZIONE, DESCRIZIONE_AL1, DESCRIZIONE_AL2, SEQUENZA, NOTE, MOLTIPLICA, ARROTONDA, DIVIDE, NOTE_AL1, NOTE_AL2) VALUES ('INFORTUNIO_INAIL','10',to_date('01/01/1991','dd/mm/yyyy'),NULL,NULL,NULL,NULL,10,NULL,NULL,NULL,NULL,NULL,NULL);
INSERT INTO estrazione_valori_contabili ( ESTRAZIONE, COLONNA, DAL, AL, DESCRIZIONE, DESCRIZIONE_AL1, DESCRIZIONE_AL2, SEQUENZA, NOTE, MOLTIPLICA, ARROTONDA, DIVIDE, NOTE_AL1, NOTE_AL2) VALUES ('INFORTUNIO_INAIL','2',to_date('01/01/1991','dd/mm/yyyy'),NULL,NULL,NULL,NULL,2,NULL,NULL,NULL,NULL,NULL,NULL);
INSERT INTO estrazione_valori_contabili ( ESTRAZIONE, COLONNA, DAL, AL, DESCRIZIONE, DESCRIZIONE_AL1, DESCRIZIONE_AL2, SEQUENZA, NOTE, MOLTIPLICA, ARROTONDA, DIVIDE, NOTE_AL1, NOTE_AL2) VALUES ('INFORTUNIO_INAIL','3',to_date('01/01/1991','dd/mm/yyyy'),NULL,NULL,NULL,NULL,3,NULL,NULL,NULL,NULL,NULL,NULL);
INSERT INTO estrazione_valori_contabili ( ESTRAZIONE, COLONNA, DAL, AL, DESCRIZIONE, DESCRIZIONE_AL1, DESCRIZIONE_AL2, SEQUENZA, NOTE, MOLTIPLICA, ARROTONDA, DIVIDE, NOTE_AL1, NOTE_AL2) VALUES ('INFORTUNIO_INAIL','6',to_date('01/01/1991','dd/mm/yyyy'),NULL,NULL,NULL,NULL,6,NULL,NULL,NULL,NULL,NULL,NULL);
INSERT INTO estrazione_valori_contabili ( ESTRAZIONE, COLONNA, DAL, AL, DESCRIZIONE, DESCRIZIONE_AL1, DESCRIZIONE_AL2, SEQUENZA, NOTE, MOLTIPLICA, ARROTONDA, DIVIDE, NOTE_AL1, NOTE_AL2) VALUES ('INFORTUNIO_INAIL','7',to_date('01/01/1991','dd/mm/yyyy'),NULL,NULL,NULL,NULL,7,NULL,NULL,NULL,NULL,NULL,NULL);
INSERT INTO estrazione_valori_contabili ( ESTRAZIONE, COLONNA, DAL, AL, DESCRIZIONE, DESCRIZIONE_AL1, DESCRIZIONE_AL2, SEQUENZA, NOTE, MOLTIPLICA, ARROTONDA, DIVIDE, NOTE_AL1, NOTE_AL2) VALUES ('INFORTUNIO_INAIL','8',to_date('01/01/1991','dd/mm/yyyy'),NULL,NULL,NULL,NULL,8,NULL,NULL,NULL,NULL,NULL,NULL);
INSERT INTO estrazione_valori_contabili ( ESTRAZIONE, COLONNA, DAL, AL, DESCRIZIONE, DESCRIZIONE_AL1, DESCRIZIONE_AL2, SEQUENZA, NOTE, MOLTIPLICA, ARROTONDA, DIVIDE, NOTE_AL1, NOTE_AL2) VALUES ('DENUNCIA_ENPAM','01',to_date('01/01/1990','dd/mm/yyyy'),NULL,'Imponibile ENPAM',NULL,NULL,1,NULL,NULL,NULL,NULL,NULL,NULL);
INSERT INTO estrazione_valori_contabili ( ESTRAZIONE, COLONNA, DAL, AL, DESCRIZIONE, DESCRIZIONE_AL1, DESCRIZIONE_AL2, SEQUENZA, NOTE, MOLTIPLICA, ARROTONDA, DIVIDE, NOTE_AL1, NOTE_AL2) VALUES ('DENUNCIA_ENPAM','02',to_date('01/01/1990','dd/mm/yyyy'),NULL,'Contributo ENPAM',NULL,NULL,2,NULL,NULL,NULL,NULL,NULL,NULL);
INSERT INTO estrazione_valori_contabili ( ESTRAZIONE, COLONNA, DAL, AL, DESCRIZIONE, DESCRIZIONE_AL1, DESCRIZIONE_AL2, SEQUENZA, NOTE, MOLTIPLICA, ARROTONDA, DIVIDE, NOTE_AL1, NOTE_AL2) VALUES ('DENUNCIA_ENPAM','03',to_date('01/01/1990','dd/mm/yyyy'),NULL,'Contributo ENPAM solo Ente',NULL,NULL,3,NULL,NULL,NULL,NULL,NULL,NULL);
INSERT INTO estrazione_valori_contabili ( ESTRAZIONE, COLONNA, DAL, AL, DESCRIZIONE, DESCRIZIONE_AL1, DESCRIZIONE_AL2, SEQUENZA, NOTE, MOLTIPLICA, ARROTONDA, DIVIDE, NOTE_AL1, NOTE_AL2) VALUES ('DENUNCIA_ENPAM','04',to_date('01/01/1990','dd/mm/yyyy'),NULL,'Contributo ENPAM Dipendente',NULL,NULL,4,NULL,NULL,NULL,NULL,NULL,NULL);
INSERT INTO estrazione_valori_contabili ( ESTRAZIONE, COLONNA, DAL, AL, DESCRIZIONE, DESCRIZIONE_AL1, DESCRIZIONE_AL2, SEQUENZA, NOTE, MOLTIPLICA, ARROTONDA, DIVIDE, NOTE_AL1, NOTE_AL2) VALUES ('INFORTUNIO_INAIL','9',to_date('01/01/1991','dd/mm/yyyy'),NULL,NULL,NULL,NULL,9,NULL,NULL,NULL,NULL,NULL,NULL);
INSERT INTO estrazione_valori_contabili ( ESTRAZIONE, COLONNA, DAL, AL, DESCRIZIONE, DESCRIZIONE_AL1, DESCRIZIONE_AL2, SEQUENZA, NOTE, MOLTIPLICA, ARROTONDA, DIVIDE, NOTE_AL1, NOTE_AL2) VALUES ('FILE_UNIVERSITARI','01',to_date('01/01/1991','dd/mm/yyyy'),NULL,'Totale',NULL,NULL,1,NULL,NULL,NULL,NULL,NULL,NULL);
INSERT INTO estrazione_valori_contabili ( ESTRAZIONE, COLONNA, DAL, AL, DESCRIZIONE, DESCRIZIONE_AL1, DESCRIZIONE_AL2, SEQUENZA, NOTE, MOLTIPLICA, ARROTONDA, DIVIDE, NOTE_AL1, NOTE_AL2) VALUES ('FILE_UNIVERSITARI','10',to_date('01/01/1991','dd/mm/yyyy'),NULL,NULL,NULL,NULL,10,NULL,NULL,NULL,NULL,NULL,NULL);
INSERT INTO estrazione_valori_contabili ( ESTRAZIONE, COLONNA, DAL, AL, DESCRIZIONE, DESCRIZIONE_AL1, DESCRIZIONE_AL2, SEQUENZA, NOTE, MOLTIPLICA, ARROTONDA, DIVIDE, NOTE_AL1, NOTE_AL2) VALUES ('FILE_UNIVERSITARI','2',to_date('01/01/1991','dd/mm/yyyy'),NULL,NULL,NULL,NULL,2,NULL,NULL,NULL,NULL,NULL,NULL);
INSERT INTO estrazione_valori_contabili ( ESTRAZIONE, COLONNA, DAL, AL, DESCRIZIONE, DESCRIZIONE_AL1, DESCRIZIONE_AL2, SEQUENZA, NOTE, MOLTIPLICA, ARROTONDA, DIVIDE, NOTE_AL1, NOTE_AL2) VALUES ('FILE_UNIVERSITARI','3',to_date('01/01/1991','dd/mm/yyyy'),NULL,NULL,NULL,NULL,3,NULL,NULL,NULL,NULL,NULL,NULL);
INSERT INTO estrazione_valori_contabili ( ESTRAZIONE, COLONNA, DAL, AL, DESCRIZIONE, DESCRIZIONE_AL1, DESCRIZIONE_AL2, SEQUENZA, NOTE, MOLTIPLICA, ARROTONDA, DIVIDE, NOTE_AL1, NOTE_AL2) VALUES ('FILE_UNIVERSITARI','6',to_date('01/01/1991','dd/mm/yyyy'),NULL,NULL,NULL,NULL,6,NULL,NULL,NULL,NULL,NULL,NULL);
INSERT INTO estrazione_valori_contabili ( ESTRAZIONE, COLONNA, DAL, AL, DESCRIZIONE, DESCRIZIONE_AL1, DESCRIZIONE_AL2, SEQUENZA, NOTE, MOLTIPLICA, ARROTONDA, DIVIDE, NOTE_AL1, NOTE_AL2) VALUES ('FILE_UNIVERSITARI','7',to_date('01/01/1991','dd/mm/yyyy'),NULL,NULL,NULL,NULL,7,NULL,NULL,NULL,NULL,NULL,NULL);
INSERT INTO estrazione_valori_contabili ( ESTRAZIONE, COLONNA, DAL, AL, DESCRIZIONE, DESCRIZIONE_AL1, DESCRIZIONE_AL2, SEQUENZA, NOTE, MOLTIPLICA, ARROTONDA, DIVIDE, NOTE_AL1, NOTE_AL2) VALUES ('FILE_UNIVERSITARI','8',to_date('01/01/1991','dd/mm/yyyy'),NULL,NULL,NULL,NULL,8,NULL,NULL,NULL,NULL,NULL,NULL);
INSERT INTO estrazione_valori_contabili ( ESTRAZIONE, COLONNA, DAL, AL, DESCRIZIONE, DESCRIZIONE_AL1, DESCRIZIONE_AL2, SEQUENZA, NOTE, MOLTIPLICA, ARROTONDA, DIVIDE, NOTE_AL1, NOTE_AL2) VALUES ('FILE_UNIVERSITARI','9',to_date('01/01/1991','dd/mm/yyyy'),NULL,NULL,NULL,NULL,9,NULL,NULL,NULL,NULL,NULL,NULL);
INSERT INTO estrazione_valori_contabili ( ESTRAZIONE, COLONNA, DAL, AL, DESCRIZIONE, DESCRIZIONE_AL1, DESCRIZIONE_AL2, SEQUENZA, NOTE, MOLTIPLICA, ARROTONDA, DIVIDE, NOTE_AL1, NOTE_AL2) VALUES ('ADDIZIONALE_COMUNALE','01',to_date('01/01/1991','dd/mm/yyyy'),NULL,'Imponibile',NULL,NULL,1,NULL,NULL,NULL,NULL,NULL,NULL);
INSERT INTO estrazione_valori_contabili ( ESTRAZIONE, COLONNA, DAL, AL, DESCRIZIONE, DESCRIZIONE_AL1, DESCRIZIONE_AL2, SEQUENZA, NOTE, MOLTIPLICA, ARROTONDA, DIVIDE, NOTE_AL1, NOTE_AL2) VALUES ('ADDIZIONALE_COMUNALE','02',to_date('01/01/1991','dd/mm/yyyy'),NULL,'Addizionale',NULL,NULL,2,NULL,NULL,NULL,NULL,NULL,NULL);
INSERT INTO estrazione_valori_contabili ( ESTRAZIONE, COLONNA, DAL, AL, DESCRIZIONE, DESCRIZIONE_AL1, DESCRIZIONE_AL2, SEQUENZA, NOTE, MOLTIPLICA, ARROTONDA, DIVIDE, NOTE_AL1, NOTE_AL2) VALUES ('CARO_VITA','GMED_VAL',to_date('01/01/1980','dd/mm/yyyy'),NULL,NULL,NULL,NULL,1,NULL,NULL,NULL,NULL,NULL,NULL);
INSERT INTO estrazione_valori_contabili ( ESTRAZIONE, COLONNA, DAL, AL, DESCRIZIONE, DESCRIZIONE_AL1, DESCRIZIONE_AL2, SEQUENZA, NOTE, MOLTIPLICA, ARROTONDA, DIVIDE, NOTE_AL1, NOTE_AL2) VALUES ('CARO_VITA','GMED_ORE',to_date('01/01/1989','dd/mm/yyyy'),NULL,NULL,NULL,NULL,2,NULL,NULL,NULL,NULL,NULL,NULL);
INSERT INTO estrazione_valori_contabili ( ESTRAZIONE, COLONNA, DAL, AL, DESCRIZIONE, DESCRIZIONE_AL1, DESCRIZIONE_AL2, SEQUENZA, NOTE, MOLTIPLICA, ARROTONDA, DIVIDE, NOTE_AL1, NOTE_AL2) VALUES ('CARO_VITA','118_VAL',to_date('01/01/1980','dd/mm/yyyy'),NULL,NULL,NULL,NULL,3,NULL,NULL,NULL,NULL,NULL,NULL);
INSERT INTO estrazione_valori_contabili ( ESTRAZIONE, COLONNA, DAL, AL, DESCRIZIONE, DESCRIZIONE_AL1, DESCRIZIONE_AL2, SEQUENZA, NOTE, MOLTIPLICA, ARROTONDA, DIVIDE, NOTE_AL1, NOTE_AL2) VALUES ('CARO_VITA','118_ORE',to_date('01/01/1980','dd/mm/yyyy'),NULL,NULL,NULL,NULL,4,NULL,NULL,NULL,NULL,NULL,NULL);
INSERT INTO estrazione_valori_contabili ( ESTRAZIONE, COLONNA, DAL, AL, DESCRIZIONE, DESCRIZIONE_AL1, DESCRIZIONE_AL2, SEQUENZA, NOTE, MOLTIPLICA, ARROTONDA, DIVIDE, NOTE_AL1, NOTE_AL2) VALUES ('DENUNCIA_CUD','COCO_01',to_date('01/01/2001','dd/mm/yyyy'),NULL,'Compensi corrisposti (cas. 59 collaborazioni)',NULL,NULL,31,'<80931>COCO_01',NULL,NULL,NULL,NULL,NULL);
INSERT INTO estrazione_valori_contabili ( ESTRAZIONE, COLONNA, DAL, AL, DESCRIZIONE, DESCRIZIONE_AL1, DESCRIZIONE_AL2, SEQUENZA, NOTE, MOLTIPLICA, ARROTONDA, DIVIDE, NOTE_AL1, NOTE_AL2) VALUES ('DENUNCIA_CUD','COCO_02',to_date('01/01/2001','dd/mm/yyyy'),NULL,'Contr. dovuti all''INPS (cas. 60 collaborazioni)',NULL,NULL,32,'COCO_02',NULL,NULL,NULL,NULL,NULL);
INSERT INTO estrazione_valori_contabili ( ESTRAZIONE, COLONNA, DAL, AL, DESCRIZIONE, DESCRIZIONE_AL1, DESCRIZIONE_AL2, SEQUENZA, NOTE, MOLTIPLICA, ARROTONDA, DIVIDE, NOTE_AL1, NOTE_AL2) VALUES ('DENUNCIA_CUD','COCO_03',to_date('01/01/2001','dd/mm/yyyy'),NULL,'Contr. C/Dip INPS (cas. 61 collaborazioni)',NULL,NULL,33,'COCO_03',NULL,NULL,NULL,NULL,NULL);
INSERT INTO estrazione_valori_contabili ( ESTRAZIONE, COLONNA, DAL, AL, DESCRIZIONE, DESCRIZIONE_AL1, DESCRIZIONE_AL2, SEQUENZA, NOTE, MOLTIPLICA, ARROTONDA, DIVIDE, NOTE_AL1, NOTE_AL2) VALUES ('DENUNCIA_CUD','COCO_04',to_date('01/01/2001','dd/mm/yyyy'),NULL,'Contr. versati all''INPS (cas. 62 collaborazioni)',NULL,NULL,34,'COCO_04',NULL,NULL,NULL,NULL,NULL);
INSERT INTO estrazione_valori_contabili ( ESTRAZIONE, COLONNA, DAL, AL, DESCRIZIONE, DESCRIZIONE_AL1, DESCRIZIONE_AL2, SEQUENZA, NOTE, MOLTIPLICA, ARROTONDA, DIVIDE, NOTE_AL1, NOTE_AL2) VALUES ('DENUNCIA_CUD','CONG_01',to_date('01/01/2001','dd/mm/yyyy'),NULL,'Irpef da trattenere successivamente al 28 Febbraio (cas. 33)',NULL,NULL,1,'CONG_01',NULL,NULL,NULL,NULL,NULL);
INSERT INTO estrazione_valori_contabili ( ESTRAZIONE, COLONNA, DAL, AL, DESCRIZIONE, DESCRIZIONE_AL1, DESCRIZIONE_AL2, SEQUENZA, NOTE, MOLTIPLICA, ARROTONDA, DIVIDE, NOTE_AL1, NOTE_AL2) VALUES ('DENUNCIA_CUD','ONERI_01',to_date('01/01/2001','dd/mm/yyyy'),NULL,'C21 (cas. 21)',NULL,NULL,41,'1 Spese Sanitarie',NULL,NULL,NULL,NULL,NULL);
INSERT INTO estrazione_valori_contabili ( ESTRAZIONE, COLONNA, DAL, AL, DESCRIZIONE, DESCRIZIONE_AL1, DESCRIZIONE_AL2, SEQUENZA, NOTE, MOLTIPLICA, ARROTONDA, DIVIDE, NOTE_AL1, NOTE_AL2) VALUES ('DENUNCIA_CUD','ONERI_02',to_date('01/01/2001','dd/mm/yyyy'),NULL,'C23 (cas. 21)',NULL,NULL,42,'3 Spese Sanitarie per Portatori di Handicap',NULL,NULL,NULL,NULL,NULL);
INSERT INTO estrazione_valori_contabili ( ESTRAZIONE, COLONNA, DAL, AL, DESCRIZIONE, DESCRIZIONE_AL1, DESCRIZIONE_AL2, SEQUENZA, NOTE, MOLTIPLICA, ARROTONDA, DIVIDE, NOTE_AL1, NOTE_AL2) VALUES ('DENUNCIA_CUD','ONERI_03',to_date('01/01/2001','dd/mm/yyyy'),NULL,'C27 (cas. 21)',NULL,NULL,43,'7 Interessi per Mutui Ipotecari per acquisto abitazione principale',NULL,NULL,NULL,NULL,NULL);
INSERT INTO estrazione_valori_contabili ( ESTRAZIONE, COLONNA, DAL, AL, DESCRIZIONE, DESCRIZIONE_AL1, DESCRIZIONE_AL2, SEQUENZA, NOTE, MOLTIPLICA, ARROTONDA, DIVIDE, NOTE_AL1, NOTE_AL2) VALUES ('DENUNCIA_CUD','ONERI_04',to_date('01/01/2001','dd/mm/yyyy'),NULL,'C28 (cas. 21)',NULL,NULL,44,'8 Interessi per Mutui Ipotecari per acquisto altri immobili',NULL,NULL,NULL,NULL,NULL);
INSERT INTO estrazione_valori_contabili ( ESTRAZIONE, COLONNA, DAL, AL, DESCRIZIONE, DESCRIZIONE_AL1, DESCRIZIONE_AL2, SEQUENZA, NOTE, MOLTIPLICA, ARROTONDA, DIVIDE, NOTE_AL1, NOTE_AL2) VALUES ('DENUNCIA_CUD','ONERI_05',to_date('01/01/2001','dd/mm/yyyy'),NULL,'C29 (cas. 21)',NULL,NULL,45,'9 Interessi per Mutui contratti nel 1997 per recupero Edilizio',NULL,NULL,NULL,NULL,NULL);
INSERT INTO estrazione_valori_contabili ( ESTRAZIONE, COLONNA, DAL, AL, DESCRIZIONE, DESCRIZIONE_AL1, DESCRIZIONE_AL2, SEQUENZA, NOTE, MOLTIPLICA, ARROTONDA, DIVIDE, NOTE_AL1, NOTE_AL2) VALUES ('DENUNCIA_CUD','ONERI_06',to_date('01/01/2001','dd/mm/yyyy'),NULL,'C31 (cas. 21)',NULL,NULL,46,'11 Interessi per prestiti o mutui agrari',NULL,NULL,NULL,NULL,NULL);
INSERT INTO estrazione_valori_contabili ( ESTRAZIONE, COLONNA, DAL, AL, DESCRIZIONE, DESCRIZIONE_AL1, DESCRIZIONE_AL2, SEQUENZA, NOTE, MOLTIPLICA, ARROTONDA, DIVIDE, NOTE_AL1, NOTE_AL2) VALUES ('DENUNCIA_CUD','ONERI_07',to_date('01/01/2001','dd/mm/yyyy'),NULL,'C32 (cas.21)',NULL,NULL,47,'12 Assicurazioni sulla vita, gli infortuni, l''invalidita e non autosufficienza',NULL,NULL,NULL,NULL,NULL);
INSERT INTO estrazione_valori_contabili ( ESTRAZIONE, COLONNA, DAL, AL, DESCRIZIONE, DESCRIZIONE_AL1, DESCRIZIONE_AL2, SEQUENZA, NOTE, MOLTIPLICA, ARROTONDA, DIVIDE, NOTE_AL1, NOTE_AL2) VALUES ('DENUNCIA_CUD','ONERI_08',to_date('01/01/2001','dd/mm/yyyy'),NULL,'C35 (cas. 21)',NULL,NULL,48,'15 Erogazioni Liberali ai partiti politici',NULL,NULL,NULL,NULL,NULL);
INSERT INTO estrazione_valori_contabili ( ESTRAZIONE, COLONNA, DAL, AL, DESCRIZIONE, DESCRIZIONE_AL1, DESCRIZIONE_AL2, SEQUENZA, NOTE, MOLTIPLICA, ARROTONDA, DIVIDE, NOTE_AL1, NOTE_AL2) VALUES ('DENUNCIA_CUD','ONERI_09',to_date('01/01/2001','dd/mm/yyyy'),NULL,'C33 (cas. 21)',NULL,NULL,49,'13 Spese per Istruzione',NULL,NULL,NULL,NULL,NULL);
INSERT INTO estrazione_valori_contabili ( ESTRAZIONE, COLONNA, DAL, AL, DESCRIZIONE, DESCRIZIONE_AL1, DESCRIZIONE_AL2, SEQUENZA, NOTE, MOLTIPLICA, ARROTONDA, DIVIDE, NOTE_AL1, NOTE_AL2) VALUES ('DENUNCIA_CUD','ONERI_10',to_date('01/01/2001','dd/mm/yyyy'),NULL,'C34 (cas. 21)',NULL,NULL,50,'14 Spese Funebri',NULL,NULL,NULL,NULL,NULL);
INSERT INTO estrazione_valori_contabili ( ESTRAZIONE, COLONNA, DAL, AL, DESCRIZIONE, DESCRIZIONE_AL1, DESCRIZIONE_AL2, SEQUENZA, NOTE, MOLTIPLICA, ARROTONDA, DIVIDE, NOTE_AL1, NOTE_AL2) VALUES ('DENUNCIA_CUD','ONERI_11',to_date('01/01/2001','dd/mm/yyyy'),NULL,'C45 (cas. 21)',NULL,NULL,51,'25 Altri Oneri Detraibili',NULL,NULL,NULL,NULL,NULL);
INSERT INTO estrazione_valori_contabili ( ESTRAZIONE, COLONNA, DAL, AL, DESCRIZIONE, DESCRIZIONE_AL1, DESCRIZIONE_AL2, SEQUENZA, NOTE, MOLTIPLICA, ARROTONDA, DIVIDE, NOTE_AL1, NOTE_AL2) VALUES ('DENUNCIA_CUD','ONERI_12',to_date('01/01/2001','dd/mm/yyyy'),NULL,'C24 (cas. 21)',NULL,NULL,52,'4 Spese per Veicoli per i portatori di Handicap',NULL,NULL,NULL,NULL,NULL);
INSERT INTO estrazione_valori_contabili ( ESTRAZIONE, COLONNA, DAL, AL, DESCRIZIONE, DESCRIZIONE_AL1, DESCRIZIONE_AL2, SEQUENZA, NOTE, MOLTIPLICA, ARROTONDA, DIVIDE, NOTE_AL1, NOTE_AL2) VALUES ('DENUNCIA_CUD','ONERI_13',to_date('01/01/2001','dd/mm/yyyy'),NULL,'C30 (cas. 21)',NULL,NULL,53,'10 Interessi per Mutui Ipotecari per costruzione abitazione principale',NULL,NULL,NULL,NULL,NULL);
INSERT INTO estrazione_valori_contabili ( ESTRAZIONE, COLONNA, DAL, AL, DESCRIZIONE, DESCRIZIONE_AL1, DESCRIZIONE_AL2, SEQUENZA, NOTE, MOLTIPLICA, ARROTONDA, DIVIDE, NOTE_AL1, NOTE_AL2) VALUES ('DENUNCIA_CUD','ONERI_14',to_date('01/01/2001','dd/mm/yyyy'),NULL,'C36 (cas. 21)',NULL,NULL,54,'16 Erogazioni Liberali alle ONLUS',NULL,NULL,NULL,NULL,NULL);
INSERT INTO estrazione_valori_contabili ( ESTRAZIONE, COLONNA, DAL, AL, DESCRIZIONE, DESCRIZIONE_AL1, DESCRIZIONE_AL2, SEQUENZA, NOTE, MOLTIPLICA, ARROTONDA, DIVIDE, NOTE_AL1, NOTE_AL2) VALUES ('DENUNCIA_CUD','ONERI_15',to_date('01/01/2001','dd/mm/yyyy'),NULL,'C38 (cas. 21)',NULL,NULL,55,'18 Erogazioni Liberali alle societa di mutuo soccorso',NULL,NULL,NULL,NULL,NULL);
INSERT INTO estrazione_valori_contabili ( ESTRAZIONE, COLONNA, DAL, AL, DESCRIZIONE, DESCRIZIONE_AL1, DESCRIZIONE_AL2, SEQUENZA, NOTE, MOLTIPLICA, ARROTONDA, DIVIDE, NOTE_AL1, NOTE_AL2) VALUES ('DENUNCIA_CUD','ONERI_16',to_date('01/01/2001','dd/mm/yyyy'),NULL,'C40 (cas. 21)',NULL,NULL,56,'20 Erogazioni Liberali a favore della societa della Cultuta Biennale di Venezia',NULL,NULL,NULL,NULL,NULL);
INSERT INTO estrazione_valori_contabili ( ESTRAZIONE, COLONNA, DAL, AL, DESCRIZIONE, DESCRIZIONE_AL1, DESCRIZIONE_AL2, SEQUENZA, NOTE, MOLTIPLICA, ARROTONDA, DIVIDE, NOTE_AL1, NOTE_AL2) VALUES ('DENUNCIA_CUD','ONERI_17',to_date('01/01/2001','dd/mm/yyyy'),NULL,'C37 (cas.21)',NULL,NULL,57,'17 Erogazioni Liberali alle associazioni sportive dilettantistiche',NULL,NULL,NULL,NULL,NULL);
INSERT INTO estrazione_valori_contabili ( ESTRAZIONE, COLONNA, DAL, AL, DESCRIZIONE, DESCRIZIONE_AL1, DESCRIZIONE_AL2, SEQUENZA, NOTE, MOLTIPLICA, ARROTONDA, DIVIDE, NOTE_AL1, NOTE_AL2) VALUES ('DENUNCIA_CUD','ONERI_18',to_date('01/01/2001','dd/mm/yyyy'),NULL,'(cas 20)',NULL,NULL,58,'detrazione forfetaria relativa al mantenimento del cane guida',NULL,NULL,NULL,NULL,NULL);
INSERT INTO estrazione_valori_contabili ( ESTRAZIONE, COLONNA, DAL, AL, DESCRIZIONE, DESCRIZIONE_AL1, DESCRIZIONE_AL2, SEQUENZA, NOTE, MOLTIPLICA, ARROTONDA, DIVIDE, NOTE_AL1, NOTE_AL2) VALUES ('DENUNCIA_CUD','ONERI_19',to_date('01/01/2001','dd/mm/yyyy'),NULL,'C22 (cas 21)',NULL,NULL,59,'2 Spese sanitarie per familiari a carico',NULL,NULL,NULL,NULL,NULL);
INSERT INTO estrazione_valori_contabili ( ESTRAZIONE, COLONNA, DAL, AL, DESCRIZIONE, DESCRIZIONE_AL1, DESCRIZIONE_AL2, SEQUENZA, NOTE, MOLTIPLICA, ARROTONDA, DIVIDE, NOTE_AL1, NOTE_AL2) VALUES ('DENUNCIA_CUD','ONERI_20',to_date('01/01/2001','dd/mm/yyyy'),NULL,'C25 (cas. 21)',NULL,NULL,60,'5 Spese per l''acquisto di cani guida',NULL,NULL,NULL,NULL,NULL);
INSERT INTO estrazione_valori_contabili ( ESTRAZIONE, COLONNA, DAL, AL, DESCRIZIONE, DESCRIZIONE_AL1, DESCRIZIONE_AL2, SEQUENZA, NOTE, MOLTIPLICA, ARROTONDA, DIVIDE, NOTE_AL1, NOTE_AL2) VALUES ('DENUNCIA_CUD','ONERI_21',to_date('01/01/2001','dd/mm/yyyy'),NULL,'C26 (cas. 21)',NULL,NULL,61,'6 Spese Veterinarie',NULL,NULL,NULL,NULL,NULL);
INSERT INTO estrazione_valori_contabili ( ESTRAZIONE, COLONNA, DAL, AL, DESCRIZIONE, DESCRIZIONE_AL1, DESCRIZIONE_AL2, SEQUENZA, NOTE, MOLTIPLICA, ARROTONDA, DIVIDE, NOTE_AL1, NOTE_AL2) VALUES ('DENUNCIA_CUD','ONERI_22',to_date('01/01/2001','dd/mm/yyyy'),NULL,'C39 (cas 21)',NULL,NULL,62,'19 Erogazioni Liberali a favore delle associazioni di promozione sociale',NULL,NULL,NULL,NULL,NULL);
INSERT INTO estrazione_valori_contabili ( ESTRAZIONE, COLONNA, DAL, AL, DESCRIZIONE, DESCRIZIONE_AL1, DESCRIZIONE_AL2, SEQUENZA, NOTE, MOLTIPLICA, ARROTONDA, DIVIDE, NOTE_AL1, NOTE_AL2) VALUES ('DENUNCIA_CUD','ONERI_23',to_date('01/01/2001','dd/mm/yyyy'),NULL,'C41 (cas. 21)',NULL,NULL,63,'21 Spese relative a beni soggetti a regime vincolistico',NULL,NULL,NULL,NULL,NULL);
INSERT INTO estrazione_valori_contabili ( ESTRAZIONE, COLONNA, DAL, AL, DESCRIZIONE, DESCRIZIONE_AL1, DESCRIZIONE_AL2, SEQUENZA, NOTE, MOLTIPLICA, ARROTONDA, DIVIDE, NOTE_AL1, NOTE_AL2) VALUES ('DENUNCIA_CUD','ONERI_24',to_date('01/01/2001','dd/mm/yyyy'),NULL,'C42 (cas 21)',NULL,NULL,64,'22 Erogazioni Liberali per attivita culturali ed artistiche',NULL,NULL,NULL,NULL,NULL);
INSERT INTO estrazione_valori_contabili ( ESTRAZIONE, COLONNA, DAL, AL, DESCRIZIONE, DESCRIZIONE_AL1, DESCRIZIONE_AL2, SEQUENZA, NOTE, MOLTIPLICA, ARROTONDA, DIVIDE, NOTE_AL1, NOTE_AL2) VALUES ('DENUNCIA_CUD','ONERI_25',to_date('01/01/2001','dd/mm/yyyy'),NULL,'C43 (cas 21)',NULL,NULL,65,'23 Erogazioni liberali a favore di enti operanti nello Spettacolo',NULL,NULL,NULL,NULL,NULL);
INSERT INTO estrazione_valori_contabili ( ESTRAZIONE, COLONNA, DAL, AL, DESCRIZIONE, DESCRIZIONE_AL1, DESCRIZIONE_AL2, SEQUENZA, NOTE, MOLTIPLICA, ARROTONDA, DIVIDE, NOTE_AL1, NOTE_AL2) VALUES ('DENUNCIA_CUD','ONERI_26',to_date('01/01/2001','dd/mm/yyyy'),NULL,'C44 (cas 21)',NULL,NULL,66,'24 Erogazioni liberali a favore di fondazioni operanti nel settore musicale',NULL,NULL,NULL,NULL,NULL);
INSERT INTO estrazione_valori_contabili ( ESTRAZIONE, COLONNA, DAL, AL, DESCRIZIONE, DESCRIZIONE_AL1, DESCRIZIONE_AL2, SEQUENZA, NOTE, MOLTIPLICA, ARROTONDA, DIVIDE, NOTE_AL1, NOTE_AL2) VALUES ('DENUNCIA_CUD','PREV_04',to_date('01/01/2001','dd/mm/yyyy'),NULL,'Trattenute C/Dip INPS (Cas.53 INPS)',NULL,NULL,4,'PREV_04',NULL,NULL,NULL,NULL,NULL);
INSERT INTO estrazione_valori_contabili ( ESTRAZIONE, COLONNA, DAL, AL, DESCRIZIONE, DESCRIZIONE_AL1, DESCRIZIONE_AL2, SEQUENZA, NOTE, MOLTIPLICA, ARROTONDA, DIVIDE, NOTE_AL1, NOTE_AL2) VALUES ('DENUNCIA_CUD','PREV_05',to_date('01/01/2001','dd/mm/yyyy'),NULL,'Trattenute C/Dip  INPDAI  (Cas.53 INPDAI)',NULL,NULL,5,'PREV_05',NULL,NULL,NULL,NULL,NULL);
INSERT INTO estrazione_valori_contabili ( ESTRAZIONE, COLONNA, DAL, AL, DESCRIZIONE, DESCRIZIONE_AL1, DESCRIZIONE_AL2, SEQUENZA, NOTE, MOLTIPLICA, ARROTONDA, DIVIDE, NOTE_AL1, NOTE_AL2) VALUES ('DENUNCIA_CUD','PREV_06',to_date('01/01/2001','dd/mm/yyyy'),NULL,'Contr. C/Dip. CPDEL/CPS/CPI (cas 89 INPDAP)',NULL,NULL,6,'PREV_06',NULL,NULL,NULL,NULL,NULL);
INSERT INTO estrazione_valori_contabili ( ESTRAZIONE, COLONNA, DAL, AL, DESCRIZIONE, DESCRIZIONE_AL1, DESCRIZIONE_AL2, SEQUENZA, NOTE, MOLTIPLICA, ARROTONDA, DIVIDE, NOTE_AL1, NOTE_AL2) VALUES ('DENUNCIA_CUD','PREV_07',to_date('01/01/2001','dd/mm/yyyy'),NULL,'Contr. C/Dip. TFS (cas 90 INPDAP)',NULL,NULL,7,'PREV_07',NULL,NULL,NULL,NULL,NULL);
INSERT INTO estrazione_valori_contabili ( ESTRAZIONE, COLONNA, DAL, AL, DESCRIZIONE, DESCRIZIONE_AL1, DESCRIZIONE_AL2, SEQUENZA, NOTE, MOLTIPLICA, ARROTONDA, DIVIDE, NOTE_AL1, NOTE_AL2) VALUES ('DENUNCIA_CUD','PREV_08',to_date('01/01/2001','dd/mm/yyyy'),NULL,'Contr. TFR (cas 91 INPDAP)',NULL,NULL,400,'PREV_08',NULL,NULL,NULL,NULL,NULL);
INSERT INTO estrazione_valori_contabili ( ESTRAZIONE, COLONNA, DAL, AL, DESCRIZIONE, DESCRIZIONE_AL1, DESCRIZIONE_AL2, SEQUENZA, NOTE, MOLTIPLICA, ARROTONDA, DIVIDE, NOTE_AL1, NOTE_AL2) VALUES ('DENUNCIA_CUD','SOMME_01',to_date('01/01/2001','dd/mm/yyyy'),NULL,'C47 (cas. 23)',NULL,NULL,71,'Contributi Previdenziali e Assistenziali Obbligatori',NULL,NULL,NULL,NULL,NULL);
INSERT INTO estrazione_valori_contabili ( ESTRAZIONE, COLONNA, DAL, AL, DESCRIZIONE, DESCRIZIONE_AL1, DESCRIZIONE_AL2, SEQUENZA, NOTE, MOLTIPLICA, ARROTONDA, DIVIDE, NOTE_AL1, NOTE_AL2) VALUES ('DENUNCIA_CUD','SOMME_02',to_date('01/01/2001','dd/mm/yyyy'),NULL,'C48 (cas. 23)',NULL,NULL,72,'Oneri Contributivi relativi a servizi domestici',NULL,NULL,NULL,NULL,NULL);
INSERT INTO estrazione_valori_contabili ( ESTRAZIONE, COLONNA, DAL, AL, DESCRIZIONE, DESCRIZIONE_AL1, DESCRIZIONE_AL2, SEQUENZA, NOTE, MOLTIPLICA, ARROTONDA, DIVIDE, NOTE_AL1, NOTE_AL2) VALUES ('DENUNCIA_CUD','SOMME_03',to_date('01/01/2001','dd/mm/yyyy'),NULL,'C49 (cas. 23)',NULL,NULL,73,'Erogazioni Liberali a favore di istituzioni religiose',NULL,NULL,NULL,NULL,NULL);
INSERT INTO estrazione_valori_contabili ( ESTRAZIONE, COLONNA, DAL, AL, DESCRIZIONE, DESCRIZIONE_AL1, DESCRIZIONE_AL2, SEQUENZA, NOTE, MOLTIPLICA, ARROTONDA, DIVIDE, NOTE_AL1, NOTE_AL2) VALUES ('DENUNCIA_CUD','SOMME_04',to_date('01/01/2001','dd/mm/yyyy'),NULL,'C50 (cas. 23)',NULL,NULL,74,'Contributi Per Paesi in Via di Sviluppo',NULL,NULL,NULL,NULL,NULL);
INSERT INTO estrazione_valori_contabili ( ESTRAZIONE, COLONNA, DAL, AL, DESCRIZIONE, DESCRIZIONE_AL1, DESCRIZIONE_AL2, SEQUENZA, NOTE, MOLTIPLICA, ARROTONDA, DIVIDE, NOTE_AL1, NOTE_AL2) VALUES ('DENUNCIA_CUD','SOMME_05',to_date('01/01/2001','dd/mm/yyyy'),NULL,'C51 (cas.23)',NULL,NULL,75,'Spese Mediche e di assistenza dei portatori di hnadicap',NULL,NULL,NULL,NULL,NULL);
INSERT INTO estrazione_valori_contabili ( ESTRAZIONE, COLONNA, DAL, AL, DESCRIZIONE, DESCRIZIONE_AL1, DESCRIZIONE_AL2, SEQUENZA, NOTE, MOLTIPLICA, ARROTONDA, DIVIDE, NOTE_AL1, NOTE_AL2) VALUES ('DENUNCIA_CUD','SOMME_06',to_date('01/01/2001','dd/mm/yyyy'),NULL,'C52 (cas. 23)',NULL,NULL,76,'Assegno periodico del coniuge',NULL,NULL,NULL,NULL,NULL);
INSERT INTO estrazione_valori_contabili ( ESTRAZIONE, COLONNA, DAL, AL, DESCRIZIONE, DESCRIZIONE_AL1, DESCRIZIONE_AL2, SEQUENZA, NOTE, MOLTIPLICA, ARROTONDA, DIVIDE, NOTE_AL1, NOTE_AL2) VALUES ('DENUNCIA_CUD','SOMME_07',to_date('01/01/2001','dd/mm/yyyy'),NULL,'C53 (cas. 23)',NULL,NULL,77,'Altri Oneri Detraibili',NULL,NULL,NULL,NULL,NULL);
INSERT INTO estrazione_valori_contabili ( ESTRAZIONE, COLONNA, DAL, AL, DESCRIZIONE, DESCRIZIONE_AL1, DESCRIZIONE_AL2, SEQUENZA, NOTE, MOLTIPLICA, ARROTONDA, DIVIDE, NOTE_AL1, NOTE_AL2) VALUES ('DENUNCIA_CUD','SOMME_08',to_date('01/01/2001','dd/mm/yyyy'),NULL,'C54 (cas.23)',NULL,NULL,78,NULL,NULL,NULL,NULL,NULL,NULL);
INSERT INTO estrazione_valori_contabili ( ESTRAZIONE, COLONNA, DAL, AL, DESCRIZIONE, DESCRIZIONE_AL1, DESCRIZIONE_AL2, SEQUENZA, NOTE, MOLTIPLICA, ARROTONDA, DIVIDE, NOTE_AL1, NOTE_AL2) VALUES ('DENUNCIA_CUD','SOSP_01',to_date('01/01/2001','dd/mm/yyyy'),NULL,'Ritenute IRPEF Sospese (cas. 9)',NULL,NULL,11,'SOSP_01',NULL,NULL,NULL,NULL,NULL);
INSERT INTO estrazione_valori_contabili ( ESTRAZIONE, COLONNA, DAL, AL, DESCRIZIONE, DESCRIZIONE_AL1, DESCRIZIONE_AL2, SEQUENZA, NOTE, MOLTIPLICA, ARROTONDA, DIVIDE, NOTE_AL1, NOTE_AL2) VALUES ('DENUNCIA_CUD','SOSP_02',to_date('01/01/2001','dd/mm/yyyy'),NULL,'Acconti Sospesi (cas. 14)',NULL,NULL,12,'SOSP_02',NULL,NULL,NULL,NULL,NULL);
INSERT INTO estrazione_valori_contabili ( ESTRAZIONE, COLONNA, DAL, AL, DESCRIZIONE, DESCRIZIONE_AL1, DESCRIZIONE_AL2, SEQUENZA, NOTE, MOLTIPLICA, ARROTONDA, DIVIDE, NOTE_AL1, NOTE_AL2) VALUES ('DENUNCIA_CUD','SOSP_03',to_date('01/01/2001','dd/mm/yyyy'),NULL,'Addizionale Regionale Sospesa (cas. 10)',NULL,NULL,13,'SOSP_03',NULL,NULL,NULL,NULL,NULL);
INSERT INTO estrazione_valori_contabili ( ESTRAZIONE, COLONNA, DAL, AL, DESCRIZIONE, DESCRIZIONE_AL1, DESCRIZIONE_AL2, SEQUENZA, NOTE, MOLTIPLICA, ARROTONDA, DIVIDE, NOTE_AL1, NOTE_AL2) VALUES ('DENUNCIA_CUD','SOSP_04',to_date('01/01/2001','dd/mm/yyyy'),NULL,'Addizionale Comunale Sospesa (cas. 11)',NULL,NULL,14,'SOSP_04',NULL,NULL,NULL,NULL,NULL);
INSERT INTO estrazione_valori_contabili ( ESTRAZIONE, COLONNA, DAL, AL, DESCRIZIONE, DESCRIZIONE_AL1, DESCRIZIONE_AL2, SEQUENZA, NOTE, MOLTIPLICA, ARROTONDA, DIVIDE, NOTE_AL1, NOTE_AL2) VALUES ('DENUNCIA_CUD','VARI_01',to_date('01/01/2001','dd/mm/yyyy'),NULL,'Contr.Straord.Europa rimborsato (cas.27)',NULL,NULL,21,'VARI_01',NULL,NULL,NULL,NULL,NULL);
INSERT INTO estrazione_valori_contabili ( ESTRAZIONE, COLONNA, DAL, AL, DESCRIZIONE, DESCRIZIONE_AL1, DESCRIZIONE_AL2, SEQUENZA, NOTE, MOLTIPLICA, ARROTONDA, DIVIDE, NOTE_AL1, NOTE_AL2) VALUES ('DENUNCIA_CUD','VARI_02',to_date('01/01/2001','dd/mm/yyyy'),NULL,'Assistenza medica di Base 1993 restituita (cas. 28)',NULL,NULL,22,'VARI_02',NULL,NULL,NULL,NULL,NULL);
INSERT INTO estrazione_valori_contabili ( ESTRAZIONE, COLONNA, DAL, AL, DESCRIZIONE, DESCRIZIONE_AL1, DESCRIZIONE_AL2, SEQUENZA, NOTE, MOLTIPLICA, ARROTONDA, DIVIDE, NOTE_AL1, NOTE_AL2) VALUES ('DENUNCIA_CUD','VARI_04',to_date('01/01/2001','dd/mm/yyyy'),NULL,'T.F.R. destinato al fondo (cas 26)',NULL,NULL,24,'VARI_04',NULL,NULL,NULL,NULL,NULL);
INSERT INTO estrazione_valori_contabili ( ESTRAZIONE, COLONNA, DAL, AL, DESCRIZIONE, DESCRIZIONE_AL1, DESCRIZIONE_AL2, SEQUENZA, NOTE, MOLTIPLICA, ARROTONDA, DIVIDE, NOTE_AL1, NOTE_AL2) VALUES ('RAPPORTO_PRECEDENTE','01',to_date('01/01/1990','dd/mm/yyyy'),NULL,NULL,NULL,NULL,1,NULL,NULL,NULL,NULL,NULL,NULL);
INSERT INTO estrazione_valori_contabili ( ESTRAZIONE, COLONNA, DAL, AL, DESCRIZIONE, DESCRIZIONE_AL1, DESCRIZIONE_AL2, SEQUENZA, NOTE, MOLTIPLICA, ARROTONDA, DIVIDE, NOTE_AL1, NOTE_AL2) VALUES ('RAPPORTO_PRECEDENTE','02',to_date('01/01/1990','dd/mm/yyyy'),NULL,NULL,NULL,NULL,2,NULL,NULL,NULL,NULL,NULL,NULL);
INSERT INTO estrazione_valori_contabili ( ESTRAZIONE, COLONNA, DAL, AL, DESCRIZIONE, DESCRIZIONE_AL1, DESCRIZIONE_AL2, SEQUENZA, NOTE, MOLTIPLICA, ARROTONDA, DIVIDE, NOTE_AL1, NOTE_AL2) VALUES ('RAPPORTO_PRECEDENTE','03',to_date('01/01/1990','dd/mm/yyyy'),NULL,NULL,NULL,NULL,3,NULL,NULL,NULL,NULL,NULL,NULL);
INSERT INTO estrazione_valori_contabili ( ESTRAZIONE, COLONNA, DAL, AL, DESCRIZIONE, DESCRIZIONE_AL1, DESCRIZIONE_AL2, SEQUENZA, NOTE, MOLTIPLICA, ARROTONDA, DIVIDE, NOTE_AL1, NOTE_AL2) VALUES ('RAPPORTO_PRECEDENTE','04',to_date('01/01/1990','dd/mm/yyyy'),NULL,NULL,NULL,NULL,4,NULL,NULL,NULL,NULL,NULL,NULL);
INSERT INTO estrazione_valori_contabili ( ESTRAZIONE, COLONNA, DAL, AL, DESCRIZIONE, DESCRIZIONE_AL1, DESCRIZIONE_AL2, SEQUENZA, NOTE, MOLTIPLICA, ARROTONDA, DIVIDE, NOTE_AL1, NOTE_AL2) VALUES ('RAPPORTO_PRECEDENTE','05',to_date('01/01/1990','dd/mm/yyyy'),NULL,NULL,NULL,NULL,5,NULL,NULL,NULL,NULL,NULL,NULL);
INSERT INTO estrazione_valori_contabili ( ESTRAZIONE, COLONNA, DAL, AL, DESCRIZIONE, DESCRIZIONE_AL1, DESCRIZIONE_AL2, SEQUENZA, NOTE, MOLTIPLICA, ARROTONDA, DIVIDE, NOTE_AL1, NOTE_AL2) VALUES ('RAPPORTO_PRECEDENTE','06',to_date('01/01/1990','dd/mm/yyyy'),NULL,NULL,NULL,NULL,6,NULL,NULL,NULL,NULL,NULL,NULL);
INSERT INTO estrazione_valori_contabili ( ESTRAZIONE, COLONNA, DAL, AL, DESCRIZIONE, DESCRIZIONE_AL1, DESCRIZIONE_AL2, SEQUENZA, NOTE, MOLTIPLICA, ARROTONDA, DIVIDE, NOTE_AL1, NOTE_AL2) VALUES ('DENUNCIA_INPDAP','ENPAS',to_date('01/01/1990','dd/mm/yyyy'),NULL,'Contribuzione Enpas',NULL,NULL,40,NULL,NULL,1,NULL,NULL,NULL);
INSERT INTO estrazione_valori_contabili ( ESTRAZIONE, COLONNA, DAL, AL, DESCRIZIONE, DESCRIZIONE_AL1, DESCRIZIONE_AL2, SEQUENZA, NOTE, MOLTIPLICA, ARROTONDA, DIVIDE, NOTE_AL1, NOTE_AL2) VALUES ('DENUNCIA_INPDAP','ENPDEP',to_date('01/01/1990','dd/mm/yyyy'),NULL,'Contribuzione Enpdedp',NULL,NULL,41,NULL,NULL,1,NULL,NULL,NULL);
INSERT INTO estrazione_valori_contabili ( ESTRAZIONE, COLONNA, DAL, AL, DESCRIZIONE, DESCRIZIONE_AL1, DESCRIZIONE_AL2, SEQUENZA, NOTE, MOLTIPLICA, ARROTONDA, DIVIDE, NOTE_AL1, NOTE_AL2) VALUES ('DENUNCIA_INPDAP','TREDICESIMA',to_date('01/01/1990','dd/mm/yyyy'),NULL,'Tredicesima',NULL,NULL,43,NULL,NULL,NULL,NULL,NULL,NULL);
INSERT INTO estrazione_valori_contabili ( ESTRAZIONE, COLONNA, DAL, AL, DESCRIZIONE, DESCRIZIONE_AL1, DESCRIZIONE_AL2, SEQUENZA, NOTE, MOLTIPLICA, ARROTONDA, DIVIDE, NOTE_AL1, NOTE_AL2) VALUES ('DENUNCIA_INPDAP','COMP_18',to_date('01/01/1990','dd/mm/yyyy'),NULL,'Retribuzione di base per il 18%',NULL,NULL,42,NULL,NULL,NULL,NULL,NULL,NULL);
INSERT INTO estrazione_valori_contabili ( ESTRAZIONE, COLONNA, DAL, AL, DESCRIZIONE, DESCRIZIONE_AL1, DESCRIZIONE_AL2, SEQUENZA, NOTE, MOLTIPLICA, ARROTONDA, DIVIDE, NOTE_AL1, NOTE_AL2) VALUES ('DENUNCIA_INPDAP','L_165',to_date('01/01/1990','dd/mm/yyyy'),NULL,'Legge 165',NULL,NULL,28,NULL,NULL,1,NULL,NULL,NULL);
INSERT INTO estrazione_valori_contabili ( ESTRAZIONE, COLONNA, DAL, AL, DESCRIZIONE, DESCRIZIONE_AL1, DESCRIZIONE_AL2, SEQUENZA, NOTE, MOLTIPLICA, ARROTONDA, DIVIDE, NOTE_AL1, NOTE_AL2) VALUES ('DENUNCIA_INPDAP','Q_TFR',to_date('01/01/1990','dd/mm/yyyy'),NULL,'Differenze su TFR',NULL,NULL,47,NULL,NULL,NULL,NULL,NULL,NULL);
INSERT INTO estrazione_valori_contabili ( ESTRAZIONE, COLONNA, DAL, AL, DESCRIZIONE, DESCRIZIONE_AL1, DESCRIZIONE_AL2, SEQUENZA, NOTE, MOLTIPLICA, ARROTONDA, DIVIDE, NOTE_AL1, NOTE_AL2) VALUES ('DENUNCIA_INPDAP','Q_INADEL',to_date('01/01/1990','dd/mm/yyyy'),NULL,'Differenze su imponibile Inail',NULL,NULL,46,NULL,NULL,NULL,NULL,NULL,NULL);
INSERT INTO estrazione_valori_contabili ( ESTRAZIONE, COLONNA, DAL, AL, DESCRIZIONE, DESCRIZIONE_AL1, DESCRIZIONE_AL2, SEQUENZA, NOTE, MOLTIPLICA, ARROTONDA, DIVIDE, NOTE_AL1, NOTE_AL2) VALUES ('DENUNCIA_INPDAP','Q_CP',to_date('01/01/1990','dd/mm/yyyy'),NULL,'Differenze su imponibile Cp',NULL,NULL,45,NULL,NULL,NULL,NULL,NULL,NULL);
INSERT INTO estrazione_valori_contabili ( ESTRAZIONE, COLONNA, DAL, AL, DESCRIZIONE, DESCRIZIONE_AL1, DESCRIZIONE_AL2, SEQUENZA, NOTE, MOLTIPLICA, ARROTONDA, DIVIDE, NOTE_AL1, NOTE_AL2) VALUES ('DENUNCIA_INPDAP','Q_IPN',to_date('01/01/1990','dd/mm/yyyy'),NULL,'Imponibile per verifica voci',NULL,NULL,44,NULL,NULL,NULL,NULL,NULL,NULL);
INSERT INTO estrazione_valori_contabili ( ESTRAZIONE, COLONNA, DAL, AL, DESCRIZIONE, DESCRIZIONE_AL1, DESCRIZIONE_AL2, SEQUENZA, NOTE, MOLTIPLICA, ARROTONDA, DIVIDE, NOTE_AL1, NOTE_AL2) VALUES ('DENUNCIA_O1_INPS','Q_IPN',to_date('01/01/2002','dd/mm/yyyy'),NULL,'Quadratura Imponibile',NULL,NULL,20,NULL,NULL,NULL,NULL,NULL,NULL);
INSERT INTO estrazione_valori_contabili ( ESTRAZIONE, COLONNA, DAL, AL, DESCRIZIONE, DESCRIZIONE_AL1, DESCRIZIONE_AL2, SEQUENZA, NOTE, MOLTIPLICA, ARROTONDA, DIVIDE, NOTE_AL1, NOTE_AL2) VALUES ('DENUNCIA_GLA','ALIQUOTA',to_date('01/01/1990','dd/mm/yyyy'),NULL,'Aliquota',NULL,NULL,2,NULL,NULL,NULL,NULL,NULL,NULL);
INSERT INTO estrazione_valori_contabili ( ESTRAZIONE, COLONNA, DAL, AL, DESCRIZIONE, DESCRIZIONE_AL1, DESCRIZIONE_AL2, SEQUENZA, NOTE, MOLTIPLICA, ARROTONDA, DIVIDE, NOTE_AL1, NOTE_AL2) VALUES ('DENUNCIA_GLA','CONTRIBUTO',to_date('01/01/1990','dd/mm/yyyy'),NULL,'Contributo',NULL,NULL,3,NULL,NULL,1,NULL,NULL,NULL);
INSERT INTO estrazione_valori_contabili ( ESTRAZIONE, COLONNA, DAL, AL, DESCRIZIONE, DESCRIZIONE_AL1, DESCRIZIONE_AL2, SEQUENZA, NOTE, MOLTIPLICA, ARROTONDA, DIVIDE, NOTE_AL1, NOTE_AL2) VALUES ('DENUNCIA_GLA','ECCEDENZA_01',to_date('01/01/1999','dd/mm/yyyy'),NULL,'Eccedenza 01',NULL,NULL,4,'01',NULL,NULL,NULL,NULL,NULL);
INSERT INTO estrazione_valori_contabili ( ESTRAZIONE, COLONNA, DAL, AL, DESCRIZIONE, DESCRIZIONE_AL1, DESCRIZIONE_AL2, SEQUENZA, NOTE, MOLTIPLICA, ARROTONDA, DIVIDE, NOTE_AL1, NOTE_AL2) VALUES ('DENUNCIA_GLA','ECCEDENZA_02',to_date('01/01/1999','dd/mm/yyyy'),NULL,'Eccedenza 02',NULL,NULL,5,'02',NULL,NULL,NULL,NULL,NULL);
INSERT INTO estrazione_valori_contabili ( ESTRAZIONE, COLONNA, DAL, AL, DESCRIZIONE, DESCRIZIONE_AL1, DESCRIZIONE_AL2, SEQUENZA, NOTE, MOLTIPLICA, ARROTONDA, DIVIDE, NOTE_AL1, NOTE_AL2) VALUES ('DENUNCIA_GLA','ECCEDENZA_03',to_date('01/01/1999','dd/mm/yyyy'),NULL,'Eccedenza 03',NULL,NULL,5,'03',NULL,NULL,NULL,NULL,NULL);
INSERT INTO estrazione_valori_contabili ( ESTRAZIONE, COLONNA, DAL, AL, DESCRIZIONE, DESCRIZIONE_AL1, DESCRIZIONE_AL2, SEQUENZA, NOTE, MOLTIPLICA, ARROTONDA, DIVIDE, NOTE_AL1, NOTE_AL2) VALUES ('DENUNCIA_GLA','IMPONIBILE',to_date('01/01/1990','dd/mm/yyyy'),NULL,'Imponibile',NULL,NULL,1,NULL,NULL,1,NULL,NULL,NULL);
INSERT INTO estrazione_valori_contabili ( ESTRAZIONE, COLONNA, DAL, AL, DESCRIZIONE, DESCRIZIONE_AL1, DESCRIZIONE_AL2, SEQUENZA, NOTE, MOLTIPLICA, ARROTONDA, DIVIDE, NOTE_AL1, NOTE_AL2) VALUES ('SMT_TAB8A','13A',to_date('01/01/2002','dd/mm/yyyy'),NULL,'Tredicesima',NULL,NULL,5,NULL,NULL,NULL,NULL,NULL,NULL);
INSERT INTO estrazione_valori_contabili ( ESTRAZIONE, COLONNA, DAL, AL, DESCRIZIONE, DESCRIZIONE_AL1, DESCRIZIONE_AL2, SEQUENZA, NOTE, MOLTIPLICA, ARROTONDA, DIVIDE, NOTE_AL1, NOTE_AL2) VALUES ('SMT_TAB8A','ARRETRATI_AP',to_date('01/01/2002','dd/mm/yyyy'),NULL,'Arretrati Anni Prec.',NULL,NULL,7,NULL,NULL,NULL,NULL,NULL,NULL);
INSERT INTO estrazione_valori_contabili ( ESTRAZIONE, COLONNA, DAL, AL, DESCRIZIONE, DESCRIZIONE_AL1, DESCRIZIONE_AL2, SEQUENZA, NOTE, MOLTIPLICA, ARROTONDA, DIVIDE, NOTE_AL1, NOTE_AL2) VALUES ('SMT_TAB8A','ASS_FAM',to_date('01/01/2002','dd/mm/yyyy'),NULL,'Assegni Familiari',NULL,NULL,6,NULL,NULL,NULL,NULL,NULL,NULL);
INSERT INTO estrazione_valori_contabili ( ESTRAZIONE, COLONNA, DAL, AL, DESCRIZIONE, DESCRIZIONE_AL1, DESCRIZIONE_AL2, SEQUENZA, NOTE, MOLTIPLICA, ARROTONDA, DIVIDE, NOTE_AL1, NOTE_AL2) VALUES ('SMT_TAB8A','IIS',to_date('01/01/2002','dd/mm/yyyy'),NULL,'Iis',NULL,NULL,3,NULL,NULL,NULL,NULL,NULL,NULL);
INSERT INTO estrazione_valori_contabili ( ESTRAZIONE, COLONNA, DAL, AL, DESCRIZIONE, DESCRIZIONE_AL1, DESCRIZIONE_AL2, SEQUENZA, NOTE, MOLTIPLICA, ARROTONDA, DIVIDE, NOTE_AL1, NOTE_AL2) VALUES ('SMT_TAB8A','INDENNITA',to_date('01/01/2002','dd/mm/yyyy'),NULL,'Indennita` Fisse e continuative',NULL,NULL,8,NULL,NULL,NULL,NULL,NULL,NULL);
INSERT INTO estrazione_valori_contabili ( ESTRAZIONE, COLONNA, DAL, AL, DESCRIZIONE, DESCRIZIONE_AL1, DESCRIZIONE_AL2, SEQUENZA, NOTE, MOLTIPLICA, ARROTONDA, DIVIDE, NOTE_AL1, NOTE_AL2) VALUES ('SMT_TAB8A','RECUPERI',to_date('01/01/2002','dd/mm/yyyy'),NULL,'Recuperi',NULL,NULL,9,NULL,NULL,NULL,NULL,NULL,NULL);
INSERT INTO estrazione_valori_contabili ( ESTRAZIONE, COLONNA, DAL, AL, DESCRIZIONE, DESCRIZIONE_AL1, DESCRIZIONE_AL2, SEQUENZA, NOTE, MOLTIPLICA, ARROTONDA, DIVIDE, NOTE_AL1, NOTE_AL2) VALUES ('SMT_TAB8A','RIA',to_date('01/01/2002','dd/mm/yyyy'),NULL,'Ria',NULL,NULL,4,NULL,NULL,NULL,NULL,NULL,NULL);
INSERT INTO estrazione_valori_contabili ( ESTRAZIONE, COLONNA, DAL, AL, DESCRIZIONE, DESCRIZIONE_AL1, DESCRIZIONE_AL2, SEQUENZA, NOTE, MOLTIPLICA, ARROTONDA, DIVIDE, NOTE_AL1, NOTE_AL2) VALUES ('SMT_TAB8A','STIPENDI',to_date('01/01/2002','dd/mm/yyyy'),NULL,'Stipendi',NULL,NULL,2,NULL,NULL,NULL,NULL,NULL,NULL);
INSERT INTO estrazione_valori_contabili ( ESTRAZIONE, COLONNA, DAL, AL, DESCRIZIONE, DESCRIZIONE_AL1, DESCRIZIONE_AL2, SEQUENZA, NOTE, MOLTIPLICA, ARROTONDA, DIVIDE, NOTE_AL1, NOTE_AL2) VALUES ('SMT_TAB8A','ARRETRATI',to_date('01/01/2002','dd/mm/yyyy'),NULL,'Arretrati A.C.',NULL,NULL,6,NULL,NULL,NULL,NULL,NULL,NULL);
INSERT INTO estrazione_valori_contabili ( ESTRAZIONE, COLONNA, DAL, AL, DESCRIZIONE, DESCRIZIONE_AL1, DESCRIZIONE_AL2, SEQUENZA, NOTE, MOLTIPLICA, ARROTONDA, DIVIDE, NOTE_AL1, NOTE_AL2) VALUES ('CARTOLARIZZAZIONE','MD',to_date('01/01/2000','dd/mm/yyyy'),NULL,'Pluriennali',NULL,NULL,1,NULL,NULL,NULL,NULL,NULL,NULL);
INSERT INTO estrazione_valori_contabili ( ESTRAZIONE, COLONNA, DAL, AL, DESCRIZIONE, DESCRIZIONE_AL1, DESCRIZIONE_AL2, SEQUENZA, NOTE, MOLTIPLICA, ARROTONDA, DIVIDE, NOTE_AL1, NOTE_AL2) VALUES ('CARTOLARIZZAZIONE','PP',to_date('01/01/2000','dd/mm/yyyy'),NULL,'Piccolo Prestito',NULL,NULL,2,NULL,NULL,NULL,NULL,NULL,NULL);
INSERT INTO estrazione_valori_contabili ( ESTRAZIONE, COLONNA, DAL, AL, DESCRIZIONE, DESCRIZIONE_AL1, DESCRIZIONE_AL2, SEQUENZA, NOTE, MOLTIPLICA, ARROTONDA, DIVIDE, NOTE_AL1, NOTE_AL2) VALUES ('DENUNCIA_INPDAP','IPN_TFR',to_date('01/01/1998','dd/mm/yyyy'),NULL,'Imponibile Contributivo ai fini TFR - casella 102 CUD 2004',NULL,NULL,NULL,NULL,NULL,NULL,NULL,NULL,NULL);
INSERT INTO estrazione_valori_contabili ( ESTRAZIONE, COLONNA, DAL, AL, DESCRIZIONE, DESCRIZIONE_AL1, DESCRIZIONE_AL2, SEQUENZA, NOTE, MOLTIPLICA, ARROTONDA, DIVIDE, NOTE_AL1, NOTE_AL2) VALUES ('SMTTRI','IRAP',to_date('01/01/1940','dd/mm/yyyy'),NULL,'IRAP',NULL,NULL,6,NULL,NULL,NULL,NULL,NULL,NULL);
INSERT INTO estrazione_valori_contabili ( ESTRAZIONE, COLONNA, DAL, AL, DESCRIZIONE, DESCRIZIONE_AL1, DESCRIZIONE_AL2, SEQUENZA, NOTE, MOLTIPLICA, ARROTONDA, DIVIDE, NOTE_AL1, NOTE_AL2) VALUES ('DENUNCIA_DMA','COMP_FISSE',to_date('01/01/1940','dd/mm/yyyy'),to_date('30/04/1991','dd/mm/yyyy'),'Competenze Fisse CPDEL',NULL,NULL,10,NULL,NULL,NULL,NULL,NULL,NULL);
INSERT INTO estrazione_valori_contabili ( ESTRAZIONE, COLONNA, DAL, AL, DESCRIZIONE, DESCRIZIONE_AL1, DESCRIZIONE_AL2, SEQUENZA, NOTE, MOLTIPLICA, ARROTONDA, DIVIDE, NOTE_AL1, NOTE_AL2) VALUES ('DENUNCIA_DMA','COMP_FISSE',to_date('01/05/1991','dd/mm/yyyy'),to_date('31/12/1991','dd/mm/yyyy'),'Competenze Fisse CPDEL',NULL,NULL,10,NULL,NULL,NULL,NULL,NULL,NULL);
INSERT INTO estrazione_valori_contabili ( ESTRAZIONE, COLONNA, DAL, AL, DESCRIZIONE, DESCRIZIONE_AL1, DESCRIZIONE_AL2, SEQUENZA, NOTE, MOLTIPLICA, ARROTONDA, DIVIDE, NOTE_AL1, NOTE_AL2) VALUES ('DENUNCIA_DMA','COMP_FISSE',to_date('01/01/1992','dd/mm/yyyy'),to_date('30/06/1992','dd/mm/yyyy'),'Competenze Fisse CPDEL',NULL,NULL,10,NULL,NULL,NULL,NULL,NULL,NULL);
INSERT INTO estrazione_valori_contabili ( ESTRAZIONE, COLONNA, DAL, AL, DESCRIZIONE, DESCRIZIONE_AL1, DESCRIZIONE_AL2, SEQUENZA, NOTE, MOLTIPLICA, ARROTONDA, DIVIDE, NOTE_AL1, NOTE_AL2) VALUES ('DENUNCIA_DMA','COMP_FISSE',to_date('01/07/1992','dd/mm/yyyy'),to_date('31/12/1992','dd/mm/yyyy'),'Competenze Fisse CPDEL',NULL,NULL,10,NULL,NULL,NULL,NULL,NULL,NULL);
INSERT INTO estrazione_valori_contabili ( ESTRAZIONE, COLONNA, DAL, AL, DESCRIZIONE, DESCRIZIONE_AL1, DESCRIZIONE_AL2, SEQUENZA, NOTE, MOLTIPLICA, ARROTONDA, DIVIDE, NOTE_AL1, NOTE_AL2) VALUES ('DENUNCIA_DMA','COMP_FISSE',to_date('01/01/1993','dd/mm/yyyy'),to_date('30/11/1996','dd/mm/yyyy'),'Competenze Fisse CPDEL',NULL,NULL,10,NULL,NULL,NULL,NULL,NULL,NULL);
INSERT INTO estrazione_valori_contabili ( ESTRAZIONE, COLONNA, DAL, AL, DESCRIZIONE, DESCRIZIONE_AL1, DESCRIZIONE_AL2, SEQUENZA, NOTE, MOLTIPLICA, ARROTONDA, DIVIDE, NOTE_AL1, NOTE_AL2) VALUES ('DENUNCIA_DMA','COMP_FISSE',to_date('01/12/1996','dd/mm/yyyy'),to_date('31/12/1996','dd/mm/yyyy'),'Competenze Fisse CPDEL',NULL,NULL,10,NULL,NULL,NULL,NULL,NULL,NULL);
INSERT INTO estrazione_valori_contabili ( ESTRAZIONE, COLONNA, DAL, AL, DESCRIZIONE, DESCRIZIONE_AL1, DESCRIZIONE_AL2, SEQUENZA, NOTE, MOLTIPLICA, ARROTONDA, DIVIDE, NOTE_AL1, NOTE_AL2) VALUES ('DENUNCIA_DMA','COMP_FISSE',to_date('01/01/1997','dd/mm/yyyy'),NULL,'Competenze Fisse CPDEL',NULL,NULL,10,NULL,NULL,NULL,NULL,NULL,NULL);
INSERT INTO estrazione_valori_contabili ( ESTRAZIONE, COLONNA, DAL, AL, DESCRIZIONE, DESCRIZIONE_AL1, DESCRIZIONE_AL2, SEQUENZA, NOTE, MOLTIPLICA, ARROTONDA, DIVIDE, NOTE_AL1, NOTE_AL2) VALUES ('DENUNCIA_DMA','COMP_ACCESSORIE',to_date('01/01/1996','dd/mm/yyyy'),to_date('30/11/1996','dd/mm/yyyy'),'Competenze Accessorie CPDEL',NULL,NULL,15,NULL,NULL,NULL,NULL,NULL,NULL);
INSERT INTO estrazione_valori_contabili ( ESTRAZIONE, COLONNA, DAL, AL, DESCRIZIONE, DESCRIZIONE_AL1, DESCRIZIONE_AL2, SEQUENZA, NOTE, MOLTIPLICA, ARROTONDA, DIVIDE, NOTE_AL1, NOTE_AL2) VALUES ('DENUNCIA_DMA','COMP_ACCESSORIE',to_date('01/12/1996','dd/mm/yyyy'),to_date('31/12/1996','dd/mm/yyyy'),'Competenze Accessorie CPDEL',NULL,NULL,15,NULL,NULL,NULL,NULL,NULL,NULL);
INSERT INTO estrazione_valori_contabili ( ESTRAZIONE, COLONNA, DAL, AL, DESCRIZIONE, DESCRIZIONE_AL1, DESCRIZIONE_AL2, SEQUENZA, NOTE, MOLTIPLICA, ARROTONDA, DIVIDE, NOTE_AL1, NOTE_AL2) VALUES ('DENUNCIA_DMA','COMP_ACCESSORIE',to_date('01/01/1997','dd/mm/yyyy'),NULL,'Competenze Accessorie CPDEL',NULL,NULL,15,NULL,NULL,NULL,NULL,NULL,NULL);
INSERT INTO estrazione_valori_contabili ( ESTRAZIONE, COLONNA, DAL, AL, DESCRIZIONE, DESCRIZIONE_AL1, DESCRIZIONE_AL2, SEQUENZA, NOTE, MOLTIPLICA, ARROTONDA, DIVIDE, NOTE_AL1, NOTE_AL2) VALUES ('DENUNCIA_DMA','COMP_18',to_date('01/01/1940','dd/mm/yyyy'),to_date('30/04/1991','dd/mm/yyyy'),'Retribuzione di Base per il 18%',NULL,NULL,20,NULL,NULL,NULL,NULL,NULL,NULL);
INSERT INTO estrazione_valori_contabili ( ESTRAZIONE, COLONNA, DAL, AL, DESCRIZIONE, DESCRIZIONE_AL1, DESCRIZIONE_AL2, SEQUENZA, NOTE, MOLTIPLICA, ARROTONDA, DIVIDE, NOTE_AL1, NOTE_AL2) VALUES ('DENUNCIA_DMA','COMP_18',to_date('01/05/1991','dd/mm/yyyy'),to_date('31/12/1991','dd/mm/yyyy'),'Retribuzione di Base per il 18%',NULL,NULL,20,NULL,NULL,NULL,NULL,NULL,NULL);
INSERT INTO estrazione_valori_contabili ( ESTRAZIONE, COLONNA, DAL, AL, DESCRIZIONE, DESCRIZIONE_AL1, DESCRIZIONE_AL2, SEQUENZA, NOTE, MOLTIPLICA, ARROTONDA, DIVIDE, NOTE_AL1, NOTE_AL2) VALUES ('DENUNCIA_DMA','COMP_18',to_date('01/01/1992','dd/mm/yyyy'),to_date('30/06/1992','dd/mm/yyyy'),'Retribuzione di Base per il 18%',NULL,NULL,20,NULL,NULL,NULL,NULL,NULL,NULL);
INSERT INTO estrazione_valori_contabili ( ESTRAZIONE, COLONNA, DAL, AL, DESCRIZIONE, DESCRIZIONE_AL1, DESCRIZIONE_AL2, SEQUENZA, NOTE, MOLTIPLICA, ARROTONDA, DIVIDE, NOTE_AL1, NOTE_AL2) VALUES ('DENUNCIA_DMA','COMP_18',to_date('01/07/1992','dd/mm/yyyy'),to_date('31/12/1992','dd/mm/yyyy'),'Retribuzione di Base per il 18%',NULL,NULL,20,NULL,NULL,NULL,NULL,NULL,NULL);
INSERT INTO estrazione_valori_contabili ( ESTRAZIONE, COLONNA, DAL, AL, DESCRIZIONE, DESCRIZIONE_AL1, DESCRIZIONE_AL2, SEQUENZA, NOTE, MOLTIPLICA, ARROTONDA, DIVIDE, NOTE_AL1, NOTE_AL2) VALUES ('DENUNCIA_DMA','COMP_18',to_date('01/01/1993','dd/mm/yyyy'),to_date('30/11/1996','dd/mm/yyyy'),'Retribuzione di Base per il 18%',NULL,NULL,20,NULL,NULL,NULL,NULL,NULL,NULL);
INSERT INTO estrazione_valori_contabili ( ESTRAZIONE, COLONNA, DAL, AL, DESCRIZIONE, DESCRIZIONE_AL1, DESCRIZIONE_AL2, SEQUENZA, NOTE, MOLTIPLICA, ARROTONDA, DIVIDE, NOTE_AL1, NOTE_AL2) VALUES ('DENUNCIA_DMA','COMP_18',to_date('01/12/1996','dd/mm/yyyy'),to_date('31/12/1996','dd/mm/yyyy'),'Retribuzione di Base per il 18%',NULL,NULL,20,NULL,NULL,NULL,NULL,NULL,NULL);
INSERT INTO estrazione_valori_contabili ( ESTRAZIONE, COLONNA, DAL, AL, DESCRIZIONE, DESCRIZIONE_AL1, DESCRIZIONE_AL2, SEQUENZA, NOTE, MOLTIPLICA, ARROTONDA, DIVIDE, NOTE_AL1, NOTE_AL2) VALUES ('DENUNCIA_DMA','COMP_18',to_date('01/01/1997','dd/mm/yyyy'),NULL,'Retribuzione di Base per il 18%',NULL,NULL,20,NULL,NULL,NULL,NULL,NULL,NULL);
INSERT INTO estrazione_valori_contabili ( ESTRAZIONE, COLONNA, DAL, AL, DESCRIZIONE, DESCRIZIONE_AL1, DESCRIZIONE_AL2, SEQUENZA, NOTE, MOLTIPLICA, ARROTONDA, DIVIDE, NOTE_AL1, NOTE_AL2) VALUES ('DENUNCIA_DMA','IND_NON_A',to_date('01/01/1940','dd/mm/yyyy'),to_date('30/04/1991','dd/mm/yyyy'),'Indennita non annualizzabili',NULL,NULL,25,NULL,NULL,NULL,NULL,NULL,NULL);
INSERT INTO estrazione_valori_contabili ( ESTRAZIONE, COLONNA, DAL, AL, DESCRIZIONE, DESCRIZIONE_AL1, DESCRIZIONE_AL2, SEQUENZA, NOTE, MOLTIPLICA, ARROTONDA, DIVIDE, NOTE_AL1, NOTE_AL2) VALUES ('DENUNCIA_DMA','IND_NON_A',to_date('01/05/1991','dd/mm/yyyy'),to_date('31/12/1991','dd/mm/yyyy'),'Indennita non annualizzabili',NULL,NULL,25,NULL,NULL,NULL,NULL,NULL,NULL);
INSERT INTO estrazione_valori_contabili ( ESTRAZIONE, COLONNA, DAL, AL, DESCRIZIONE, DESCRIZIONE_AL1, DESCRIZIONE_AL2, SEQUENZA, NOTE, MOLTIPLICA, ARROTONDA, DIVIDE, NOTE_AL1, NOTE_AL2) VALUES ('DENUNCIA_DMA','IND_NON_A',to_date('01/01/1992','dd/mm/yyyy'),to_date('30/06/1992','dd/mm/yyyy'),'Indennita non annualizzabili',NULL,NULL,25,NULL,NULL,NULL,NULL,NULL,NULL);
INSERT INTO estrazione_valori_contabili ( ESTRAZIONE, COLONNA, DAL, AL, DESCRIZIONE, DESCRIZIONE_AL1, DESCRIZIONE_AL2, SEQUENZA, NOTE, MOLTIPLICA, ARROTONDA, DIVIDE, NOTE_AL1, NOTE_AL2) VALUES ('DENUNCIA_DMA','IND_NON_A',to_date('01/07/1992','dd/mm/yyyy'),to_date('31/12/1992','dd/mm/yyyy'),'Indennita non annualizzabili',NULL,NULL,25,NULL,NULL,NULL,NULL,NULL,NULL);
INSERT INTO estrazione_valori_contabili ( ESTRAZIONE, COLONNA, DAL, AL, DESCRIZIONE, DESCRIZIONE_AL1, DESCRIZIONE_AL2, SEQUENZA, NOTE, MOLTIPLICA, ARROTONDA, DIVIDE, NOTE_AL1, NOTE_AL2) VALUES ('DENUNCIA_DMA','IND_NON_A',to_date('01/01/1993','dd/mm/yyyy'),to_date('30/11/1996','dd/mm/yyyy'),'Indennita non annualizzabili',NULL,NULL,25,NULL,NULL,NULL,NULL,NULL,NULL);
INSERT INTO estrazione_valori_contabili ( ESTRAZIONE, COLONNA, DAL, AL, DESCRIZIONE, DESCRIZIONE_AL1, DESCRIZIONE_AL2, SEQUENZA, NOTE, MOLTIPLICA, ARROTONDA, DIVIDE, NOTE_AL1, NOTE_AL2) VALUES ('DENUNCIA_DMA','IND_NON_A',to_date('01/12/1996','dd/mm/yyyy'),to_date('31/12/1996','dd/mm/yyyy'),'Indennita non annualizzabili',NULL,NULL,25,NULL,NULL,NULL,NULL,NULL,NULL);
INSERT INTO estrazione_valori_contabili ( ESTRAZIONE, COLONNA, DAL, AL, DESCRIZIONE, DESCRIZIONE_AL1, DESCRIZIONE_AL2, SEQUENZA, NOTE, MOLTIPLICA, ARROTONDA, DIVIDE, NOTE_AL1, NOTE_AL2) VALUES ('DENUNCIA_DMA','IND_NON_A',to_date('01/01/1997','dd/mm/yyyy'),NULL,'Indennita non annualizzabili',NULL,NULL,25,NULL,NULL,NULL,NULL,NULL,NULL);
INSERT INTO estrazione_valori_contabili ( ESTRAZIONE, COLONNA, DAL, AL, DESCRIZIONE, DESCRIZIONE_AL1, DESCRIZIONE_AL2, SEQUENZA, NOTE, MOLTIPLICA, ARROTONDA, DIVIDE, NOTE_AL1, NOTE_AL2) VALUES ('DENUNCIA_DMA','IIS_CONGLOBATA',to_date('01/01/1940','dd/mm/yyyy'),to_date('30/04/1991','dd/mm/yyyy'),'Iis. Conglobata',NULL,NULL,30,NULL,NULL,NULL,NULL,NULL,NULL);
INSERT INTO estrazione_valori_contabili ( ESTRAZIONE, COLONNA, DAL, AL, DESCRIZIONE, DESCRIZIONE_AL1, DESCRIZIONE_AL2, SEQUENZA, NOTE, MOLTIPLICA, ARROTONDA, DIVIDE, NOTE_AL1, NOTE_AL2) VALUES ('DENUNCIA_DMA','IIS_CONGLOBATA',to_date('01/05/1991','dd/mm/yyyy'),to_date('31/12/1991','dd/mm/yyyy'),'Iis. Conglobata',NULL,NULL,30,NULL,NULL,NULL,NULL,NULL,NULL);
INSERT INTO estrazione_valori_contabili ( ESTRAZIONE, COLONNA, DAL, AL, DESCRIZIONE, DESCRIZIONE_AL1, DESCRIZIONE_AL2, SEQUENZA, NOTE, MOLTIPLICA, ARROTONDA, DIVIDE, NOTE_AL1, NOTE_AL2) VALUES ('DENUNCIA_DMA','IIS_CONGLOBATA',to_date('01/01/1992','dd/mm/yyyy'),to_date('30/06/1992','dd/mm/yyyy'),'Iis. Conglobata',NULL,NULL,30,NULL,NULL,NULL,NULL,NULL,NULL);
INSERT INTO estrazione_valori_contabili ( ESTRAZIONE, COLONNA, DAL, AL, DESCRIZIONE, DESCRIZIONE_AL1, DESCRIZIONE_AL2, SEQUENZA, NOTE, MOLTIPLICA, ARROTONDA, DIVIDE, NOTE_AL1, NOTE_AL2) VALUES ('DENUNCIA_DMA','IIS_CONGLOBATA',to_date('01/07/1992','dd/mm/yyyy'),to_date('31/12/1992','dd/mm/yyyy'),'Iis. Conglobata',NULL,NULL,30,NULL,NULL,NULL,NULL,NULL,NULL);
INSERT INTO estrazione_valori_contabili ( ESTRAZIONE, COLONNA, DAL, AL, DESCRIZIONE, DESCRIZIONE_AL1, DESCRIZIONE_AL2, SEQUENZA, NOTE, MOLTIPLICA, ARROTONDA, DIVIDE, NOTE_AL1, NOTE_AL2) VALUES ('DENUNCIA_DMA','IIS_CONGLOBATA',to_date('01/01/1993','dd/mm/yyyy'),to_date('30/11/1996','dd/mm/yyyy'),'Iis. Conglobata',NULL,NULL,30,NULL,NULL,NULL,NULL,NULL,NULL);
INSERT INTO estrazione_valori_contabili ( ESTRAZIONE, COLONNA, DAL, AL, DESCRIZIONE, DESCRIZIONE_AL1, DESCRIZIONE_AL2, SEQUENZA, NOTE, MOLTIPLICA, ARROTONDA, DIVIDE, NOTE_AL1, NOTE_AL2) VALUES ('DENUNCIA_DMA','IIS_CONGLOBATA',to_date('01/12/1996','dd/mm/yyyy'),to_date('31/12/1996','dd/mm/yyyy'),'Iis. Conglobata',NULL,NULL,30,NULL,NULL,NULL,NULL,NULL,NULL);
INSERT INTO estrazione_valori_contabili ( ESTRAZIONE, COLONNA, DAL, AL, DESCRIZIONE, DESCRIZIONE_AL1, DESCRIZIONE_AL2, SEQUENZA, NOTE, MOLTIPLICA, ARROTONDA, DIVIDE, NOTE_AL1, NOTE_AL2) VALUES ('DENUNCIA_DMA','IIS_CONGLOBATA',to_date('01/01/1997','dd/mm/yyyy'),NULL,'Iis. Conglobata',NULL,NULL,30,NULL,NULL,NULL,NULL,NULL,NULL);
INSERT INTO estrazione_valori_contabili ( ESTRAZIONE, COLONNA, DAL, AL, DESCRIZIONE, DESCRIZIONE_AL1, DESCRIZIONE_AL2, SEQUENZA, NOTE, MOLTIPLICA, ARROTONDA, DIVIDE, NOTE_AL1, NOTE_AL2) VALUES ('DENUNCIA_DMA','IPN_PENS',to_date('01/01/1940','dd/mm/yyyy'),to_date('30/04/1991','dd/mm/yyyy'),'Imponibile Pensionabile del Periodo',NULL,NULL,35,NULL,NULL,NULL,NULL,NULL,NULL);
INSERT INTO estrazione_valori_contabili ( ESTRAZIONE, COLONNA, DAL, AL, DESCRIZIONE, DESCRIZIONE_AL1, DESCRIZIONE_AL2, SEQUENZA, NOTE, MOLTIPLICA, ARROTONDA, DIVIDE, NOTE_AL1, NOTE_AL2) VALUES ('DENUNCIA_DMA','IPN_PENS',to_date('01/05/1991','dd/mm/yyyy'),to_date('31/12/1991','dd/mm/yyyy'),'Imponibile Pensionabile del Periodo',NULL,NULL,35,NULL,NULL,NULL,NULL,NULL,NULL);
INSERT INTO estrazione_valori_contabili ( ESTRAZIONE, COLONNA, DAL, AL, DESCRIZIONE, DESCRIZIONE_AL1, DESCRIZIONE_AL2, SEQUENZA, NOTE, MOLTIPLICA, ARROTONDA, DIVIDE, NOTE_AL1, NOTE_AL2) VALUES ('DENUNCIA_DMA','IPN_PENS',to_date('01/01/1992','dd/mm/yyyy'),to_date('30/06/1992','dd/mm/yyyy'),'Imponibile Pensionabile del Periodo',NULL,NULL,35,NULL,NULL,NULL,NULL,NULL,NULL);
INSERT INTO estrazione_valori_contabili ( ESTRAZIONE, COLONNA, DAL, AL, DESCRIZIONE, DESCRIZIONE_AL1, DESCRIZIONE_AL2, SEQUENZA, NOTE, MOLTIPLICA, ARROTONDA, DIVIDE, NOTE_AL1, NOTE_AL2) VALUES ('DENUNCIA_DMA','IPN_PENS',to_date('01/07/1992','dd/mm/yyyy'),to_date('31/12/1992','dd/mm/yyyy'),'Imponibile Pensionabile del Periodo',NULL,NULL,35,NULL,NULL,NULL,NULL,NULL,NULL);
INSERT INTO estrazione_valori_contabili ( ESTRAZIONE, COLONNA, DAL, AL, DESCRIZIONE, DESCRIZIONE_AL1, DESCRIZIONE_AL2, SEQUENZA, NOTE, MOLTIPLICA, ARROTONDA, DIVIDE, NOTE_AL1, NOTE_AL2) VALUES ('DENUNCIA_DMA','IPN_PENS',to_date('01/01/1993','dd/mm/yyyy'),to_date('30/11/1996','dd/mm/yyyy'),'Imponibile Pensionabile del Periodo',NULL,NULL,35,NULL,NULL,NULL,NULL,NULL,NULL);
INSERT INTO estrazione_valori_contabili ( ESTRAZIONE, COLONNA, DAL, AL, DESCRIZIONE, DESCRIZIONE_AL1, DESCRIZIONE_AL2, SEQUENZA, NOTE, MOLTIPLICA, ARROTONDA, DIVIDE, NOTE_AL1, NOTE_AL2) VALUES ('DENUNCIA_DMA','IPN_PENS',to_date('01/12/1996','dd/mm/yyyy'),to_date('31/12/1996','dd/mm/yyyy'),'Imponibile Pensionabile del Periodo',NULL,NULL,35,NULL,NULL,NULL,NULL,NULL,NULL);
INSERT INTO estrazione_valori_contabili ( ESTRAZIONE, COLONNA, DAL, AL, DESCRIZIONE, DESCRIZIONE_AL1, DESCRIZIONE_AL2, SEQUENZA, NOTE, MOLTIPLICA, ARROTONDA, DIVIDE, NOTE_AL1, NOTE_AL2) VALUES ('DENUNCIA_DMA','IPN_PENS',to_date('01/01/1997','dd/mm/yyyy'),NULL,'Imponibile Pensionabile del Periodo',NULL,NULL,35,NULL,NULL,NULL,NULL,NULL,NULL);
INSERT INTO estrazione_valori_contabili ( ESTRAZIONE, COLONNA, DAL, AL, DESCRIZIONE, DESCRIZIONE_AL1, DESCRIZIONE_AL2, SEQUENZA, NOTE, MOLTIPLICA, ARROTONDA, DIVIDE, NOTE_AL1, NOTE_AL2) VALUES ('DENUNCIA_DMA','CONTR_PENS',to_date('01/01/1940','dd/mm/yyyy'),to_date('30/04/1991','dd/mm/yyyy'),'Contributo Pensionabile del Periodo',NULL,NULL,40,NULL,NULL,NULL,NULL,NULL,NULL);
INSERT INTO estrazione_valori_contabili ( ESTRAZIONE, COLONNA, DAL, AL, DESCRIZIONE, DESCRIZIONE_AL1, DESCRIZIONE_AL2, SEQUENZA, NOTE, MOLTIPLICA, ARROTONDA, DIVIDE, NOTE_AL1, NOTE_AL2) VALUES ('DENUNCIA_DMA','CONTR_PENS',to_date('01/05/1991','dd/mm/yyyy'),to_date('31/12/1991','dd/mm/yyyy'),'Contributo Pensionabile del Periodo',NULL,NULL,40,NULL,NULL,NULL,NULL,NULL,NULL);
INSERT INTO estrazione_valori_contabili ( ESTRAZIONE, COLONNA, DAL, AL, DESCRIZIONE, DESCRIZIONE_AL1, DESCRIZIONE_AL2, SEQUENZA, NOTE, MOLTIPLICA, ARROTONDA, DIVIDE, NOTE_AL1, NOTE_AL2) VALUES ('DENUNCIA_DMA','CONTR_PENS',to_date('01/01/1992','dd/mm/yyyy'),to_date('30/06/1992','dd/mm/yyyy'),'Contributo Pensionabile del Periodo',NULL,NULL,40,NULL,NULL,NULL,NULL,NULL,NULL);
INSERT INTO estrazione_valori_contabili ( ESTRAZIONE, COLONNA, DAL, AL, DESCRIZIONE, DESCRIZIONE_AL1, DESCRIZIONE_AL2, SEQUENZA, NOTE, MOLTIPLICA, ARROTONDA, DIVIDE, NOTE_AL1, NOTE_AL2) VALUES ('DENUNCIA_DMA','CONTR_PENS',to_date('01/07/1992','dd/mm/yyyy'),to_date('31/12/1992','dd/mm/yyyy'),'Contributo Pensionabile del Periodo',NULL,NULL,40,NULL,NULL,NULL,NULL,NULL,NULL);
INSERT INTO estrazione_valori_contabili ( ESTRAZIONE, COLONNA, DAL, AL, DESCRIZIONE, DESCRIZIONE_AL1, DESCRIZIONE_AL2, SEQUENZA, NOTE, MOLTIPLICA, ARROTONDA, DIVIDE, NOTE_AL1, NOTE_AL2) VALUES ('DENUNCIA_DMA','CONTR_PENS',to_date('01/01/1993','dd/mm/yyyy'),to_date('30/11/1996','dd/mm/yyyy'),'Contributo Pensionabile del Periodo',NULL,NULL,40,NULL,NULL,NULL,NULL,NULL,NULL);
INSERT INTO estrazione_valori_contabili ( ESTRAZIONE, COLONNA, DAL, AL, DESCRIZIONE, DESCRIZIONE_AL1, DESCRIZIONE_AL2, SEQUENZA, NOTE, MOLTIPLICA, ARROTONDA, DIVIDE, NOTE_AL1, NOTE_AL2) VALUES ('DENUNCIA_DMA','CONTR_PENS',to_date('01/12/1996','dd/mm/yyyy'),to_date('31/12/1996','dd/mm/yyyy'),'Contributo Pensionabile del Periodo',NULL,NULL,40,NULL,NULL,NULL,NULL,NULL,NULL);
INSERT INTO estrazione_valori_contabili ( ESTRAZIONE, COLONNA, DAL, AL, DESCRIZIONE, DESCRIZIONE_AL1, DESCRIZIONE_AL2, SEQUENZA, NOTE, MOLTIPLICA, ARROTONDA, DIVIDE, NOTE_AL1, NOTE_AL2) VALUES ('DENUNCIA_DMA','CONTR_PENS',to_date('01/01/1997','dd/mm/yyyy'),NULL,'Contributo Pensionabile del Periodo',NULL,NULL,40,NULL,NULL,NULL,NULL,NULL,NULL);
INSERT INTO estrazione_valori_contabili ( ESTRAZIONE, COLONNA, DAL, AL, DESCRIZIONE, DESCRIZIONE_AL1, DESCRIZIONE_AL2, SEQUENZA, NOTE, MOLTIPLICA, ARROTONDA, DIVIDE, NOTE_AL1, NOTE_AL2) VALUES ('DENUNCIA_DMA','CONTR_AGG',to_date('01/01/1940','dd/mm/yyyy'),to_date('30/04/1991','dd/mm/yyyy'),'Contributo Aggiuntivo 1%',NULL,NULL,45,NULL,NULL,NULL,NULL,NULL,NULL);
INSERT INTO estrazione_valori_contabili ( ESTRAZIONE, COLONNA, DAL, AL, DESCRIZIONE, DESCRIZIONE_AL1, DESCRIZIONE_AL2, SEQUENZA, NOTE, MOLTIPLICA, ARROTONDA, DIVIDE, NOTE_AL1, NOTE_AL2) VALUES ('DENUNCIA_DMA','CONTR_AGG',to_date('01/05/1991','dd/mm/yyyy'),to_date('31/12/1991','dd/mm/yyyy'),'Contributo Aggiuntivo 1%',NULL,NULL,45,NULL,NULL,NULL,NULL,NULL,NULL);
INSERT INTO estrazione_valori_contabili ( ESTRAZIONE, COLONNA, DAL, AL, DESCRIZIONE, DESCRIZIONE_AL1, DESCRIZIONE_AL2, SEQUENZA, NOTE, MOLTIPLICA, ARROTONDA, DIVIDE, NOTE_AL1, NOTE_AL2) VALUES ('DENUNCIA_DMA','CONTR_AGG',to_date('01/01/1992','dd/mm/yyyy'),to_date('30/06/1992','dd/mm/yyyy'),'Contributo Aggiuntivo 1%',NULL,NULL,45,NULL,NULL,NULL,NULL,NULL,NULL);
INSERT INTO estrazione_valori_contabili ( ESTRAZIONE, COLONNA, DAL, AL, DESCRIZIONE, DESCRIZIONE_AL1, DESCRIZIONE_AL2, SEQUENZA, NOTE, MOLTIPLICA, ARROTONDA, DIVIDE, NOTE_AL1, NOTE_AL2) VALUES ('DENUNCIA_DMA','CONTR_AGG',to_date('01/07/1992','dd/mm/yyyy'),to_date('31/12/1992','dd/mm/yyyy'),'Contributo Aggiuntivo 1%',NULL,NULL,45,NULL,NULL,NULL,NULL,NULL,NULL);
INSERT INTO estrazione_valori_contabili ( ESTRAZIONE, COLONNA, DAL, AL, DESCRIZIONE, DESCRIZIONE_AL1, DESCRIZIONE_AL2, SEQUENZA, NOTE, MOLTIPLICA, ARROTONDA, DIVIDE, NOTE_AL1, NOTE_AL2) VALUES ('DENUNCIA_DMA','CONTR_AGG',to_date('01/01/1993','dd/mm/yyyy'),to_date('30/11/1996','dd/mm/yyyy'),'Contributo Aggiuntivo 1%',NULL,NULL,45,NULL,NULL,NULL,NULL,NULL,NULL);
INSERT INTO estrazione_valori_contabili ( ESTRAZIONE, COLONNA, DAL, AL, DESCRIZIONE, DESCRIZIONE_AL1, DESCRIZIONE_AL2, SEQUENZA, NOTE, MOLTIPLICA, ARROTONDA, DIVIDE, NOTE_AL1, NOTE_AL2) VALUES ('DENUNCIA_DMA','CONTR_AGG',to_date('01/12/1996','dd/mm/yyyy'),to_date('31/12/1996','dd/mm/yyyy'),'Contributo Aggiuntivo 1%',NULL,NULL,45,NULL,NULL,NULL,NULL,NULL,NULL);
INSERT INTO estrazione_valori_contabili ( ESTRAZIONE, COLONNA, DAL, AL, DESCRIZIONE, DESCRIZIONE_AL1, DESCRIZIONE_AL2, SEQUENZA, NOTE, MOLTIPLICA, ARROTONDA, DIVIDE, NOTE_AL1, NOTE_AL2) VALUES ('DENUNCIA_DMA','CONTR_AGG',to_date('01/01/1997','dd/mm/yyyy'),NULL,'Contributo Aggiuntivo 1%',NULL,NULL,45,NULL,NULL,NULL,NULL,NULL,NULL);
INSERT INTO estrazione_valori_contabili ( ESTRAZIONE, COLONNA, DAL, AL, DESCRIZIONE, DESCRIZIONE_AL1, DESCRIZIONE_AL2, SEQUENZA, NOTE, MOLTIPLICA, ARROTONDA, DIVIDE, NOTE_AL1, NOTE_AL2) VALUES ('DENUNCIA_DMA','IPN_TFS',to_date('01/01/1940','dd/mm/yyyy'),to_date('30/04/1991','dd/mm/yyyy'),'Competenze INADEL',NULL,NULL,50,NULL,NULL,NULL,NULL,NULL,NULL);
INSERT INTO estrazione_valori_contabili ( ESTRAZIONE, COLONNA, DAL, AL, DESCRIZIONE, DESCRIZIONE_AL1, DESCRIZIONE_AL2, SEQUENZA, NOTE, MOLTIPLICA, ARROTONDA, DIVIDE, NOTE_AL1, NOTE_AL2) VALUES ('DENUNCIA_DMA','IPN_TFS',to_date('01/05/1991','dd/mm/yyyy'),to_date('31/12/1991','dd/mm/yyyy'),'Competenze INADEL',NULL,NULL,50,NULL,NULL,NULL,NULL,NULL,NULL);
INSERT INTO estrazione_valori_contabili ( ESTRAZIONE, COLONNA, DAL, AL, DESCRIZIONE, DESCRIZIONE_AL1, DESCRIZIONE_AL2, SEQUENZA, NOTE, MOLTIPLICA, ARROTONDA, DIVIDE, NOTE_AL1, NOTE_AL2) VALUES ('DENUNCIA_DMA','IPN_TFS',to_date('01/01/1992','dd/mm/yyyy'),to_date('30/06/1992','dd/mm/yyyy'),'Competenze INADEL',NULL,NULL,50,NULL,NULL,NULL,NULL,NULL,NULL);
INSERT INTO estrazione_valori_contabili ( ESTRAZIONE, COLONNA, DAL, AL, DESCRIZIONE, DESCRIZIONE_AL1, DESCRIZIONE_AL2, SEQUENZA, NOTE, MOLTIPLICA, ARROTONDA, DIVIDE, NOTE_AL1, NOTE_AL2) VALUES ('DENUNCIA_DMA','IPN_TFS',to_date('01/07/1992','dd/mm/yyyy'),to_date('31/12/1992','dd/mm/yyyy'),'Competenze INADEL',NULL,NULL,50,NULL,NULL,NULL,NULL,NULL,NULL);
INSERT INTO estrazione_valori_contabili ( ESTRAZIONE, COLONNA, DAL, AL, DESCRIZIONE, DESCRIZIONE_AL1, DESCRIZIONE_AL2, SEQUENZA, NOTE, MOLTIPLICA, ARROTONDA, DIVIDE, NOTE_AL1, NOTE_AL2) VALUES ('DENUNCIA_DMA','IPN_TFS',to_date('01/01/1993','dd/mm/yyyy'),to_date('30/11/1996','dd/mm/yyyy'),'Competenze INADEL',NULL,NULL,50,NULL,NULL,NULL,NULL,NULL,NULL);
INSERT INTO estrazione_valori_contabili ( ESTRAZIONE, COLONNA, DAL, AL, DESCRIZIONE, DESCRIZIONE_AL1, DESCRIZIONE_AL2, SEQUENZA, NOTE, MOLTIPLICA, ARROTONDA, DIVIDE, NOTE_AL1, NOTE_AL2) VALUES ('DENUNCIA_DMA','IPN_TFS',to_date('01/12/1996','dd/mm/yyyy'),to_date('31/12/1996','dd/mm/yyyy'),'Competenze INADEL',NULL,NULL,50,NULL,NULL,NULL,NULL,NULL,NULL);
INSERT INTO estrazione_valori_contabili ( ESTRAZIONE, COLONNA, DAL, AL, DESCRIZIONE, DESCRIZIONE_AL1, DESCRIZIONE_AL2, SEQUENZA, NOTE, MOLTIPLICA, ARROTONDA, DIVIDE, NOTE_AL1, NOTE_AL2) VALUES ('DENUNCIA_DMA','IPN_TFS',to_date('01/01/1997','dd/mm/yyyy'),NULL,'Competenze INADEL',NULL,NULL,50,NULL,NULL,NULL,NULL,NULL,NULL);
INSERT INTO estrazione_valori_contabili ( ESTRAZIONE, COLONNA, DAL, AL, DESCRIZIONE, DESCRIZIONE_AL1, DESCRIZIONE_AL2, SEQUENZA, NOTE, MOLTIPLICA, ARROTONDA, DIVIDE, NOTE_AL1, NOTE_AL2) VALUES ('DENUNCIA_DMA','CONTR_TFS',to_date('01/01/1940','dd/mm/yyyy'),to_date('30/04/1991','dd/mm/yyyy'),'Contributi INADEL',NULL,NULL,55,NULL,NULL,NULL,NULL,NULL,NULL);
INSERT INTO estrazione_valori_contabili ( ESTRAZIONE, COLONNA, DAL, AL, DESCRIZIONE, DESCRIZIONE_AL1, DESCRIZIONE_AL2, SEQUENZA, NOTE, MOLTIPLICA, ARROTONDA, DIVIDE, NOTE_AL1, NOTE_AL2) VALUES ('DENUNCIA_DMA','CONTR_TFS',to_date('01/05/1991','dd/mm/yyyy'),to_date('31/12/1991','dd/mm/yyyy'),'Contributi INADEL',NULL,NULL,55,NULL,NULL,NULL,NULL,NULL,NULL);
INSERT INTO estrazione_valori_contabili ( ESTRAZIONE, COLONNA, DAL, AL, DESCRIZIONE, DESCRIZIONE_AL1, DESCRIZIONE_AL2, SEQUENZA, NOTE, MOLTIPLICA, ARROTONDA, DIVIDE, NOTE_AL1, NOTE_AL2) VALUES ('DENUNCIA_DMA','CONTR_TFS',to_date('01/01/1992','dd/mm/yyyy'),to_date('30/06/1992','dd/mm/yyyy'),'Contributi INADEL',NULL,NULL,55,NULL,NULL,NULL,NULL,NULL,NULL);
INSERT INTO estrazione_valori_contabili ( ESTRAZIONE, COLONNA, DAL, AL, DESCRIZIONE, DESCRIZIONE_AL1, DESCRIZIONE_AL2, SEQUENZA, NOTE, MOLTIPLICA, ARROTONDA, DIVIDE, NOTE_AL1, NOTE_AL2) VALUES ('DENUNCIA_DMA','CONTR_TFS',to_date('01/07/1992','dd/mm/yyyy'),to_date('31/12/1992','dd/mm/yyyy'),'Contributi INADEL',NULL,NULL,55,NULL,NULL,NULL,NULL,NULL,NULL);
INSERT INTO estrazione_valori_contabili ( ESTRAZIONE, COLONNA, DAL, AL, DESCRIZIONE, DESCRIZIONE_AL1, DESCRIZIONE_AL2, SEQUENZA, NOTE, MOLTIPLICA, ARROTONDA, DIVIDE, NOTE_AL1, NOTE_AL2) VALUES ('DENUNCIA_DMA','CONTR_TFS',to_date('01/01/1993','dd/mm/yyyy'),to_date('30/11/1996','dd/mm/yyyy'),'Contributi INADEL',NULL,NULL,55,NULL,NULL,NULL,NULL,NULL,NULL);
INSERT INTO estrazione_valori_contabili ( ESTRAZIONE, COLONNA, DAL, AL, DESCRIZIONE, DESCRIZIONE_AL1, DESCRIZIONE_AL2, SEQUENZA, NOTE, MOLTIPLICA, ARROTONDA, DIVIDE, NOTE_AL1, NOTE_AL2) VALUES ('DENUNCIA_DMA','CONTR_TFS',to_date('01/12/1996','dd/mm/yyyy'),to_date('31/12/1996','dd/mm/yyyy'),'Contributi INADEL',NULL,NULL,55,NULL,NULL,NULL,NULL,NULL,NULL);
INSERT INTO estrazione_valori_contabili ( ESTRAZIONE, COLONNA, DAL, AL, DESCRIZIONE, DESCRIZIONE_AL1, DESCRIZIONE_AL2, SEQUENZA, NOTE, MOLTIPLICA, ARROTONDA, DIVIDE, NOTE_AL1, NOTE_AL2) VALUES ('DENUNCIA_DMA','CONTR_TFS',to_date('01/01/1997','dd/mm/yyyy'),NULL,'Contributi INADEL',NULL,NULL,55,NULL,NULL,NULL,NULL,NULL,NULL);
INSERT INTO estrazione_valori_contabili ( ESTRAZIONE, COLONNA, DAL, AL, DESCRIZIONE, DESCRIZIONE_AL1, DESCRIZIONE_AL2, SEQUENZA, NOTE, MOLTIPLICA, ARROTONDA, DIVIDE, NOTE_AL1, NOTE_AL2) VALUES ('DENUNCIA_DMA','IPN_TFR',to_date('01/01/1940','dd/mm/yyyy'),to_date('30/04/1991','dd/mm/yyyy'),'Imponibile TFR',NULL,NULL,60,NULL,NULL,NULL,NULL,NULL,NULL);
INSERT INTO estrazione_valori_contabili ( ESTRAZIONE, COLONNA, DAL, AL, DESCRIZIONE, DESCRIZIONE_AL1, DESCRIZIONE_AL2, SEQUENZA, NOTE, MOLTIPLICA, ARROTONDA, DIVIDE, NOTE_AL1, NOTE_AL2) VALUES ('DENUNCIA_DMA','IPN_TFR',to_date('01/05/1991','dd/mm/yyyy'),to_date('31/12/1991','dd/mm/yyyy'),'Imponibile TFR',NULL,NULL,60,NULL,NULL,NULL,NULL,NULL,NULL);
INSERT INTO estrazione_valori_contabili ( ESTRAZIONE, COLONNA, DAL, AL, DESCRIZIONE, DESCRIZIONE_AL1, DESCRIZIONE_AL2, SEQUENZA, NOTE, MOLTIPLICA, ARROTONDA, DIVIDE, NOTE_AL1, NOTE_AL2) VALUES ('DENUNCIA_DMA','IPN_TFR',to_date('01/01/1992','dd/mm/yyyy'),to_date('30/06/1992','dd/mm/yyyy'),'Imponibile TFR',NULL,NULL,60,NULL,NULL,NULL,NULL,NULL,NULL);
INSERT INTO estrazione_valori_contabili ( ESTRAZIONE, COLONNA, DAL, AL, DESCRIZIONE, DESCRIZIONE_AL1, DESCRIZIONE_AL2, SEQUENZA, NOTE, MOLTIPLICA, ARROTONDA, DIVIDE, NOTE_AL1, NOTE_AL2) VALUES ('DENUNCIA_DMA','IPN_TFR',to_date('01/07/1992','dd/mm/yyyy'),to_date('31/12/1992','dd/mm/yyyy'),'Imponibile TFR',NULL,NULL,60,NULL,NULL,NULL,NULL,NULL,NULL);
INSERT INTO estrazione_valori_contabili ( ESTRAZIONE, COLONNA, DAL, AL, DESCRIZIONE, DESCRIZIONE_AL1, DESCRIZIONE_AL2, SEQUENZA, NOTE, MOLTIPLICA, ARROTONDA, DIVIDE, NOTE_AL1, NOTE_AL2) VALUES ('DENUNCIA_DMA','IPN_TFR',to_date('01/01/1993','dd/mm/yyyy'),to_date('30/11/1996','dd/mm/yyyy'),'Imponibile TFR',NULL,NULL,60,NULL,NULL,NULL,NULL,NULL,NULL);
INSERT INTO estrazione_valori_contabili ( ESTRAZIONE, COLONNA, DAL, AL, DESCRIZIONE, DESCRIZIONE_AL1, DESCRIZIONE_AL2, SEQUENZA, NOTE, MOLTIPLICA, ARROTONDA, DIVIDE, NOTE_AL1, NOTE_AL2) VALUES ('DENUNCIA_DMA','IPN_TFR',to_date('01/12/1996','dd/mm/yyyy'),to_date('31/12/1996','dd/mm/yyyy'),'Imponibile TFR',NULL,NULL,60,NULL,NULL,NULL,NULL,NULL,NULL);
INSERT INTO estrazione_valori_contabili ( ESTRAZIONE, COLONNA, DAL, AL, DESCRIZIONE, DESCRIZIONE_AL1, DESCRIZIONE_AL2, SEQUENZA, NOTE, MOLTIPLICA, ARROTONDA, DIVIDE, NOTE_AL1, NOTE_AL2) VALUES ('DENUNCIA_DMA','IPN_TFR',to_date('01/01/1997','dd/mm/yyyy'),NULL,'Imponibile TFR',NULL,NULL,60,NULL,NULL,NULL,NULL,NULL,NULL);
INSERT INTO estrazione_valori_contabili ( ESTRAZIONE, COLONNA, DAL, AL, DESCRIZIONE, DESCRIZIONE_AL1, DESCRIZIONE_AL2, SEQUENZA, NOTE, MOLTIPLICA, ARROTONDA, DIVIDE, NOTE_AL1, NOTE_AL2) VALUES ('DENUNCIA_DMA','CONTR_TFR',to_date('01/01/1940','dd/mm/yyyy'),to_date('30/04/1991','dd/mm/yyyy'),'Contributi TFR',NULL,NULL,65,NULL,NULL,NULL,NULL,NULL,NULL);
INSERT INTO estrazione_valori_contabili ( ESTRAZIONE, COLONNA, DAL, AL, DESCRIZIONE, DESCRIZIONE_AL1, DESCRIZIONE_AL2, SEQUENZA, NOTE, MOLTIPLICA, ARROTONDA, DIVIDE, NOTE_AL1, NOTE_AL2) VALUES ('DENUNCIA_DMA','CONTR_TFR',to_date('01/05/1991','dd/mm/yyyy'),to_date('31/12/1991','dd/mm/yyyy'),'Contributi TFR',NULL,NULL,65,NULL,NULL,NULL,NULL,NULL,NULL);
INSERT INTO estrazione_valori_contabili ( ESTRAZIONE, COLONNA, DAL, AL, DESCRIZIONE, DESCRIZIONE_AL1, DESCRIZIONE_AL2, SEQUENZA, NOTE, MOLTIPLICA, ARROTONDA, DIVIDE, NOTE_AL1, NOTE_AL2) VALUES ('DENUNCIA_DMA','CONTR_TFR',to_date('01/01/1992','dd/mm/yyyy'),to_date('30/06/1992','dd/mm/yyyy'),'Contributi TFR',NULL,NULL,65,NULL,NULL,NULL,NULL,NULL,NULL);
INSERT INTO estrazione_valori_contabili ( ESTRAZIONE, COLONNA, DAL, AL, DESCRIZIONE, DESCRIZIONE_AL1, DESCRIZIONE_AL2, SEQUENZA, NOTE, MOLTIPLICA, ARROTONDA, DIVIDE, NOTE_AL1, NOTE_AL2) VALUES ('DENUNCIA_DMA','CONTR_TFR',to_date('01/07/1992','dd/mm/yyyy'),to_date('31/12/1992','dd/mm/yyyy'),'Contributi TFR',NULL,NULL,65,NULL,NULL,NULL,NULL,NULL,NULL);
INSERT INTO estrazione_valori_contabili ( ESTRAZIONE, COLONNA, DAL, AL, DESCRIZIONE, DESCRIZIONE_AL1, DESCRIZIONE_AL2, SEQUENZA, NOTE, MOLTIPLICA, ARROTONDA, DIVIDE, NOTE_AL1, NOTE_AL2) VALUES ('DENUNCIA_DMA','CONTR_TFR',to_date('01/01/1993','dd/mm/yyyy'),to_date('30/11/1996','dd/mm/yyyy'),'Contributi TFR',NULL,NULL,65,NULL,NULL,NULL,NULL,NULL,NULL);
INSERT INTO estrazione_valori_contabili ( ESTRAZIONE, COLONNA, DAL, AL, DESCRIZIONE, DESCRIZIONE_AL1, DESCRIZIONE_AL2, SEQUENZA, NOTE, MOLTIPLICA, ARROTONDA, DIVIDE, NOTE_AL1, NOTE_AL2) VALUES ('DENUNCIA_DMA','CONTR_TFR',to_date('01/12/1996','dd/mm/yyyy'),to_date('31/12/1996','dd/mm/yyyy'),'Contributi TFR',NULL,NULL,65,NULL,NULL,NULL,NULL,NULL,NULL);
INSERT INTO estrazione_valori_contabili ( ESTRAZIONE, COLONNA, DAL, AL, DESCRIZIONE, DESCRIZIONE_AL1, DESCRIZIONE_AL2, SEQUENZA, NOTE, MOLTIPLICA, ARROTONDA, DIVIDE, NOTE_AL1, NOTE_AL2) VALUES ('DENUNCIA_DMA','CONTR_TFR',to_date('01/01/1997','dd/mm/yyyy'),NULL,'Contributi TFR',NULL,NULL,65,NULL,NULL,NULL,NULL,NULL,NULL);
INSERT INTO estrazione_valori_contabili ( ESTRAZIONE, COLONNA, DAL, AL, DESCRIZIONE, DESCRIZIONE_AL1, DESCRIZIONE_AL2, SEQUENZA, NOTE, MOLTIPLICA, ARROTONDA, DIVIDE, NOTE_AL1, NOTE_AL2) VALUES ('DENUNCIA_DMA','ULT_IPN_TFR',to_date('01/01/1940','dd/mm/yyyy'),to_date('30/04/1991','dd/mm/yyyy'),'Ulteriori Elementi TFR',NULL,NULL,70,NULL,NULL,NULL,NULL,NULL,NULL);
INSERT INTO estrazione_valori_contabili ( ESTRAZIONE, COLONNA, DAL, AL, DESCRIZIONE, DESCRIZIONE_AL1, DESCRIZIONE_AL2, SEQUENZA, NOTE, MOLTIPLICA, ARROTONDA, DIVIDE, NOTE_AL1, NOTE_AL2) VALUES ('DENUNCIA_DMA','ULT_IPN_TFR',to_date('01/05/1991','dd/mm/yyyy'),to_date('31/12/1991','dd/mm/yyyy'),'Ulteriori Elementi TFR',NULL,NULL,70,NULL,NULL,NULL,NULL,NULL,NULL);
INSERT INTO estrazione_valori_contabili ( ESTRAZIONE, COLONNA, DAL, AL, DESCRIZIONE, DESCRIZIONE_AL1, DESCRIZIONE_AL2, SEQUENZA, NOTE, MOLTIPLICA, ARROTONDA, DIVIDE, NOTE_AL1, NOTE_AL2) VALUES ('DENUNCIA_DMA','ULT_IPN_TFR',to_date('01/01/1992','dd/mm/yyyy'),to_date('30/06/1992','dd/mm/yyyy'),'Ulteriori Elementi TFR',NULL,NULL,70,NULL,NULL,NULL,NULL,NULL,NULL);
INSERT INTO estrazione_valori_contabili ( ESTRAZIONE, COLONNA, DAL, AL, DESCRIZIONE, DESCRIZIONE_AL1, DESCRIZIONE_AL2, SEQUENZA, NOTE, MOLTIPLICA, ARROTONDA, DIVIDE, NOTE_AL1, NOTE_AL2) VALUES ('DENUNCIA_DMA','ULT_IPN_TFR',to_date('01/07/1992','dd/mm/yyyy'),to_date('31/12/1992','dd/mm/yyyy'),'Ulteriori Elementi TFR',NULL,NULL,70,NULL,NULL,NULL,NULL,NULL,NULL);
INSERT INTO estrazione_valori_contabili ( ESTRAZIONE, COLONNA, DAL, AL, DESCRIZIONE, DESCRIZIONE_AL1, DESCRIZIONE_AL2, SEQUENZA, NOTE, MOLTIPLICA, ARROTONDA, DIVIDE, NOTE_AL1, NOTE_AL2) VALUES ('DENUNCIA_DMA','ULT_IPN_TFR',to_date('01/01/1993','dd/mm/yyyy'),to_date('30/11/1996','dd/mm/yyyy'),'Ulteriori Elementi TFR',NULL,NULL,70,NULL,NULL,NULL,NULL,NULL,NULL);
INSERT INTO estrazione_valori_contabili ( ESTRAZIONE, COLONNA, DAL, AL, DESCRIZIONE, DESCRIZIONE_AL1, DESCRIZIONE_AL2, SEQUENZA, NOTE, MOLTIPLICA, ARROTONDA, DIVIDE, NOTE_AL1, NOTE_AL2) VALUES ('DENUNCIA_DMA','ULT_IPN_TFR',to_date('01/12/1996','dd/mm/yyyy'),to_date('31/12/1996','dd/mm/yyyy'),'Ulteriori Elementi TFR',NULL,NULL,70,NULL,NULL,NULL,NULL,NULL,NULL);
INSERT INTO estrazione_valori_contabili ( ESTRAZIONE, COLONNA, DAL, AL, DESCRIZIONE, DESCRIZIONE_AL1, DESCRIZIONE_AL2, SEQUENZA, NOTE, MOLTIPLICA, ARROTONDA, DIVIDE, NOTE_AL1, NOTE_AL2) VALUES ('DENUNCIA_DMA','ULT_IPN_TFR',to_date('01/01/1997','dd/mm/yyyy'),NULL,'Ulteriori Elementi TFR',NULL,NULL,70,NULL,NULL,NULL,NULL,NULL,NULL);
INSERT INTO estrazione_valori_contabili ( ESTRAZIONE, COLONNA, DAL, AL, DESCRIZIONE, DESCRIZIONE_AL1, DESCRIZIONE_AL2, SEQUENZA, NOTE, MOLTIPLICA, ARROTONDA, DIVIDE, NOTE_AL1, NOTE_AL2) VALUES ('DENUNCIA_DMA','CONTR_ULT_IPN_TFR',to_date('01/01/1940','dd/mm/yyyy'),to_date('30/04/1991','dd/mm/yyyy'),'Contributi Ulteriori Elementi TFR',NULL,NULL,75,NULL,NULL,NULL,NULL,NULL,NULL);
INSERT INTO estrazione_valori_contabili ( ESTRAZIONE, COLONNA, DAL, AL, DESCRIZIONE, DESCRIZIONE_AL1, DESCRIZIONE_AL2, SEQUENZA, NOTE, MOLTIPLICA, ARROTONDA, DIVIDE, NOTE_AL1, NOTE_AL2) VALUES ('DENUNCIA_DMA','CONTR_ULT_IPN_TFR',to_date('01/05/1991','dd/mm/yyyy'),to_date('31/12/1991','dd/mm/yyyy'),'Contributi Ulteriori Elementi TFR',NULL,NULL,75,NULL,NULL,NULL,NULL,NULL,NULL);
INSERT INTO estrazione_valori_contabili ( ESTRAZIONE, COLONNA, DAL, AL, DESCRIZIONE, DESCRIZIONE_AL1, DESCRIZIONE_AL2, SEQUENZA, NOTE, MOLTIPLICA, ARROTONDA, DIVIDE, NOTE_AL1, NOTE_AL2) VALUES ('DENUNCIA_DMA','CONTR_ULT_IPN_TFR',to_date('01/01/1992','dd/mm/yyyy'),to_date('30/06/1992','dd/mm/yyyy'),'Contributi Ulteriori Elementi TFR',NULL,NULL,75,NULL,NULL,NULL,NULL,NULL,NULL);
INSERT INTO estrazione_valori_contabili ( ESTRAZIONE, COLONNA, DAL, AL, DESCRIZIONE, DESCRIZIONE_AL1, DESCRIZIONE_AL2, SEQUENZA, NOTE, MOLTIPLICA, ARROTONDA, DIVIDE, NOTE_AL1, NOTE_AL2) VALUES ('DENUNCIA_DMA','CONTR_ULT_IPN_TFR',to_date('01/07/1992','dd/mm/yyyy'),to_date('31/12/1992','dd/mm/yyyy'),'Contributi Ulteriori Elementi TFR',NULL,NULL,75,NULL,NULL,NULL,NULL,NULL,NULL);
INSERT INTO estrazione_valori_contabili ( ESTRAZIONE, COLONNA, DAL, AL, DESCRIZIONE, DESCRIZIONE_AL1, DESCRIZIONE_AL2, SEQUENZA, NOTE, MOLTIPLICA, ARROTONDA, DIVIDE, NOTE_AL1, NOTE_AL2) VALUES ('DENUNCIA_DMA','CONTR_ULT_IPN_TFR',to_date('01/01/1993','dd/mm/yyyy'),to_date('30/11/1996','dd/mm/yyyy'),'Contributi Ulteriori Elementi TFR',NULL,NULL,75,NULL,NULL,NULL,NULL,NULL,NULL);
INSERT INTO estrazione_valori_contabili ( ESTRAZIONE, COLONNA, DAL, AL, DESCRIZIONE, DESCRIZIONE_AL1, DESCRIZIONE_AL2, SEQUENZA, NOTE, MOLTIPLICA, ARROTONDA, DIVIDE, NOTE_AL1, NOTE_AL2) VALUES ('DENUNCIA_DMA','CONTR_ULT_IPN_TFR',to_date('01/12/1996','dd/mm/yyyy'),to_date('31/12/1996','dd/mm/yyyy'),'Contributi Ulteriori Elementi TFR',NULL,NULL,75,NULL,NULL,NULL,NULL,NULL,NULL);
INSERT INTO estrazione_valori_contabili ( ESTRAZIONE, COLONNA, DAL, AL, DESCRIZIONE, DESCRIZIONE_AL1, DESCRIZIONE_AL2, SEQUENZA, NOTE, MOLTIPLICA, ARROTONDA, DIVIDE, NOTE_AL1, NOTE_AL2) VALUES ('DENUNCIA_DMA','CONTR_ULT_IPN_TFR',to_date('01/01/1997','dd/mm/yyyy'),NULL,'Contributi Ulteriori Elementi TFR',NULL,NULL,75,NULL,NULL,NULL,NULL,NULL,NULL);
INSERT INTO estrazione_valori_contabili ( ESTRAZIONE, COLONNA, DAL, AL, DESCRIZIONE, DESCRIZIONE_AL1, DESCRIZIONE_AL2, SEQUENZA, NOTE, MOLTIPLICA, ARROTONDA, DIVIDE, NOTE_AL1, NOTE_AL2) VALUES ('DENUNCIA_DMA','IPN_CASSA_CREDITO',to_date('01/01/1940','dd/mm/yyyy'),to_date('30/04/1991','dd/mm/yyyy'),'Imponibile Fondo Credito / ENPDEDP',NULL,NULL,80,NULL,NULL,NULL,NULL,NULL,NULL);
INSERT INTO estrazione_valori_contabili ( ESTRAZIONE, COLONNA, DAL, AL, DESCRIZIONE, DESCRIZIONE_AL1, DESCRIZIONE_AL2, SEQUENZA, NOTE, MOLTIPLICA, ARROTONDA, DIVIDE, NOTE_AL1, NOTE_AL2) VALUES ('DENUNCIA_DMA','IPN_CASSA_CREDITO',to_date('01/05/1991','dd/mm/yyyy'),to_date('31/12/1991','dd/mm/yyyy'),'Imponibile Fondo Credito / ENPDEDP',NULL,NULL,80,NULL,NULL,NULL,NULL,NULL,NULL);
INSERT INTO estrazione_valori_contabili ( ESTRAZIONE, COLONNA, DAL, AL, DESCRIZIONE, DESCRIZIONE_AL1, DESCRIZIONE_AL2, SEQUENZA, NOTE, MOLTIPLICA, ARROTONDA, DIVIDE, NOTE_AL1, NOTE_AL2) VALUES ('DENUNCIA_DMA','IPN_CASSA_CREDITO',to_date('01/01/1992','dd/mm/yyyy'),to_date('30/06/1992','dd/mm/yyyy'),'Imponibile Fondo Credito / ENPDEDP',NULL,NULL,80,NULL,NULL,NULL,NULL,NULL,NULL);
INSERT INTO estrazione_valori_contabili ( ESTRAZIONE, COLONNA, DAL, AL, DESCRIZIONE, DESCRIZIONE_AL1, DESCRIZIONE_AL2, SEQUENZA, NOTE, MOLTIPLICA, ARROTONDA, DIVIDE, NOTE_AL1, NOTE_AL2) VALUES ('DENUNCIA_DMA','IPN_CASSA_CREDITO',to_date('01/07/1992','dd/mm/yyyy'),to_date('31/12/1992','dd/mm/yyyy'),'Imponibile Fondo Credito / ENPDEDP',NULL,NULL,80,NULL,NULL,NULL,NULL,NULL,NULL);
INSERT INTO estrazione_valori_contabili ( ESTRAZIONE, COLONNA, DAL, AL, DESCRIZIONE, DESCRIZIONE_AL1, DESCRIZIONE_AL2, SEQUENZA, NOTE, MOLTIPLICA, ARROTONDA, DIVIDE, NOTE_AL1, NOTE_AL2) VALUES ('DENUNCIA_DMA','IPN_CASSA_CREDITO',to_date('01/01/1993','dd/mm/yyyy'),to_date('30/11/1996','dd/mm/yyyy'),'Imponibile Fondo Credito / ENPDEDP',NULL,NULL,80,NULL,NULL,NULL,NULL,NULL,NULL);
INSERT INTO estrazione_valori_contabili ( ESTRAZIONE, COLONNA, DAL, AL, DESCRIZIONE, DESCRIZIONE_AL1, DESCRIZIONE_AL2, SEQUENZA, NOTE, MOLTIPLICA, ARROTONDA, DIVIDE, NOTE_AL1, NOTE_AL2) VALUES ('DENUNCIA_DMA','IPN_CASSA_CREDITO',to_date('01/12/1996','dd/mm/yyyy'),to_date('31/12/1996','dd/mm/yyyy'),'Imponibile Fondo Credito / ENPDEDP',NULL,NULL,80,NULL,NULL,NULL,NULL,NULL,NULL);
INSERT INTO estrazione_valori_contabili ( ESTRAZIONE, COLONNA, DAL, AL, DESCRIZIONE, DESCRIZIONE_AL1, DESCRIZIONE_AL2, SEQUENZA, NOTE, MOLTIPLICA, ARROTONDA, DIVIDE, NOTE_AL1, NOTE_AL2) VALUES ('DENUNCIA_DMA','IPN_CASSA_CREDITO',to_date('01/01/1997','dd/mm/yyyy'),NULL,'Imponibile Fondo Credito / ENPDEDP',NULL,NULL,80,NULL,NULL,NULL,NULL,NULL,NULL);
INSERT INTO estrazione_valori_contabili ( ESTRAZIONE, COLONNA, DAL, AL, DESCRIZIONE, DESCRIZIONE_AL1, DESCRIZIONE_AL2, SEQUENZA, NOTE, MOLTIPLICA, ARROTONDA, DIVIDE, NOTE_AL1, NOTE_AL2) VALUES ('DENUNCIA_DMA','CONTR_CASSA_CREDITO',to_date('01/01/1940','dd/mm/yyyy'),to_date('30/04/1991','dd/mm/yyyy'),'Contributi Fondo Credito',NULL,NULL,85,NULL,NULL,NULL,NULL,NULL,NULL);
INSERT INTO estrazione_valori_contabili ( ESTRAZIONE, COLONNA, DAL, AL, DESCRIZIONE, DESCRIZIONE_AL1, DESCRIZIONE_AL2, SEQUENZA, NOTE, MOLTIPLICA, ARROTONDA, DIVIDE, NOTE_AL1, NOTE_AL2) VALUES ('DENUNCIA_DMA','CONTR_CASSA_CREDITO',to_date('01/05/1991','dd/mm/yyyy'),to_date('31/12/1991','dd/mm/yyyy'),'Contributi Fondo Credito',NULL,NULL,85,NULL,NULL,NULL,NULL,NULL,NULL);
INSERT INTO estrazione_valori_contabili ( ESTRAZIONE, COLONNA, DAL, AL, DESCRIZIONE, DESCRIZIONE_AL1, DESCRIZIONE_AL2, SEQUENZA, NOTE, MOLTIPLICA, ARROTONDA, DIVIDE, NOTE_AL1, NOTE_AL2) VALUES ('DENUNCIA_DMA','CONTR_CASSA_CREDITO',to_date('01/01/1992','dd/mm/yyyy'),to_date('30/06/1992','dd/mm/yyyy'),'Contributi Fondo Credito',NULL,NULL,85,NULL,NULL,NULL,NULL,NULL,NULL);
INSERT INTO estrazione_valori_contabili ( ESTRAZIONE, COLONNA, DAL, AL, DESCRIZIONE, DESCRIZIONE_AL1, DESCRIZIONE_AL2, SEQUENZA, NOTE, MOLTIPLICA, ARROTONDA, DIVIDE, NOTE_AL1, NOTE_AL2) VALUES ('DENUNCIA_DMA','CONTR_CASSA_CREDITO',to_date('01/07/1992','dd/mm/yyyy'),to_date('31/12/1992','dd/mm/yyyy'),'Contributi Fondo Credito',NULL,NULL,85,NULL,NULL,NULL,NULL,NULL,NULL);
INSERT INTO estrazione_valori_contabili ( ESTRAZIONE, COLONNA, DAL, AL, DESCRIZIONE, DESCRIZIONE_AL1, DESCRIZIONE_AL2, SEQUENZA, NOTE, MOLTIPLICA, ARROTONDA, DIVIDE, NOTE_AL1, NOTE_AL2) VALUES ('DENUNCIA_DMA','CONTR_CASSA_CREDITO',to_date('01/01/1993','dd/mm/yyyy'),to_date('30/11/1996','dd/mm/yyyy'),'Contributi Fondo Credito',NULL,NULL,85,NULL,NULL,NULL,NULL,NULL,NULL);
INSERT INTO estrazione_valori_contabili ( ESTRAZIONE, COLONNA, DAL, AL, DESCRIZIONE, DESCRIZIONE_AL1, DESCRIZIONE_AL2, SEQUENZA, NOTE, MOLTIPLICA, ARROTONDA, DIVIDE, NOTE_AL1, NOTE_AL2) VALUES ('DENUNCIA_DMA','CONTR_CASSA_CREDITO',to_date('01/12/1996','dd/mm/yyyy'),to_date('31/12/1996','dd/mm/yyyy'),'Contributi Fondo Credito',NULL,NULL,85,NULL,NULL,NULL,NULL,NULL,NULL);
INSERT INTO estrazione_valori_contabili ( ESTRAZIONE, COLONNA, DAL, AL, DESCRIZIONE, DESCRIZIONE_AL1, DESCRIZIONE_AL2, SEQUENZA, NOTE, MOLTIPLICA, ARROTONDA, DIVIDE, NOTE_AL1, NOTE_AL2) VALUES ('DENUNCIA_DMA','CONTR_CASSA_CREDITO',to_date('01/01/1997','dd/mm/yyyy'),NULL,'Contributi Fondo Credito',NULL,NULL,85,NULL,NULL,NULL,NULL,NULL,NULL);
INSERT INTO estrazione_valori_contabili ( ESTRAZIONE, COLONNA, DAL, AL, DESCRIZIONE, DESCRIZIONE_AL1, DESCRIZIONE_AL2, SEQUENZA, NOTE, MOLTIPLICA, ARROTONDA, DIVIDE, NOTE_AL1, NOTE_AL2) VALUES ('DENUNCIA_DMA','CONTR_ENPDEDP',to_date('01/01/1940','dd/mm/yyyy'),to_date('30/04/1991','dd/mm/yyyy'),'Contributi ENPDEDP',NULL,NULL,90,NULL,NULL,NULL,NULL,NULL,NULL);
INSERT INTO estrazione_valori_contabili ( ESTRAZIONE, COLONNA, DAL, AL, DESCRIZIONE, DESCRIZIONE_AL1, DESCRIZIONE_AL2, SEQUENZA, NOTE, MOLTIPLICA, ARROTONDA, DIVIDE, NOTE_AL1, NOTE_AL2) VALUES ('DENUNCIA_DMA','CONTR_ENPDEDP',to_date('01/05/1991','dd/mm/yyyy'),to_date('31/12/1991','dd/mm/yyyy'),'Contributi ENPDEDP',NULL,NULL,90,NULL,NULL,NULL,NULL,NULL,NULL);
INSERT INTO estrazione_valori_contabili ( ESTRAZIONE, COLONNA, DAL, AL, DESCRIZIONE, DESCRIZIONE_AL1, DESCRIZIONE_AL2, SEQUENZA, NOTE, MOLTIPLICA, ARROTONDA, DIVIDE, NOTE_AL1, NOTE_AL2) VALUES ('DENUNCIA_DMA','CONTR_ENPDEDP',to_date('01/01/1992','dd/mm/yyyy'),to_date('30/06/1992','dd/mm/yyyy'),'Contributi ENPDEDP',NULL,NULL,90,NULL,NULL,NULL,NULL,NULL,NULL);
INSERT INTO estrazione_valori_contabili ( ESTRAZIONE, COLONNA, DAL, AL, DESCRIZIONE, DESCRIZIONE_AL1, DESCRIZIONE_AL2, SEQUENZA, NOTE, MOLTIPLICA, ARROTONDA, DIVIDE, NOTE_AL1, NOTE_AL2) VALUES ('DENUNCIA_DMA','CONTR_ENPDEDP',to_date('01/07/1992','dd/mm/yyyy'),to_date('31/12/1992','dd/mm/yyyy'),'Contributi ENPDEDP',NULL,NULL,90,NULL,NULL,NULL,NULL,NULL,NULL);
INSERT INTO estrazione_valori_contabili ( ESTRAZIONE, COLONNA, DAL, AL, DESCRIZIONE, DESCRIZIONE_AL1, DESCRIZIONE_AL2, SEQUENZA, NOTE, MOLTIPLICA, ARROTONDA, DIVIDE, NOTE_AL1, NOTE_AL2) VALUES ('DENUNCIA_DMA','CONTR_ENPDEDP',to_date('01/01/1993','dd/mm/yyyy'),to_date('30/11/1996','dd/mm/yyyy'),'Contributi ENPDEDP',NULL,NULL,90,NULL,NULL,NULL,NULL,NULL,NULL);
INSERT INTO estrazione_valori_contabili ( ESTRAZIONE, COLONNA, DAL, AL, DESCRIZIONE, DESCRIZIONE_AL1, DESCRIZIONE_AL2, SEQUENZA, NOTE, MOLTIPLICA, ARROTONDA, DIVIDE, NOTE_AL1, NOTE_AL2) VALUES ('DENUNCIA_DMA','CONTR_ENPDEDP',to_date('01/12/1996','dd/mm/yyyy'),to_date('31/12/1996','dd/mm/yyyy'),'Contributi ENPDEDP',NULL,NULL,90,NULL,NULL,NULL,NULL,NULL,NULL);
INSERT INTO estrazione_valori_contabili ( ESTRAZIONE, COLONNA, DAL, AL, DESCRIZIONE, DESCRIZIONE_AL1, DESCRIZIONE_AL2, SEQUENZA, NOTE, MOLTIPLICA, ARROTONDA, DIVIDE, NOTE_AL1, NOTE_AL2) VALUES ('DENUNCIA_DMA','CONTR_ENPDEDP',to_date('01/01/1997','dd/mm/yyyy'),NULL,'Contributi ENPDEDP',NULL,NULL,90,NULL,NULL,NULL,NULL,NULL,NULL);
INSERT INTO estrazione_valori_contabili ( ESTRAZIONE, COLONNA, DAL, AL, DESCRIZIONE, DESCRIZIONE_AL1, DESCRIZIONE_AL2, SEQUENZA, NOTE, MOLTIPLICA, ARROTONDA, DIVIDE, NOTE_AL1, NOTE_AL2) VALUES ('DENUNCIA_DMA','TREDICESIMA',to_date('01/01/1940','dd/mm/yyyy'),to_date('30/04/1991','dd/mm/yyyy'),'Tredicesima',NULL,NULL,95,NULL,NULL,NULL,NULL,NULL,NULL);
INSERT INTO estrazione_valori_contabili ( ESTRAZIONE, COLONNA, DAL, AL, DESCRIZIONE, DESCRIZIONE_AL1, DESCRIZIONE_AL2, SEQUENZA, NOTE, MOLTIPLICA, ARROTONDA, DIVIDE, NOTE_AL1, NOTE_AL2) VALUES ('DENUNCIA_DMA','TREDICESIMA',to_date('01/05/1991','dd/mm/yyyy'),to_date('31/12/1991','dd/mm/yyyy'),'Tredicesima',NULL,NULL,95,NULL,NULL,NULL,NULL,NULL,NULL);
INSERT INTO estrazione_valori_contabili ( ESTRAZIONE, COLONNA, DAL, AL, DESCRIZIONE, DESCRIZIONE_AL1, DESCRIZIONE_AL2, SEQUENZA, NOTE, MOLTIPLICA, ARROTONDA, DIVIDE, NOTE_AL1, NOTE_AL2) VALUES ('DENUNCIA_DMA','TREDICESIMA',to_date('01/01/1992','dd/mm/yyyy'),to_date('30/06/1992','dd/mm/yyyy'),'Tredicesima',NULL,NULL,95,NULL,NULL,NULL,NULL,NULL,NULL);
INSERT INTO estrazione_valori_contabili ( ESTRAZIONE, COLONNA, DAL, AL, DESCRIZIONE, DESCRIZIONE_AL1, DESCRIZIONE_AL2, SEQUENZA, NOTE, MOLTIPLICA, ARROTONDA, DIVIDE, NOTE_AL1, NOTE_AL2) VALUES ('DENUNCIA_DMA','TREDICESIMA',to_date('01/07/1992','dd/mm/yyyy'),to_date('31/12/1992','dd/mm/yyyy'),'Tredicesima',NULL,NULL,95,NULL,NULL,NULL,NULL,NULL,NULL);
INSERT INTO estrazione_valori_contabili ( ESTRAZIONE, COLONNA, DAL, AL, DESCRIZIONE, DESCRIZIONE_AL1, DESCRIZIONE_AL2, SEQUENZA, NOTE, MOLTIPLICA, ARROTONDA, DIVIDE, NOTE_AL1, NOTE_AL2) VALUES ('DENUNCIA_DMA','TREDICESIMA',to_date('01/01/1993','dd/mm/yyyy'),to_date('30/11/1996','dd/mm/yyyy'),'Tredicesima',NULL,NULL,95,NULL,NULL,NULL,NULL,NULL,NULL);
INSERT INTO estrazione_valori_contabili ( ESTRAZIONE, COLONNA, DAL, AL, DESCRIZIONE, DESCRIZIONE_AL1, DESCRIZIONE_AL2, SEQUENZA, NOTE, MOLTIPLICA, ARROTONDA, DIVIDE, NOTE_AL1, NOTE_AL2) VALUES ('DENUNCIA_DMA','TREDICESIMA',to_date('01/12/1996','dd/mm/yyyy'),to_date('31/12/1996','dd/mm/yyyy'),'Tredicesima',NULL,NULL,95,NULL,NULL,NULL,NULL,NULL,NULL);
INSERT INTO estrazione_valori_contabili ( ESTRAZIONE, COLONNA, DAL, AL, DESCRIZIONE, DESCRIZIONE_AL1, DESCRIZIONE_AL2, SEQUENZA, NOTE, MOLTIPLICA, ARROTONDA, DIVIDE, NOTE_AL1, NOTE_AL2) VALUES ('DENUNCIA_DMA','TREDICESIMA',to_date('01/01/1997','dd/mm/yyyy'),NULL,'Tredicesima',NULL,NULL,95,NULL,NULL,NULL,NULL,NULL,NULL);
INSERT INTO estrazione_valori_contabili ( ESTRAZIONE, COLONNA, DAL, AL, DESCRIZIONE, DESCRIZIONE_AL1, DESCRIZIONE_AL2, SEQUENZA, NOTE, MOLTIPLICA, ARROTONDA, DIVIDE, NOTE_AL1, NOTE_AL2) VALUES ('DENUNCIA_DMA','TEORICO_TFR',to_date('01/01/1940','dd/mm/yyyy'),to_date('30/04/1991','dd/mm/yyyy'),'Retribuzione Teorica Tabellare TFR',NULL,NULL,100,NULL,NULL,NULL,NULL,NULL,NULL);
INSERT INTO estrazione_valori_contabili ( ESTRAZIONE, COLONNA, DAL, AL, DESCRIZIONE, DESCRIZIONE_AL1, DESCRIZIONE_AL2, SEQUENZA, NOTE, MOLTIPLICA, ARROTONDA, DIVIDE, NOTE_AL1, NOTE_AL2) VALUES ('DENUNCIA_DMA','TEORICO_TFR',to_date('01/05/1991','dd/mm/yyyy'),to_date('31/12/1991','dd/mm/yyyy'),'Retribuzione Teorica Tabellare TFR',NULL,NULL,100,NULL,NULL,NULL,NULL,NULL,NULL);
INSERT INTO estrazione_valori_contabili ( ESTRAZIONE, COLONNA, DAL, AL, DESCRIZIONE, DESCRIZIONE_AL1, DESCRIZIONE_AL2, SEQUENZA, NOTE, MOLTIPLICA, ARROTONDA, DIVIDE, NOTE_AL1, NOTE_AL2) VALUES ('DENUNCIA_DMA','TEORICO_TFR',to_date('01/01/1992','dd/mm/yyyy'),to_date('30/06/1992','dd/mm/yyyy'),'Retribuzione Teorica Tabellare TFR',NULL,NULL,100,NULL,NULL,NULL,NULL,NULL,NULL);
INSERT INTO estrazione_valori_contabili ( ESTRAZIONE, COLONNA, DAL, AL, DESCRIZIONE, DESCRIZIONE_AL1, DESCRIZIONE_AL2, SEQUENZA, NOTE, MOLTIPLICA, ARROTONDA, DIVIDE, NOTE_AL1, NOTE_AL2) VALUES ('DENUNCIA_DMA','TEORICO_TFR',to_date('01/07/1992','dd/mm/yyyy'),to_date('31/12/1992','dd/mm/yyyy'),'Retribuzione Teorica Tabellare TFR',NULL,NULL,100,NULL,NULL,NULL,NULL,NULL,NULL);
INSERT INTO estrazione_valori_contabili ( ESTRAZIONE, COLONNA, DAL, AL, DESCRIZIONE, DESCRIZIONE_AL1, DESCRIZIONE_AL2, SEQUENZA, NOTE, MOLTIPLICA, ARROTONDA, DIVIDE, NOTE_AL1, NOTE_AL2) VALUES ('DENUNCIA_DMA','TEORICO_TFR',to_date('01/01/1993','dd/mm/yyyy'),to_date('30/11/1996','dd/mm/yyyy'),'Retribuzione Teorica Tabellare TFR',NULL,NULL,100,NULL,NULL,NULL,NULL,NULL,NULL);
INSERT INTO estrazione_valori_contabili ( ESTRAZIONE, COLONNA, DAL, AL, DESCRIZIONE, DESCRIZIONE_AL1, DESCRIZIONE_AL2, SEQUENZA, NOTE, MOLTIPLICA, ARROTONDA, DIVIDE, NOTE_AL1, NOTE_AL2) VALUES ('DENUNCIA_DMA','TEORICO_TFR',to_date('01/12/1996','dd/mm/yyyy'),to_date('31/12/1996','dd/mm/yyyy'),'Retribuzione Teorica Tabellare TFR',NULL,NULL,100,NULL,NULL,NULL,NULL,NULL,NULL);
INSERT INTO estrazione_valori_contabili ( ESTRAZIONE, COLONNA, DAL, AL, DESCRIZIONE, DESCRIZIONE_AL1, DESCRIZIONE_AL2, SEQUENZA, NOTE, MOLTIPLICA, ARROTONDA, DIVIDE, NOTE_AL1, NOTE_AL2) VALUES ('DENUNCIA_DMA','TEORICO_TFR',to_date('01/01/1997','dd/mm/yyyy'),NULL,'Retribuzione Teorica Tabellare TFR',NULL,NULL,100,NULL,NULL,NULL,NULL,NULL,NULL);
INSERT INTO estrazione_valori_contabili ( ESTRAZIONE, COLONNA, DAL, AL, DESCRIZIONE, DESCRIZIONE_AL1, DESCRIZIONE_AL2, SEQUENZA, NOTE, MOLTIPLICA, ARROTONDA, DIVIDE, NOTE_AL1, NOTE_AL2) VALUES ('DENUNCIA_DMA','COMP_TFR',to_date('01/01/1940','dd/mm/yyyy'),to_date('30/04/1991','dd/mm/yyyy'),'Retribuzione Utile TFR',NULL,NULL,105,NULL,NULL,NULL,NULL,NULL,NULL);
INSERT INTO estrazione_valori_contabili ( ESTRAZIONE, COLONNA, DAL, AL, DESCRIZIONE, DESCRIZIONE_AL1, DESCRIZIONE_AL2, SEQUENZA, NOTE, MOLTIPLICA, ARROTONDA, DIVIDE, NOTE_AL1, NOTE_AL2) VALUES ('DENUNCIA_DMA','COMP_TFR',to_date('01/05/1991','dd/mm/yyyy'),to_date('31/12/1991','dd/mm/yyyy'),'Retribuzione Utile TFR',NULL,NULL,105,NULL,NULL,NULL,NULL,NULL,NULL);
INSERT INTO estrazione_valori_contabili ( ESTRAZIONE, COLONNA, DAL, AL, DESCRIZIONE, DESCRIZIONE_AL1, DESCRIZIONE_AL2, SEQUENZA, NOTE, MOLTIPLICA, ARROTONDA, DIVIDE, NOTE_AL1, NOTE_AL2) VALUES ('DENUNCIA_DMA','COMP_TFR',to_date('01/01/1992','dd/mm/yyyy'),to_date('30/06/1992','dd/mm/yyyy'),'Retribuzione Utile TFR',NULL,NULL,105,NULL,NULL,NULL,NULL,NULL,NULL);
INSERT INTO estrazione_valori_contabili ( ESTRAZIONE, COLONNA, DAL, AL, DESCRIZIONE, DESCRIZIONE_AL1, DESCRIZIONE_AL2, SEQUENZA, NOTE, MOLTIPLICA, ARROTONDA, DIVIDE, NOTE_AL1, NOTE_AL2) VALUES ('DENUNCIA_DMA','COMP_TFR',to_date('01/07/1992','dd/mm/yyyy'),to_date('31/12/1992','dd/mm/yyyy'),'Retribuzione Utile TFR',NULL,NULL,105,NULL,NULL,NULL,NULL,NULL,NULL);
INSERT INTO estrazione_valori_contabili ( ESTRAZIONE, COLONNA, DAL, AL, DESCRIZIONE, DESCRIZIONE_AL1, DESCRIZIONE_AL2, SEQUENZA, NOTE, MOLTIPLICA, ARROTONDA, DIVIDE, NOTE_AL1, NOTE_AL2) VALUES ('DENUNCIA_DMA','COMP_TFR',to_date('01/01/1993','dd/mm/yyyy'),to_date('30/11/1996','dd/mm/yyyy'),'Retribuzione Utile TFR',NULL,NULL,105,NULL,NULL,NULL,NULL,NULL,NULL);
INSERT INTO estrazione_valori_contabili ( ESTRAZIONE, COLONNA, DAL, AL, DESCRIZIONE, DESCRIZIONE_AL1, DESCRIZIONE_AL2, SEQUENZA, NOTE, MOLTIPLICA, ARROTONDA, DIVIDE, NOTE_AL1, NOTE_AL2) VALUES ('DENUNCIA_DMA','COMP_TFR',to_date('01/12/1996','dd/mm/yyyy'),to_date('31/12/1996','dd/mm/yyyy'),'Retribuzione Utile TFR',NULL,NULL,105,NULL,NULL,NULL,NULL,NULL,NULL);
INSERT INTO estrazione_valori_contabili ( ESTRAZIONE, COLONNA, DAL, AL, DESCRIZIONE, DESCRIZIONE_AL1, DESCRIZIONE_AL2, SEQUENZA, NOTE, MOLTIPLICA, ARROTONDA, DIVIDE, NOTE_AL1, NOTE_AL2) VALUES ('DENUNCIA_DMA','COMP_TFR',to_date('01/01/1997','dd/mm/yyyy'),NULL,'Retribuzione Utile TFR',NULL,NULL,105,NULL,NULL,NULL,NULL,NULL,NULL);
INSERT INTO estrazione_valori_contabili ( ESTRAZIONE, COLONNA, DAL, AL, DESCRIZIONE, DESCRIZIONE_AL1, DESCRIZIONE_AL2, SEQUENZA, NOTE, MOLTIPLICA, ARROTONDA, DIVIDE, NOTE_AL1, NOTE_AL2) VALUES ('DENUNCIA_DMA','QUOTA_L166',to_date('01/01/1940','dd/mm/yyyy'),to_date('30/04/1991','dd/mm/yyyy'),'Quota Previdenza Integrativa L.166/91',NULL,NULL,105,NULL,NULL,NULL,NULL,NULL,NULL);
INSERT INTO estrazione_valori_contabili ( ESTRAZIONE, COLONNA, DAL, AL, DESCRIZIONE, DESCRIZIONE_AL1, DESCRIZIONE_AL2, SEQUENZA, NOTE, MOLTIPLICA, ARROTONDA, DIVIDE, NOTE_AL1, NOTE_AL2) VALUES ('DENUNCIA_DMA','QUOTA_L166',to_date('01/05/1991','dd/mm/yyyy'),to_date('31/12/1991','dd/mm/yyyy'),'Quota Previdenza Integrativa L.166/91',NULL,NULL,105,NULL,NULL,NULL,NULL,NULL,NULL);
INSERT INTO estrazione_valori_contabili ( ESTRAZIONE, COLONNA, DAL, AL, DESCRIZIONE, DESCRIZIONE_AL1, DESCRIZIONE_AL2, SEQUENZA, NOTE, MOLTIPLICA, ARROTONDA, DIVIDE, NOTE_AL1, NOTE_AL2) VALUES ('DENUNCIA_DMA','QUOTA_L166',to_date('01/01/1992','dd/mm/yyyy'),to_date('30/06/1992','dd/mm/yyyy'),'Quota Previdenza Integrativa L.166/91',NULL,NULL,105,NULL,NULL,NULL,NULL,NULL,NULL);
INSERT INTO estrazione_valori_contabili ( ESTRAZIONE, COLONNA, DAL, AL, DESCRIZIONE, DESCRIZIONE_AL1, DESCRIZIONE_AL2, SEQUENZA, NOTE, MOLTIPLICA, ARROTONDA, DIVIDE, NOTE_AL1, NOTE_AL2) VALUES ('DENUNCIA_DMA','QUOTA_L166',to_date('01/07/1992','dd/mm/yyyy'),to_date('31/12/1992','dd/mm/yyyy'),'Quota Previdenza Integrativa L.166/91',NULL,NULL,105,NULL,NULL,NULL,NULL,NULL,NULL);
INSERT INTO estrazione_valori_contabili ( ESTRAZIONE, COLONNA, DAL, AL, DESCRIZIONE, DESCRIZIONE_AL1, DESCRIZIONE_AL2, SEQUENZA, NOTE, MOLTIPLICA, ARROTONDA, DIVIDE, NOTE_AL1, NOTE_AL2) VALUES ('DENUNCIA_DMA','QUOTA_L166',to_date('01/01/1993','dd/mm/yyyy'),to_date('30/11/1996','dd/mm/yyyy'),'Quota Previdenza Integrativa L.166/91',NULL,NULL,105,NULL,NULL,NULL,NULL,NULL,NULL);
INSERT INTO estrazione_valori_contabili ( ESTRAZIONE, COLONNA, DAL, AL, DESCRIZIONE, DESCRIZIONE_AL1, DESCRIZIONE_AL2, SEQUENZA, NOTE, MOLTIPLICA, ARROTONDA, DIVIDE, NOTE_AL1, NOTE_AL2) VALUES ('DENUNCIA_DMA','QUOTA_L166',to_date('01/12/1996','dd/mm/yyyy'),to_date('31/12/1996','dd/mm/yyyy'),'Quota Previdenza Integrativa L.166/91',NULL,NULL,105,NULL,NULL,NULL,NULL,NULL,NULL);
INSERT INTO estrazione_valori_contabili ( ESTRAZIONE, COLONNA, DAL, AL, DESCRIZIONE, DESCRIZIONE_AL1, DESCRIZIONE_AL2, SEQUENZA, NOTE, MOLTIPLICA, ARROTONDA, DIVIDE, NOTE_AL1, NOTE_AL2) VALUES ('DENUNCIA_DMA','QUOTA_L166',to_date('01/01/1997','dd/mm/yyyy'),NULL,'Quota Previdenza Integrativa L.166/91',NULL,NULL,105,NULL,NULL,NULL,NULL,NULL,NULL);
INSERT INTO estrazione_valori_contabili ( ESTRAZIONE, COLONNA, DAL, AL, DESCRIZIONE, DESCRIZIONE_AL1, DESCRIZIONE_AL2, SEQUENZA, NOTE, MOLTIPLICA, ARROTONDA, DIVIDE, NOTE_AL1, NOTE_AL2) VALUES ('DENUNCIA_DMA','CONTR_L166',to_date('01/01/1940','dd/mm/yyyy'),to_date('30/04/1991','dd/mm/yyyy'),'Contributi Previdenza Integrativa L.166/91',NULL,NULL,110,NULL,NULL,NULL,NULL,NULL,NULL);
INSERT INTO estrazione_valori_contabili ( ESTRAZIONE, COLONNA, DAL, AL, DESCRIZIONE, DESCRIZIONE_AL1, DESCRIZIONE_AL2, SEQUENZA, NOTE, MOLTIPLICA, ARROTONDA, DIVIDE, NOTE_AL1, NOTE_AL2) VALUES ('DENUNCIA_DMA','CONTR_L166',to_date('01/05/1991','dd/mm/yyyy'),to_date('31/12/1991','dd/mm/yyyy'),'Contributi Previdenza Integrativa L.166/91',NULL,NULL,110,NULL,NULL,NULL,NULL,NULL,NULL);
INSERT INTO estrazione_valori_contabili ( ESTRAZIONE, COLONNA, DAL, AL, DESCRIZIONE, DESCRIZIONE_AL1, DESCRIZIONE_AL2, SEQUENZA, NOTE, MOLTIPLICA, ARROTONDA, DIVIDE, NOTE_AL1, NOTE_AL2) VALUES ('DENUNCIA_DMA','CONTR_L166',to_date('01/01/1992','dd/mm/yyyy'),to_date('30/06/1992','dd/mm/yyyy'),'Contributi Previdenza Integrativa L.166/91',NULL,NULL,110,NULL,NULL,NULL,NULL,NULL,NULL);
INSERT INTO estrazione_valori_contabili ( ESTRAZIONE, COLONNA, DAL, AL, DESCRIZIONE, DESCRIZIONE_AL1, DESCRIZIONE_AL2, SEQUENZA, NOTE, MOLTIPLICA, ARROTONDA, DIVIDE, NOTE_AL1, NOTE_AL2) VALUES ('DENUNCIA_DMA','CONTR_L166',to_date('01/07/1992','dd/mm/yyyy'),to_date('31/12/1992','dd/mm/yyyy'),'Contributi Previdenza Integrativa L.166/91',NULL,NULL,110,NULL,NULL,NULL,NULL,NULL,NULL);
INSERT INTO estrazione_valori_contabili ( ESTRAZIONE, COLONNA, DAL, AL, DESCRIZIONE, DESCRIZIONE_AL1, DESCRIZIONE_AL2, SEQUENZA, NOTE, MOLTIPLICA, ARROTONDA, DIVIDE, NOTE_AL1, NOTE_AL2) VALUES ('DENUNCIA_DMA','CONTR_L166',to_date('01/01/1993','dd/mm/yyyy'),to_date('30/11/1996','dd/mm/yyyy'),'Contributi Previdenza Integrativa L.166/91',NULL,NULL,110,NULL,NULL,NULL,NULL,NULL,NULL);
INSERT INTO estrazione_valori_contabili ( ESTRAZIONE, COLONNA, DAL, AL, DESCRIZIONE, DESCRIZIONE_AL1, DESCRIZIONE_AL2, SEQUENZA, NOTE, MOLTIPLICA, ARROTONDA, DIVIDE, NOTE_AL1, NOTE_AL2) VALUES ('DENUNCIA_DMA','CONTR_L166',to_date('01/12/1996','dd/mm/yyyy'),to_date('31/12/1996','dd/mm/yyyy'),'Contributi Previdenza Integrativa L.166/91',NULL,NULL,110,NULL,NULL,NULL,NULL,NULL,NULL);
INSERT INTO estrazione_valori_contabili ( ESTRAZIONE, COLONNA, DAL, AL, DESCRIZIONE, DESCRIZIONE_AL1, DESCRIZIONE_AL2, SEQUENZA, NOTE, MOLTIPLICA, ARROTONDA, DIVIDE, NOTE_AL1, NOTE_AL2) VALUES ('DENUNCIA_DMA','CONTR_L166',to_date('01/01/1997','dd/mm/yyyy'),NULL,'Contributi Previdenza Integrativa L.166/91',NULL,NULL,110,NULL,NULL,NULL,NULL,NULL,NULL);
INSERT INTO estrazione_valori_contabili ( ESTRAZIONE, COLONNA, DAL, AL, DESCRIZIONE, DESCRIZIONE_AL1, DESCRIZIONE_AL2, SEQUENZA, NOTE, MOLTIPLICA, ARROTONDA, DIVIDE, NOTE_AL1, NOTE_AL2) VALUES ('DENUNCIA_DMA','COMP_PREMIO',to_date('01/01/1940','dd/mm/yyyy'),to_date('30/04/1991','dd/mm/yyyy'),'Retribuzione Decontribuita L.135/97',NULL,NULL,115,NULL,NULL,NULL,NULL,NULL,NULL);
INSERT INTO estrazione_valori_contabili ( ESTRAZIONE, COLONNA, DAL, AL, DESCRIZIONE, DESCRIZIONE_AL1, DESCRIZIONE_AL2, SEQUENZA, NOTE, MOLTIPLICA, ARROTONDA, DIVIDE, NOTE_AL1, NOTE_AL2) VALUES ('DENUNCIA_DMA','COMP_PREMIO',to_date('01/05/1991','dd/mm/yyyy'),to_date('31/12/1991','dd/mm/yyyy'),'Retribuzione Decontribuita L.135/97',NULL,NULL,115,NULL,NULL,NULL,NULL,NULL,NULL);
INSERT INTO estrazione_valori_contabili ( ESTRAZIONE, COLONNA, DAL, AL, DESCRIZIONE, DESCRIZIONE_AL1, DESCRIZIONE_AL2, SEQUENZA, NOTE, MOLTIPLICA, ARROTONDA, DIVIDE, NOTE_AL1, NOTE_AL2) VALUES ('DENUNCIA_DMA','COMP_PREMIO',to_date('01/01/1992','dd/mm/yyyy'),to_date('30/06/1992','dd/mm/yyyy'),'Retribuzione Decontribuita L.135/97',NULL,NULL,115,NULL,NULL,NULL,NULL,NULL,NULL);
INSERT INTO estrazione_valori_contabili ( ESTRAZIONE, COLONNA, DAL, AL, DESCRIZIONE, DESCRIZIONE_AL1, DESCRIZIONE_AL2, SEQUENZA, NOTE, MOLTIPLICA, ARROTONDA, DIVIDE, NOTE_AL1, NOTE_AL2) VALUES ('DENUNCIA_DMA','COMP_PREMIO',to_date('01/07/1992','dd/mm/yyyy'),to_date('31/12/1992','dd/mm/yyyy'),'Retribuzione Decontribuita L.135/97',NULL,NULL,115,NULL,NULL,NULL,NULL,NULL,NULL);
INSERT INTO estrazione_valori_contabili ( ESTRAZIONE, COLONNA, DAL, AL, DESCRIZIONE, DESCRIZIONE_AL1, DESCRIZIONE_AL2, SEQUENZA, NOTE, MOLTIPLICA, ARROTONDA, DIVIDE, NOTE_AL1, NOTE_AL2) VALUES ('DENUNCIA_DMA','COMP_PREMIO',to_date('01/01/1993','dd/mm/yyyy'),to_date('30/11/1996','dd/mm/yyyy'),'Retribuzione Decontribuita L.135/97',NULL,NULL,115,NULL,NULL,NULL,NULL,NULL,NULL);
INSERT INTO estrazione_valori_contabili ( ESTRAZIONE, COLONNA, DAL, AL, DESCRIZIONE, DESCRIZIONE_AL1, DESCRIZIONE_AL2, SEQUENZA, NOTE, MOLTIPLICA, ARROTONDA, DIVIDE, NOTE_AL1, NOTE_AL2) VALUES ('DENUNCIA_DMA','COMP_PREMIO',to_date('01/12/1996','dd/mm/yyyy'),to_date('31/12/1996','dd/mm/yyyy'),'Retribuzione Decontribuita L.135/97',NULL,NULL,115,NULL,NULL,NULL,NULL,NULL,NULL);
INSERT INTO estrazione_valori_contabili ( ESTRAZIONE, COLONNA, DAL, AL, DESCRIZIONE, DESCRIZIONE_AL1, DESCRIZIONE_AL2, SEQUENZA, NOTE, MOLTIPLICA, ARROTONDA, DIVIDE, NOTE_AL1, NOTE_AL2) VALUES ('DENUNCIA_DMA','COMP_PREMIO',to_date('01/01/1997','dd/mm/yyyy'),NULL,'Retribuzione Decontribuita L.135/97',NULL,NULL,115,NULL,NULL,NULL,NULL,NULL,NULL);
INSERT INTO estrazione_valori_contabili ( ESTRAZIONE, COLONNA, DAL, AL, DESCRIZIONE, DESCRIZIONE_AL1, DESCRIZIONE_AL2, SEQUENZA, NOTE, MOLTIPLICA, ARROTONDA, DIVIDE, NOTE_AL1, NOTE_AL2) VALUES ('DENUNCIA_DMA','CONTR_L135',to_date('01/01/1940','dd/mm/yyyy'),to_date('30/04/1991','dd/mm/yyyy'),'Contributi Previdenza Integrativa L.166/91',NULL,NULL,120,NULL,NULL,NULL,NULL,NULL,NULL);
INSERT INTO estrazione_valori_contabili ( ESTRAZIONE, COLONNA, DAL, AL, DESCRIZIONE, DESCRIZIONE_AL1, DESCRIZIONE_AL2, SEQUENZA, NOTE, MOLTIPLICA, ARROTONDA, DIVIDE, NOTE_AL1, NOTE_AL2) VALUES ('DENUNCIA_DMA','CONTR_L135',to_date('01/05/1991','dd/mm/yyyy'),to_date('31/12/1991','dd/mm/yyyy'),'Contributi Previdenza Integrativa L.166/91',NULL,NULL,120,NULL,NULL,NULL,NULL,NULL,NULL);
INSERT INTO estrazione_valori_contabili ( ESTRAZIONE, COLONNA, DAL, AL, DESCRIZIONE, DESCRIZIONE_AL1, DESCRIZIONE_AL2, SEQUENZA, NOTE, MOLTIPLICA, ARROTONDA, DIVIDE, NOTE_AL1, NOTE_AL2) VALUES ('DENUNCIA_DMA','CONTR_L135',to_date('01/01/1992','dd/mm/yyyy'),to_date('30/06/1992','dd/mm/yyyy'),'Contributi Previdenza Integrativa L.166/91',NULL,NULL,120,NULL,NULL,NULL,NULL,NULL,NULL);
INSERT INTO estrazione_valori_contabili ( ESTRAZIONE, COLONNA, DAL, AL, DESCRIZIONE, DESCRIZIONE_AL1, DESCRIZIONE_AL2, SEQUENZA, NOTE, MOLTIPLICA, ARROTONDA, DIVIDE, NOTE_AL1, NOTE_AL2) VALUES ('DENUNCIA_DMA','CONTR_L135',to_date('01/07/1992','dd/mm/yyyy'),to_date('31/12/1992','dd/mm/yyyy'),'Contributi Previdenza Integrativa L.166/91',NULL,NULL,120,NULL,NULL,NULL,NULL,NULL,NULL);
INSERT INTO estrazione_valori_contabili ( ESTRAZIONE, COLONNA, DAL, AL, DESCRIZIONE, DESCRIZIONE_AL1, DESCRIZIONE_AL2, SEQUENZA, NOTE, MOLTIPLICA, ARROTONDA, DIVIDE, NOTE_AL1, NOTE_AL2) VALUES ('DENUNCIA_DMA','CONTR_L135',to_date('01/01/1993','dd/mm/yyyy'),to_date('30/11/1996','dd/mm/yyyy'),'Contributi Previdenza Integrativa L.166/91',NULL,NULL,120,NULL,NULL,NULL,NULL,NULL,NULL);
INSERT INTO estrazione_valori_contabili ( ESTRAZIONE, COLONNA, DAL, AL, DESCRIZIONE, DESCRIZIONE_AL1, DESCRIZIONE_AL2, SEQUENZA, NOTE, MOLTIPLICA, ARROTONDA, DIVIDE, NOTE_AL1, NOTE_AL2) VALUES ('DENUNCIA_DMA','CONTR_L135',to_date('01/12/1996','dd/mm/yyyy'),to_date('31/12/1996','dd/mm/yyyy'),'Contributi Previdenza Integrativa L.166/91',NULL,NULL,120,NULL,NULL,NULL,NULL,NULL,NULL);
INSERT INTO estrazione_valori_contabili ( ESTRAZIONE, COLONNA, DAL, AL, DESCRIZIONE, DESCRIZIONE_AL1, DESCRIZIONE_AL2, SEQUENZA, NOTE, MOLTIPLICA, ARROTONDA, DIVIDE, NOTE_AL1, NOTE_AL2) VALUES ('DENUNCIA_DMA','CONTR_L135',to_date('01/01/1997','dd/mm/yyyy'),NULL,'Contributi Previdenza Integrativa L.166/91',NULL,NULL,120,NULL,NULL,NULL,NULL,NULL,NULL);
INSERT INTO estrazione_valori_contabili ( ESTRAZIONE, COLONNA, DAL, AL, DESCRIZIONE, DESCRIZIONE_AL1, DESCRIZIONE_AL2, SEQUENZA, NOTE, MOLTIPLICA, ARROTONDA, DIVIDE, NOTE_AL1, NOTE_AL2) VALUES ('DENUNCIA_DMA','CONTR_PENS_SOSPESI',to_date('01/01/1940','dd/mm/yyyy'),to_date('30/04/1991','dd/mm/yyyy'),'Contributi Pensione Sospesi',NULL,NULL,125,NULL,NULL,NULL,NULL,NULL,NULL);
INSERT INTO estrazione_valori_contabili ( ESTRAZIONE, COLONNA, DAL, AL, DESCRIZIONE, DESCRIZIONE_AL1, DESCRIZIONE_AL2, SEQUENZA, NOTE, MOLTIPLICA, ARROTONDA, DIVIDE, NOTE_AL1, NOTE_AL2) VALUES ('DENUNCIA_DMA','CONTR_PENS_SOSPESI',to_date('01/05/1991','dd/mm/yyyy'),to_date('31/12/1991','dd/mm/yyyy'),'Contributi Pensione Sospesi',NULL,NULL,125,NULL,NULL,NULL,NULL,NULL,NULL);
INSERT INTO estrazione_valori_contabili ( ESTRAZIONE, COLONNA, DAL, AL, DESCRIZIONE, DESCRIZIONE_AL1, DESCRIZIONE_AL2, SEQUENZA, NOTE, MOLTIPLICA, ARROTONDA, DIVIDE, NOTE_AL1, NOTE_AL2) VALUES ('DENUNCIA_DMA','CONTR_PENS_SOSPESI',to_date('01/01/1992','dd/mm/yyyy'),to_date('30/06/1992','dd/mm/yyyy'),'Contributi Pensione Sospesi',NULL,NULL,125,NULL,NULL,NULL,NULL,NULL,NULL);
INSERT INTO estrazione_valori_contabili ( ESTRAZIONE, COLONNA, DAL, AL, DESCRIZIONE, DESCRIZIONE_AL1, DESCRIZIONE_AL2, SEQUENZA, NOTE, MOLTIPLICA, ARROTONDA, DIVIDE, NOTE_AL1, NOTE_AL2) VALUES ('DENUNCIA_EMENS','FONDI_ANTE95_ARR',to_date('01/01/2000','dd/mm/yyyy'),NULL,'Fondi Speciali per Enti Privati',NULL,NULL,10,NULL,NULL,NULL,NULL,NULL,NULL);
INSERT INTO estrazione_valori_contabili ( ESTRAZIONE, COLONNA, DAL, AL, DESCRIZIONE, DESCRIZIONE_AL1, DESCRIZIONE_AL2, SEQUENZA, NOTE, MOLTIPLICA, ARROTONDA, DIVIDE, NOTE_AL1, NOTE_AL2) VALUES ('DENUNCIA_EMENS','MALATTIE',to_date('01/01/2000','dd/mm/yyyy'),NULL,'Voci malattie per privati',NULL,NULL,11,NULL,NULL,NULL,NULL,NULL,NULL);
INSERT INTO estrazione_valori_contabili ( ESTRAZIONE, COLONNA, DAL, AL, DESCRIZIONE, DESCRIZIONE_AL1, DESCRIZIONE_AL2, SEQUENZA, NOTE, MOLTIPLICA, ARROTONDA, DIVIDE, NOTE_AL1, NOTE_AL2) VALUES ('DENUNCIA_CUD','SOMME_00',to_date('01/01/2000','dd/mm/yyyy'),NULL,'Compensi in Natura - per Annotazioni',NULL,NULL,80,NULL,NULL,NULL,NULL,NULL,NULL);
INSERT INTO estrazione_valori_contabili ( ESTRAZIONE, COLONNA, DAL, AL, DESCRIZIONE, DESCRIZIONE_AL1, DESCRIZIONE_AL2, SEQUENZA, NOTE, MOLTIPLICA, ARROTONDA, DIVIDE, NOTE_AL1, NOTE_AL2) VALUES ('DENUNCIA_CUD','SOMME_09',to_date('01/01/2000','dd/mm/yyyy'),NULL,'Erogazioni Liberali - per Annotazioni',NULL,NULL,80,NULL,NULL,NULL,NULL,NULL,NULL);
INSERT INTO estrazione_valori_contabili ( ESTRAZIONE, COLONNA, DAL, AL, DESCRIZIONE, DESCRIZIONE_AL1, DESCRIZIONE_AL2, SEQUENZA, NOTE, MOLTIPLICA, ARROTONDA, DIVIDE, NOTE_AL1, NOTE_AL2) VALUES ('DENUNCIA_CUD','SOMME_10',to_date('01/01/2000','dd/mm/yyyy'),NULL,'Contr. prev. complementare - casella 28/29 CUD 2006',NULL,NULL,80,NULL,NULL,NULL,NULL,NULL,NULL);
INSERT INTO estrazione_valori_contabili ( ESTRAZIONE, COLONNA, DAL, AL, DESCRIZIONE, DESCRIZIONE_AL1, DESCRIZIONE_AL2, SEQUENZA, NOTE, MOLTIPLICA, ARROTONDA, DIVIDE, NOTE_AL1, NOTE_AL2) VALUES ('DENUNCIA_CUD','SOMME_11',to_date('01/01/2000','dd/mm/yyyy'),NULL,'Add.reg.sospesa da PDDL - casella del 770 ',NULL,NULL,80,NULL,NULL,NULL,NULL,NULL,NULL);
INSERT INTO estrazione_valori_contabili ( ESTRAZIONE, COLONNA, DAL, AL, DESCRIZIONE, DESCRIZIONE_AL1, DESCRIZIONE_AL2, SEQUENZA, NOTE, MOLTIPLICA, ARROTONDA, DIVIDE, NOTE_AL1, NOTE_AL2) VALUES ('DENUNCIA_CUD','SOMME_12',to_date('01/01/2000','dd/mm/yyyy'),NULL,'Add.com.sospesa da PDDL - casella del 770 ',NULL,NULL,80,NULL,NULL,NULL,NULL,NULL,NULL);
INSERT INTO estrazione_valori_contabili ( ESTRAZIONE, COLONNA, DAL, AL, DESCRIZIONE, DESCRIZIONE_AL1, DESCRIZIONE_AL2, SEQUENZA, NOTE, MOLTIPLICA, ARROTONDA, DIVIDE, NOTE_AL1, NOTE_AL2) VALUES ('DENUNCIA_CUD','SOMME_13',to_date('01/01/2000','dd/mm/yyyy'),NULL,'Presenza di Assicurazioni Sanitarie - casella 34 CUD 2006',NULL,NULL,80,NULL,NULL,NULL,NULL,NULL,NULL);
INSERT INTO estrazione_valori_contabili ( ESTRAZIONE, COLONNA, DAL, AL, DESCRIZIONE, DESCRIZIONE_AL1, DESCRIZIONE_AL2, SEQUENZA, NOTE, MOLTIPLICA, ARROTONDA, DIVIDE, NOTE_AL1, NOTE_AL2) VALUES ('DENUNCIA_CUD','SOMME_14',to_date('01/01/2000','dd/mm/yyyy'),NULL,'Contr. versati a enti assistenziali - casella 33 CUD 2006',NULL,NULL,80,NULL,NULL,NULL,NULL,NULL,NULL);
INSERT INTO estrazione_valori_contabili ( ESTRAZIONE, COLONNA, DAL, AL, DESCRIZIONE, DESCRIZIONE_AL1, DESCRIZIONE_AL2, SEQUENZA, NOTE, MOLTIPLICA, ARROTONDA, DIVIDE, NOTE_AL1, NOTE_AL2) VALUES ('DENUNCIA_CUD','PREV_13',to_date('01/01/2003','dd/mm/yyyy'),NULL,'Casella 55 - INPS ( Bonus L243 )',NULL,NULL,53,NULL,NULL,NULL,NULL,NULL,NULL);
INSERT INTO estrazione_valori_contabili ( ESTRAZIONE, COLONNA, DAL, AL, DESCRIZIONE, DESCRIZIONE_AL1, DESCRIZIONE_AL2, SEQUENZA, NOTE, MOLTIPLICA, ARROTONDA, DIVIDE, NOTE_AL1, NOTE_AL2) VALUES ('DENUNCIA_CUD','PREV_14',to_date('01/01/2003','dd/mm/yyyy'),NULL,'Casella 103 INPDAP - Contr. Sospesi 2002',NULL,NULL,54,NULL,NULL,NULL,NULL,NULL,NULL);
INSERT INTO estrazione_valori_contabili ( ESTRAZIONE, COLONNA, DAL, AL, DESCRIZIONE, DESCRIZIONE_AL1, DESCRIZIONE_AL2, SEQUENZA, NOTE, MOLTIPLICA, ARROTONDA, DIVIDE, NOTE_AL1, NOTE_AL2) VALUES ('DENUNCIA_CUD','PREV_15',to_date('01/01/2003','dd/mm/yyyy'),NULL,'Casella 104 INPDAP - Contr. Sospesi 2003',NULL,NULL,55,NULL,NULL,NULL,NULL,NULL,NULL);
INSERT INTO estrazione_valori_contabili ( ESTRAZIONE, COLONNA, DAL, AL, DESCRIZIONE, DESCRIZIONE_AL1, DESCRIZIONE_AL2, SEQUENZA, NOTE, MOLTIPLICA, ARROTONDA, DIVIDE, NOTE_AL1, NOTE_AL2) VALUES ('DENUNCIA_CUD','PREV_16',to_date('01/01/2003','dd/mm/yyyy'),NULL,'Casella 105 INPDAP - Contr. Sospesi 2004',NULL,NULL,56,NULL,NULL,NULL,NULL,NULL,NULL);
INSERT INTO estrazione_valori_contabili ( ESTRAZIONE, COLONNA, DAL, AL, DESCRIZIONE, DESCRIZIONE_AL1, DESCRIZIONE_AL2, SEQUENZA, NOTE, MOLTIPLICA, ARROTONDA, DIVIDE, NOTE_AL1, NOTE_AL2) VALUES ('DENUNCIA_CUD','TFR_139',to_date('01/01/2003','dd/mm/yyyy'),NULL,'Appoggio per Annotazione N11 . CUD 2004',NULL,NULL,99,NULL,NULL,NULL,NULL,NULL,NULL);
INSERT INTO estrazione_valori_contabili ( ESTRAZIONE, COLONNA, DAL, AL, DESCRIZIONE, DESCRIZIONE_AL1, DESCRIZIONE_AL2, SEQUENZA, NOTE, MOLTIPLICA, ARROTONDA, DIVIDE, NOTE_AL1, NOTE_AL2) VALUES ('DENUNCIA_GLA','ALIQUOTA_01',to_date('01/01/1990','dd/mm/yyyy'),NULL,'Aliquota a scaglioni',NULL,NULL,2,'<17.80> <18.80>',NULL,NULL,NULL,NULL,NULL);
INSERT INTO estrazione_valori_contabili ( ESTRAZIONE, COLONNA, DAL, AL, DESCRIZIONE, DESCRIZIONE_AL1, DESCRIZIONE_AL2, SEQUENZA, NOTE, MOLTIPLICA, ARROTONDA, DIVIDE, NOTE_AL1, NOTE_AL2) VALUES ('DENUNCIA_GLA','CONTRIBUTO_01',to_date('01/01/1990','dd/mm/yyyy'),NULL,'Contributo a scaglioni',NULL,NULL,3,NULL,NULL,NULL,NULL,NULL,NULL);
INSERT INTO estrazione_valori_contabili ( ESTRAZIONE, COLONNA, DAL, AL, DESCRIZIONE, DESCRIZIONE_AL1, DESCRIZIONE_AL2, SEQUENZA, NOTE, MOLTIPLICA, ARROTONDA, DIVIDE, NOTE_AL1, NOTE_AL2) VALUES ('DENUNCIA_GLA','IMPONIBILE_01',to_date('01/01/1990','dd/mm/yyyy'),NULL,'Imponibile a scaglioni',NULL,NULL,1,'<38641>',NULL,NULL,NULL,NULL,NULL);
INSERT INTO estrazione_valori_contabili ( ESTRAZIONE, COLONNA, DAL, AL, DESCRIZIONE, DESCRIZIONE_AL1, DESCRIZIONE_AL2, SEQUENZA, NOTE, MOLTIPLICA, ARROTONDA, DIVIDE, NOTE_AL1, NOTE_AL2) VALUES ('DENUNCIA_EMENS','ALIQUOTA',to_date('01/01/2000','dd/mm/yyyy'),NULL,'Aliquota INPS - Collaboratori 10 % e 15%',NULL,NULL,1,NULL,NULL,1,NULL,NULL,NULL);
INSERT INTO estrazione_valori_contabili ( ESTRAZIONE, COLONNA, DAL, AL, DESCRIZIONE, DESCRIZIONE_AL1, DESCRIZIONE_AL2, SEQUENZA, NOTE, MOLTIPLICA, ARROTONDA, DIVIDE, NOTE_AL1, NOTE_AL2) VALUES ('DENUNCIA_EMENS','IMPONIBILE',to_date('01/01/2000','dd/mm/yyyy'),NULL,'Imponibile INPS Dip. Non di Ruolo e Collaboratori 10 % e 15%',NULL,NULL,1,NULL,NULL,1,NULL,NULL,NULL);
INSERT INTO estrazione_valori_contabili ( ESTRAZIONE, COLONNA, DAL, AL, DESCRIZIONE, DESCRIZIONE_AL1, DESCRIZIONE_AL2, SEQUENZA, NOTE, MOLTIPLICA, ARROTONDA, DIVIDE, NOTE_AL1, NOTE_AL2) VALUES ('DENUNCIA_EMENS','ALIQUOTA_01',to_date('01/01/2000','dd/mm/yyyy'),NULL,'Aliquota INPS - Collaboratori aliquota 17.50  + 0.50',NULL,NULL,2,'<18.00><19.00>',NULL,1,NULL,NULL,NULL);
INSERT INTO estrazione_valori_contabili ( ESTRAZIONE, COLONNA, DAL, AL, DESCRIZIONE, DESCRIZIONE_AL1, DESCRIZIONE_AL2, SEQUENZA, NOTE, MOLTIPLICA, ARROTONDA, DIVIDE, NOTE_AL1, NOTE_AL2) VALUES ('DENUNCIA_EMENS','IMPONIBILE_01',to_date('01/01/2000','dd/mm/yyyy'),NULL,'Imponibile INPS - Collaboratori aliquota 17.50 + 0.50',NULL,NULL,2,'<38641><84049>',NULL,1,NULL,NULL,NULL);
INSERT INTO estrazione_valori_contabili ( ESTRAZIONE, COLONNA, DAL, AL, DESCRIZIONE, DESCRIZIONE_AL1, DESCRIZIONE_AL2, SEQUENZA, NOTE, MOLTIPLICA, ARROTONDA, DIVIDE, NOTE_AL1, NOTE_AL2) VALUES ('DENUNCIA_EMENS','AGEVOLAZIONE',to_date('01/01/2000','dd/mm/yyyy'),NULL,'Agevolazioni Collaboratori',NULL,NULL,3,NULL,NULL,1,NULL,NULL,NULL);
INSERT INTO estrazione_valori_contabili ( ESTRAZIONE, COLONNA, DAL, AL, DESCRIZIONE, DESCRIZIONE_AL1, DESCRIZIONE_AL2, SEQUENZA, NOTE, MOLTIPLICA, ARROTONDA, DIVIDE, NOTE_AL1, NOTE_AL2) VALUES ('DENUNCIA_EMENS','VARIABILI',to_date('01/01/2000','dd/mm/yyyy'),NULL,'Variabili Retributive',NULL,NULL,3,NULL,NULL,1,NULL,NULL,NULL);
INSERT INTO estrazione_valori_contabili ( ESTRAZIONE, COLONNA, DAL, AL, DESCRIZIONE, DESCRIZIONE_AL1, DESCRIZIONE_AL2, SEQUENZA, NOTE, MOLTIPLICA, ARROTONDA, DIVIDE, NOTE_AL1, NOTE_AL2) VALUES ('DENUNCIA_EMENS','PREAVVISO',to_date('01/01/2000','dd/mm/yyyy'),NULL,'Indennita sostitutiva del Preavviso',NULL,NULL,4,NULL,NULL,1,NULL,NULL,NULL);
INSERT INTO estrazione_valori_contabili ( ESTRAZIONE, COLONNA, DAL, AL, DESCRIZIONE, DESCRIZIONE_AL1, DESCRIZIONE_AL2, SEQUENZA, NOTE, MOLTIPLICA, ARROTONDA, DIVIDE, NOTE_AL1, NOTE_AL2) VALUES ('DENUNCIA_EMENS','BONUS',to_date('01/01/2000','dd/mm/yyyy'),NULL,'Lavoratori interessati all''incentivo L. 243/2004',NULL,NULL,5,NULL,NULL,1,NULL,NULL,NULL);
INSERT INTO estrazione_valori_contabili ( ESTRAZIONE, COLONNA, DAL, AL, DESCRIZIONE, DESCRIZIONE_AL1, DESCRIZIONE_AL2, SEQUENZA, NOTE, MOLTIPLICA, ARROTONDA, DIVIDE, NOTE_AL1, NOTE_AL2) VALUES ('DENUNCIA_EMENS','ESTERO',to_date('01/01/2000','dd/mm/yyyy'),NULL,'Lavoratori Inviati all''Estero',NULL,NULL,6,NULL,NULL,1,NULL,NULL,NULL);
INSERT INTO estrazione_valori_contabili ( ESTRAZIONE, COLONNA, DAL, AL, DESCRIZIONE, DESCRIZIONE_AL1, DESCRIZIONE_AL2, SEQUENZA, NOTE, MOLTIPLICA, ARROTONDA, DIVIDE, NOTE_AL1, NOTE_AL2) VALUES ('DENUNCIA_EMENS','ATIPICA',to_date('01/01/2000','dd/mm/yyyy'),NULL,'Contribuzione Atipica EX INPDAI',NULL,NULL,7,NULL,NULL,1,NULL,NULL,NULL);
INSERT INTO estrazione_valori_contabili ( ESTRAZIONE, COLONNA, DAL, AL, DESCRIZIONE, DESCRIZIONE_AL1, DESCRIZIONE_AL2, SEQUENZA, NOTE, MOLTIPLICA, ARROTONDA, DIVIDE, NOTE_AL1, NOTE_AL2) VALUES ('DENUNCIA_EMENS','SINDACALI',to_date('01/01/2000','dd/mm/yyyy'),NULL,'Contribuzione Aggiuntiva per aspettativa Sindacale',NULL,NULL,8,NULL,NULL,1,NULL,NULL,NULL);
INSERT INTO estrazione_valori_contabili ( ESTRAZIONE, COLONNA, DAL, AL, DESCRIZIONE, DESCRIZIONE_AL1, DESCRIZIONE_AL2, SEQUENZA, NOTE, MOLTIPLICA, ARROTONDA, DIVIDE, NOTE_AL1, NOTE_AL2) VALUES ('DENUNCIA_EMENS','COMPENSO',to_date('01/01/2000','dd/mm/yyyy'),NULL,'Compenso Collaboratori',NULL,NULL,10,NULL,NULL,1,NULL,NULL,NULL);
INSERT INTO estrazione_valori_contabili ( ESTRAZIONE, COLONNA, DAL, AL, DESCRIZIONE, DESCRIZIONE_AL1, DESCRIZIONE_AL2, SEQUENZA, NOTE, MOLTIPLICA, ARROTONDA, DIVIDE, NOTE_AL1, NOTE_AL2) VALUES ('CARTOLARIZZAZIONE','1_RICONGIUNZIONE',to_date('01/01/2005','dd/mm/yyyy'),NULL,'Ricongiunzione Cassa Stato',NULL,NULL,50,'12',NULL,NULL,NULL,NULL,NULL);
INSERT INTO estrazione_valori_contabili ( ESTRAZIONE, COLONNA, DAL, AL, DESCRIZIONE, DESCRIZIONE_AL1, DESCRIZIONE_AL2, SEQUENZA, NOTE, MOLTIPLICA, ARROTONDA, DIVIDE, NOTE_AL1, NOTE_AL2) VALUES ('CARTOLARIZZAZIONE','2_RICONGIUNZIONE',to_date('01/01/2005','dd/mm/yyyy'),NULL,'Ricongiunzione CPDEL',NULL,NULL,51,'12',NULL,NULL,NULL,NULL,NULL);
INSERT INTO estrazione_valori_contabili ( ESTRAZIONE, COLONNA, DAL, AL, DESCRIZIONE, DESCRIZIONE_AL1, DESCRIZIONE_AL2, SEQUENZA, NOTE, MOLTIPLICA, ARROTONDA, DIVIDE, NOTE_AL1, NOTE_AL2) VALUES ('CARTOLARIZZAZIONE','3_RICONGIUNZIONE',to_date('01/01/2005','dd/mm/yyyy'),NULL,'Ricongiunzione CPI',NULL,NULL,52,'12',NULL,NULL,NULL,NULL,NULL);
INSERT INTO estrazione_valori_contabili ( ESTRAZIONE, COLONNA, DAL, AL, DESCRIZIONE, DESCRIZIONE_AL1, DESCRIZIONE_AL2, SEQUENZA, NOTE, MOLTIPLICA, ARROTONDA, DIVIDE, NOTE_AL1, NOTE_AL2) VALUES ('CARTOLARIZZAZIONE','5_RICONGIUNZIONE',to_date('01/01/2005','dd/mm/yyyy'),NULL,'Ricongiunzione CPS',NULL,NULL,53,'12',NULL,NULL,NULL,NULL,NULL);
INSERT INTO estrazione_valori_contabili ( ESTRAZIONE, COLONNA, DAL, AL, DESCRIZIONE, DESCRIZIONE_AL1, DESCRIZIONE_AL2, SEQUENZA, NOTE, MOLTIPLICA, ARROTONDA, DIVIDE, NOTE_AL1, NOTE_AL2) VALUES ('CARTOLARIZZAZIONE','1_RISCATTO_PENSIONE',to_date('01/01/2005','dd/mm/yyyy'),NULL,'Riscatto ai fini pensionistici Cassa Stato',NULL,NULL,60,'11',NULL,NULL,NULL,NULL,NULL);
INSERT INTO estrazione_valori_contabili ( ESTRAZIONE, COLONNA, DAL, AL, DESCRIZIONE, DESCRIZIONE_AL1, DESCRIZIONE_AL2, SEQUENZA, NOTE, MOLTIPLICA, ARROTONDA, DIVIDE, NOTE_AL1, NOTE_AL2) VALUES ('CARTOLARIZZAZIONE','2_RISCATTO_PENSIONE',to_date('01/01/2005','dd/mm/yyyy'),NULL,'Riscatto ai fini pensionistici CPDEL',NULL,NULL,61,'11',NULL,NULL,NULL,NULL,NULL);
INSERT INTO estrazione_valori_contabili ( ESTRAZIONE, COLONNA, DAL, AL, DESCRIZIONE, DESCRIZIONE_AL1, DESCRIZIONE_AL2, SEQUENZA, NOTE, MOLTIPLICA, ARROTONDA, DIVIDE, NOTE_AL1, NOTE_AL2) VALUES ('CARTOLARIZZAZIONE','3_RISCATTO_PENSIONE',to_date('01/01/2005','dd/mm/yyyy'),NULL,'Riscatto ai fini pensionistici CPI',NULL,NULL,62,'11',NULL,NULL,NULL,NULL,NULL);
INSERT INTO estrazione_valori_contabili ( ESTRAZIONE, COLONNA, DAL, AL, DESCRIZIONE, DESCRIZIONE_AL1, DESCRIZIONE_AL2, SEQUENZA, NOTE, MOLTIPLICA, ARROTONDA, DIVIDE, NOTE_AL1, NOTE_AL2) VALUES ('CARTOLARIZZAZIONE','5_RISCATTO_PENSIONE',to_date('01/01/2005','dd/mm/yyyy'),NULL,'Riscatto ai fini pensionistici CPS',NULL,NULL,63,'11',NULL,NULL,NULL,NULL,NULL);
INSERT INTO estrazione_valori_contabili ( ESTRAZIONE, COLONNA, DAL, AL, DESCRIZIONE, DESCRIZIONE_AL1, DESCRIZIONE_AL2, SEQUENZA, NOTE, MOLTIPLICA, ARROTONDA, DIVIDE, NOTE_AL1, NOTE_AL2) VALUES ('CARTOLARIZZAZIONE','6_RISCATTO_TFS',to_date('01/01/2005','dd/mm/yyyy'),NULL,'Riscatto ai fini TFS - INADEL',NULL,NULL,70,'13',NULL,NULL,NULL,NULL,NULL);
INSERT INTO estrazione_valori_contabili ( ESTRAZIONE, COLONNA, DAL, AL, DESCRIZIONE, DESCRIZIONE_AL1, DESCRIZIONE_AL2, SEQUENZA, NOTE, MOLTIPLICA, ARROTONDA, DIVIDE, NOTE_AL1, NOTE_AL2) VALUES ('CARTOLARIZZAZIONE','6_RISCATTO_TFR',to_date('01/01/2005','dd/mm/yyyy'),NULL,'Riscatto ai fini TFR - INADEL',NULL,NULL,75,'28',NULL,NULL,NULL,NULL,NULL);
INSERT INTO estrazione_valori_contabili ( ESTRAZIONE, COLONNA, DAL, AL, DESCRIZIONE, DESCRIZIONE_AL1, DESCRIZIONE_AL2, SEQUENZA, NOTE, MOLTIPLICA, ARROTONDA, DIVIDE, NOTE_AL1, NOTE_AL2) VALUES ('CARTOLARIZZAZIONE','7_RISCATTO_TFS',to_date('01/01/2005','dd/mm/yyyy'),NULL,'Riscatto ai fini TFS - ENPAS ',NULL,NULL,77,'13',NULL,NULL,NULL,NULL,NULL);
INSERT INTO estrazione_valori_contabili ( ESTRAZIONE, COLONNA, DAL, AL, DESCRIZIONE, DESCRIZIONE_AL1, DESCRIZIONE_AL2, SEQUENZA, NOTE, MOLTIPLICA, ARROTONDA, DIVIDE, NOTE_AL1, NOTE_AL2) VALUES ('CARTOLARIZZAZIONE','7_RISCATTO_TFR',to_date('01/01/2005','dd/mm/yyyy'),NULL,'Riscatto ai fini TFR - ENPAS',NULL,NULL,78,'28',NULL,NULL,NULL,NULL,NULL);
INSERT INTO estrazione_valori_contabili ( ESTRAZIONE, COLONNA, DAL, AL, DESCRIZIONE, DESCRIZIONE_AL1, DESCRIZIONE_AL2, SEQUENZA, NOTE, MOLTIPLICA, ARROTONDA, DIVIDE, NOTE_AL1, NOTE_AL2) VALUES ('DENUNCIA_DMA','CONTR_PENS_SOSPESI',to_date('01/07/1992','dd/mm/yyyy'),to_date('31/12/1992','dd/mm/yyyy'),'Contributi Pensione Sospesi',NULL,NULL,125,NULL,NULL,NULL,NULL,NULL,NULL);
INSERT INTO estrazione_valori_contabili ( ESTRAZIONE, COLONNA, DAL, AL, DESCRIZIONE, DESCRIZIONE_AL1, DESCRIZIONE_AL2, SEQUENZA, NOTE, MOLTIPLICA, ARROTONDA, DIVIDE, NOTE_AL1, NOTE_AL2) VALUES ('DENUNCIA_DMA','CONTR_PENS_SOSPESI',to_date('01/01/1993','dd/mm/yyyy'),to_date('30/11/1996','dd/mm/yyyy'),'Contributi Pensione Sospesi',NULL,NULL,125,NULL,NULL,NULL,NULL,NULL,NULL);
INSERT INTO estrazione_valori_contabili ( ESTRAZIONE, COLONNA, DAL, AL, DESCRIZIONE, DESCRIZIONE_AL1, DESCRIZIONE_AL2, SEQUENZA, NOTE, MOLTIPLICA, ARROTONDA, DIVIDE, NOTE_AL1, NOTE_AL2) VALUES ('DENUNCIA_DMA','CONTR_PENS_SOSPESI',to_date('01/12/1996','dd/mm/yyyy'),to_date('31/12/1996','dd/mm/yyyy'),'Contributi Pensione Sospesi',NULL,NULL,125,NULL,NULL,NULL,NULL,NULL,NULL);
INSERT INTO estrazione_valori_contabili ( ESTRAZIONE, COLONNA, DAL, AL, DESCRIZIONE, DESCRIZIONE_AL1, DESCRIZIONE_AL2, SEQUENZA, NOTE, MOLTIPLICA, ARROTONDA, DIVIDE, NOTE_AL1, NOTE_AL2) VALUES ('DENUNCIA_DMA','CONTR_PENS_SOSPESI',to_date('01/01/1997','dd/mm/yyyy'),NULL,'Contributi Pensione Sospesi',NULL,NULL,125,NULL,NULL,NULL,NULL,NULL,NULL);
INSERT INTO estrazione_valori_contabili ( ESTRAZIONE, COLONNA, DAL, AL, DESCRIZIONE, DESCRIZIONE_AL1, DESCRIZIONE_AL2, SEQUENZA, NOTE, MOLTIPLICA, ARROTONDA, DIVIDE, NOTE_AL1, NOTE_AL2) VALUES ('DENUNCIA_DMA','CONTR_PREV_SOSPESI',to_date('01/01/1940','dd/mm/yyyy'),to_date('30/04/1991','dd/mm/yyyy'),'Contributi Previdenziali Sospesi',NULL,NULL,130,NULL,NULL,NULL,NULL,NULL,NULL);
INSERT INTO estrazione_valori_contabili ( ESTRAZIONE, COLONNA, DAL, AL, DESCRIZIONE, DESCRIZIONE_AL1, DESCRIZIONE_AL2, SEQUENZA, NOTE, MOLTIPLICA, ARROTONDA, DIVIDE, NOTE_AL1, NOTE_AL2) VALUES ('DENUNCIA_DMA','CONTR_PREV_SOSPESI',to_date('01/05/1991','dd/mm/yyyy'),to_date('31/12/1991','dd/mm/yyyy'),'Contributi Previdenziali Sospesi',NULL,NULL,130,NULL,NULL,NULL,NULL,NULL,NULL);
INSERT INTO estrazione_valori_contabili ( ESTRAZIONE, COLONNA, DAL, AL, DESCRIZIONE, DESCRIZIONE_AL1, DESCRIZIONE_AL2, SEQUENZA, NOTE, MOLTIPLICA, ARROTONDA, DIVIDE, NOTE_AL1, NOTE_AL2) VALUES ('DENUNCIA_DMA','CONTR_PREV_SOSPESI',to_date('01/01/1992','dd/mm/yyyy'),to_date('30/06/1992','dd/mm/yyyy'),'Contributi Previdenziali Sospesi',NULL,NULL,130,NULL,NULL,NULL,NULL,NULL,NULL);
INSERT INTO estrazione_valori_contabili ( ESTRAZIONE, COLONNA, DAL, AL, DESCRIZIONE, DESCRIZIONE_AL1, DESCRIZIONE_AL2, SEQUENZA, NOTE, MOLTIPLICA, ARROTONDA, DIVIDE, NOTE_AL1, NOTE_AL2) VALUES ('DENUNCIA_DMA','CONTR_PREV_SOSPESI',to_date('01/07/1992','dd/mm/yyyy'),to_date('31/12/1992','dd/mm/yyyy'),'Contributi Previdenziali Sospesi',NULL,NULL,130,NULL,NULL,NULL,NULL,NULL,NULL);
INSERT INTO estrazione_valori_contabili ( ESTRAZIONE, COLONNA, DAL, AL, DESCRIZIONE, DESCRIZIONE_AL1, DESCRIZIONE_AL2, SEQUENZA, NOTE, MOLTIPLICA, ARROTONDA, DIVIDE, NOTE_AL1, NOTE_AL2) VALUES ('DENUNCIA_DMA','CONTR_PREV_SOSPESI',to_date('01/01/1993','dd/mm/yyyy'),to_date('30/11/1996','dd/mm/yyyy'),'Contributi Previdenziali Sospesi',NULL,NULL,130,NULL,NULL,NULL,NULL,NULL,NULL);
INSERT INTO estrazione_valori_contabili ( ESTRAZIONE, COLONNA, DAL, AL, DESCRIZIONE, DESCRIZIONE_AL1, DESCRIZIONE_AL2, SEQUENZA, NOTE, MOLTIPLICA, ARROTONDA, DIVIDE, NOTE_AL1, NOTE_AL2) VALUES ('DENUNCIA_DMA','CONTR_PREV_SOSPESI',to_date('01/12/1996','dd/mm/yyyy'),to_date('31/12/1996','dd/mm/yyyy'),'Contributi Previdenziali Sospesi',NULL,NULL,130,NULL,NULL,NULL,NULL,NULL,NULL);
INSERT INTO estrazione_valori_contabili ( ESTRAZIONE, COLONNA, DAL, AL, DESCRIZIONE, DESCRIZIONE_AL1, DESCRIZIONE_AL2, SEQUENZA, NOTE, MOLTIPLICA, ARROTONDA, DIVIDE, NOTE_AL1, NOTE_AL2) VALUES ('DENUNCIA_DMA','CONTR_PREV_SOSPESI',to_date('01/01/1997','dd/mm/yyyy'),NULL,'Contributi Previdenziali Sospesi',NULL,NULL,130,NULL,NULL,NULL,NULL,NULL,NULL);
INSERT INTO estrazione_valori_contabili ( ESTRAZIONE, COLONNA, DAL, AL, DESCRIZIONE, DESCRIZIONE_AL1, DESCRIZIONE_AL2, SEQUENZA, NOTE, MOLTIPLICA, ARROTONDA, DIVIDE, NOTE_AL1, NOTE_AL2) VALUES ('DENUNCIA_DMA','SANZIONE_PENS',to_date('01/01/1940','dd/mm/yyyy'),to_date('30/04/1991','dd/mm/yyyy'),'Sanzione su Contributi Pensionabili',NULL,NULL,135,NULL,NULL,NULL,NULL,NULL,NULL);
INSERT INTO estrazione_valori_contabili ( ESTRAZIONE, COLONNA, DAL, AL, DESCRIZIONE, DESCRIZIONE_AL1, DESCRIZIONE_AL2, SEQUENZA, NOTE, MOLTIPLICA, ARROTONDA, DIVIDE, NOTE_AL1, NOTE_AL2) VALUES ('DENUNCIA_DMA','SANZIONE_PENS',to_date('01/05/1991','dd/mm/yyyy'),to_date('31/12/1991','dd/mm/yyyy'),'Sanzione su Contributi Pensionabili',NULL,NULL,135,NULL,NULL,NULL,NULL,NULL,NULL);
INSERT INTO estrazione_valori_contabili ( ESTRAZIONE, COLONNA, DAL, AL, DESCRIZIONE, DESCRIZIONE_AL1, DESCRIZIONE_AL2, SEQUENZA, NOTE, MOLTIPLICA, ARROTONDA, DIVIDE, NOTE_AL1, NOTE_AL2) VALUES ('DENUNCIA_DMA','SANZIONE_PENS',to_date('01/01/1992','dd/mm/yyyy'),to_date('30/06/1992','dd/mm/yyyy'),'Sanzione su Contributi Pensionabili',NULL,NULL,135,NULL,NULL,NULL,NULL,NULL,NULL);
INSERT INTO estrazione_valori_contabili ( ESTRAZIONE, COLONNA, DAL, AL, DESCRIZIONE, DESCRIZIONE_AL1, DESCRIZIONE_AL2, SEQUENZA, NOTE, MOLTIPLICA, ARROTONDA, DIVIDE, NOTE_AL1, NOTE_AL2) VALUES ('DENUNCIA_DMA','SANZIONE_PENS',to_date('01/07/1992','dd/mm/yyyy'),to_date('31/12/1992','dd/mm/yyyy'),'Sanzione su Contributi Pensionabili',NULL,NULL,135,NULL,NULL,NULL,NULL,NULL,NULL);
INSERT INTO estrazione_valori_contabili ( ESTRAZIONE, COLONNA, DAL, AL, DESCRIZIONE, DESCRIZIONE_AL1, DESCRIZIONE_AL2, SEQUENZA, NOTE, MOLTIPLICA, ARROTONDA, DIVIDE, NOTE_AL1, NOTE_AL2) VALUES ('DENUNCIA_DMA','SANZIONE_PENS',to_date('01/01/1993','dd/mm/yyyy'),to_date('30/11/1996','dd/mm/yyyy'),'Sanzione su Contributi Pensionabili',NULL,NULL,135,NULL,NULL,NULL,NULL,NULL,NULL);
INSERT INTO estrazione_valori_contabili ( ESTRAZIONE, COLONNA, DAL, AL, DESCRIZIONE, DESCRIZIONE_AL1, DESCRIZIONE_AL2, SEQUENZA, NOTE, MOLTIPLICA, ARROTONDA, DIVIDE, NOTE_AL1, NOTE_AL2) VALUES ('DENUNCIA_DMA','SANZIONE_PENS',to_date('01/12/1996','dd/mm/yyyy'),to_date('31/12/1996','dd/mm/yyyy'),'Sanzione su Contributi Pensionabili',NULL,NULL,135,NULL,NULL,NULL,NULL,NULL,NULL);
INSERT INTO estrazione_valori_contabili ( ESTRAZIONE, COLONNA, DAL, AL, DESCRIZIONE, DESCRIZIONE_AL1, DESCRIZIONE_AL2, SEQUENZA, NOTE, MOLTIPLICA, ARROTONDA, DIVIDE, NOTE_AL1, NOTE_AL2) VALUES ('DENUNCIA_DMA','SANZIONE_PENS',to_date('01/01/1997','dd/mm/yyyy'),NULL,'Sanzione su Contributi Pensionabili',NULL,NULL,135,NULL,NULL,NULL,NULL,NULL,NULL);
INSERT INTO estrazione_valori_contabili ( ESTRAZIONE, COLONNA, DAL, AL, DESCRIZIONE, DESCRIZIONE_AL1, DESCRIZIONE_AL2, SEQUENZA, NOTE, MOLTIPLICA, ARROTONDA, DIVIDE, NOTE_AL1, NOTE_AL2) VALUES ('DENUNCIA_DMA','SANZIONE_PREV',to_date('01/01/1940','dd/mm/yyyy'),to_date('30/04/1991','dd/mm/yyyy'),'Sanzione su Contributi Previdenziali',NULL,NULL,140,NULL,NULL,NULL,NULL,NULL,NULL);
INSERT INTO estrazione_valori_contabili ( ESTRAZIONE, COLONNA, DAL, AL, DESCRIZIONE, DESCRIZIONE_AL1, DESCRIZIONE_AL2, SEQUENZA, NOTE, MOLTIPLICA, ARROTONDA, DIVIDE, NOTE_AL1, NOTE_AL2) VALUES ('DENUNCIA_DMA','SANZIONE_PREV',to_date('01/05/1991','dd/mm/yyyy'),to_date('31/12/1991','dd/mm/yyyy'),'Sanzione su Contributi Previdenziali',NULL,NULL,140,NULL,NULL,NULL,NULL,NULL,NULL);
INSERT INTO estrazione_valori_contabili ( ESTRAZIONE, COLONNA, DAL, AL, DESCRIZIONE, DESCRIZIONE_AL1, DESCRIZIONE_AL2, SEQUENZA, NOTE, MOLTIPLICA, ARROTONDA, DIVIDE, NOTE_AL1, NOTE_AL2) VALUES ('DENUNCIA_DMA','SANZIONE_PREV',to_date('01/01/1992','dd/mm/yyyy'),to_date('30/06/1992','dd/mm/yyyy'),'Sanzione su Contributi Previdenziali',NULL,NULL,140,NULL,NULL,NULL,NULL,NULL,NULL);
INSERT INTO estrazione_valori_contabili ( ESTRAZIONE, COLONNA, DAL, AL, DESCRIZIONE, DESCRIZIONE_AL1, DESCRIZIONE_AL2, SEQUENZA, NOTE, MOLTIPLICA, ARROTONDA, DIVIDE, NOTE_AL1, NOTE_AL2) VALUES ('DENUNCIA_DMA','SANZIONE_PREV',to_date('01/07/1992','dd/mm/yyyy'),to_date('31/12/1992','dd/mm/yyyy'),'Sanzione su Contributi Previdenziali',NULL,NULL,140,NULL,NULL,NULL,NULL,NULL,NULL);
INSERT INTO estrazione_valori_contabili ( ESTRAZIONE, COLONNA, DAL, AL, DESCRIZIONE, DESCRIZIONE_AL1, DESCRIZIONE_AL2, SEQUENZA, NOTE, MOLTIPLICA, ARROTONDA, DIVIDE, NOTE_AL1, NOTE_AL2) VALUES ('DENUNCIA_DMA','SANZIONE_PREV',to_date('01/01/1993','dd/mm/yyyy'),to_date('30/11/1996','dd/mm/yyyy'),'Sanzione su Contributi Previdenziali',NULL,NULL,140,NULL,NULL,NULL,NULL,NULL,NULL);
INSERT INTO estrazione_valori_contabili ( ESTRAZIONE, COLONNA, DAL, AL, DESCRIZIONE, DESCRIZIONE_AL1, DESCRIZIONE_AL2, SEQUENZA, NOTE, MOLTIPLICA, ARROTONDA, DIVIDE, NOTE_AL1, NOTE_AL2) VALUES ('DENUNCIA_DMA','SANZIONE_PREV',to_date('01/12/1996','dd/mm/yyyy'),to_date('31/12/1996','dd/mm/yyyy'),'Sanzione su Contributi Previdenziali',NULL,NULL,140,NULL,NULL,NULL,NULL,NULL,NULL);
INSERT INTO estrazione_valori_contabili ( ESTRAZIONE, COLONNA, DAL, AL, DESCRIZIONE, DESCRIZIONE_AL1, DESCRIZIONE_AL2, SEQUENZA, NOTE, MOLTIPLICA, ARROTONDA, DIVIDE, NOTE_AL1, NOTE_AL2) VALUES ('DENUNCIA_DMA','SANZIONE_PREV',to_date('01/01/1997','dd/mm/yyyy'),NULL,'Sanzione su Contributi Previdenziali',NULL,NULL,140,NULL,NULL,NULL,NULL,NULL,NULL);
INSERT INTO estrazione_valori_contabili ( ESTRAZIONE, COLONNA, DAL, AL, DESCRIZIONE, DESCRIZIONE_AL1, DESCRIZIONE_AL2, SEQUENZA, NOTE, MOLTIPLICA, ARROTONDA, DIVIDE, NOTE_AL1, NOTE_AL2) VALUES ('DENUNCIA_DMA','SANZIONE_CRED',to_date('01/01/1940','dd/mm/yyyy'),to_date('30/04/1991','dd/mm/yyyy'),'Sanzione su Contributi Fondo Credito',NULL,NULL,145,NULL,NULL,NULL,NULL,NULL,NULL);
INSERT INTO estrazione_valori_contabili ( ESTRAZIONE, COLONNA, DAL, AL, DESCRIZIONE, DESCRIZIONE_AL1, DESCRIZIONE_AL2, SEQUENZA, NOTE, MOLTIPLICA, ARROTONDA, DIVIDE, NOTE_AL1, NOTE_AL2) VALUES ('DENUNCIA_DMA','SANZIONE_CRED',to_date('01/05/1991','dd/mm/yyyy'),to_date('31/12/1991','dd/mm/yyyy'),'Sanzione su Contributi Fondo Credito',NULL,NULL,145,NULL,NULL,NULL,NULL,NULL,NULL);
INSERT INTO estrazione_valori_contabili ( ESTRAZIONE, COLONNA, DAL, AL, DESCRIZIONE, DESCRIZIONE_AL1, DESCRIZIONE_AL2, SEQUENZA, NOTE, MOLTIPLICA, ARROTONDA, DIVIDE, NOTE_AL1, NOTE_AL2) VALUES ('DENUNCIA_DMA','SANZIONE_CRED',to_date('01/01/1992','dd/mm/yyyy'),to_date('30/06/1992','dd/mm/yyyy'),'Sanzione su Contributi Fondo Credito',NULL,NULL,145,NULL,NULL,NULL,NULL,NULL,NULL);
INSERT INTO estrazione_valori_contabili ( ESTRAZIONE, COLONNA, DAL, AL, DESCRIZIONE, DESCRIZIONE_AL1, DESCRIZIONE_AL2, SEQUENZA, NOTE, MOLTIPLICA, ARROTONDA, DIVIDE, NOTE_AL1, NOTE_AL2) VALUES ('DENUNCIA_DMA','SANZIONE_CRED',to_date('01/07/1992','dd/mm/yyyy'),to_date('31/12/1992','dd/mm/yyyy'),'Sanzione su Contributi Fondo Credito',NULL,NULL,145,NULL,NULL,NULL,NULL,NULL,NULL);
INSERT INTO estrazione_valori_contabili ( ESTRAZIONE, COLONNA, DAL, AL, DESCRIZIONE, DESCRIZIONE_AL1, DESCRIZIONE_AL2, SEQUENZA, NOTE, MOLTIPLICA, ARROTONDA, DIVIDE, NOTE_AL1, NOTE_AL2) VALUES ('DENUNCIA_DMA','SANZIONE_CRED',to_date('01/01/1993','dd/mm/yyyy'),to_date('30/11/1996','dd/mm/yyyy'),'Sanzione su Contributi Fondo Credito',NULL,NULL,145,NULL,NULL,NULL,NULL,NULL,NULL);
INSERT INTO estrazione_valori_contabili ( ESTRAZIONE, COLONNA, DAL, AL, DESCRIZIONE, DESCRIZIONE_AL1, DESCRIZIONE_AL2, SEQUENZA, NOTE, MOLTIPLICA, ARROTONDA, DIVIDE, NOTE_AL1, NOTE_AL2) VALUES ('DENUNCIA_DMA','SANZIONE_CRED',to_date('01/12/1996','dd/mm/yyyy'),to_date('31/12/1996','dd/mm/yyyy'),'Sanzione su Contributi Fondo Credito',NULL,NULL,145,NULL,NULL,NULL,NULL,NULL,NULL);
INSERT INTO estrazione_valori_contabili ( ESTRAZIONE, COLONNA, DAL, AL, DESCRIZIONE, DESCRIZIONE_AL1, DESCRIZIONE_AL2, SEQUENZA, NOTE, MOLTIPLICA, ARROTONDA, DIVIDE, NOTE_AL1, NOTE_AL2) VALUES ('DENUNCIA_DMA','SANZIONE_CRED',to_date('01/01/1997','dd/mm/yyyy'),NULL,'Sanzione su Contributi Fondo Credito',NULL,NULL,145,NULL,NULL,NULL,NULL,NULL,NULL);
INSERT INTO estrazione_valori_contabili ( ESTRAZIONE, COLONNA, DAL, AL, DESCRIZIONE, DESCRIZIONE_AL1, DESCRIZIONE_AL2, SEQUENZA, NOTE, MOLTIPLICA, ARROTONDA, DIVIDE, NOTE_AL1, NOTE_AL2) VALUES ('DENUNCIA_DMA','SANZIONE_ENPDEDP',to_date('01/01/1940','dd/mm/yyyy'),to_date('30/04/1991','dd/mm/yyyy'),'Sanzione su Contributi ENPDEDP',NULL,NULL,150,NULL,NULL,NULL,NULL,NULL,NULL);
INSERT INTO estrazione_valori_contabili ( ESTRAZIONE, COLONNA, DAL, AL, DESCRIZIONE, DESCRIZIONE_AL1, DESCRIZIONE_AL2, SEQUENZA, NOTE, MOLTIPLICA, ARROTONDA, DIVIDE, NOTE_AL1, NOTE_AL2) VALUES ('DENUNCIA_DMA','SANZIONE_ENPDEDP',to_date('01/05/1991','dd/mm/yyyy'),to_date('31/12/1991','dd/mm/yyyy'),'Sanzione su Contributi ENPDEDP',NULL,NULL,150,NULL,NULL,NULL,NULL,NULL,NULL);
INSERT INTO estrazione_valori_contabili ( ESTRAZIONE, COLONNA, DAL, AL, DESCRIZIONE, DESCRIZIONE_AL1, DESCRIZIONE_AL2, SEQUENZA, NOTE, MOLTIPLICA, ARROTONDA, DIVIDE, NOTE_AL1, NOTE_AL2) VALUES ('DENUNCIA_DMA','SANZIONE_ENPDEDP',to_date('01/01/1992','dd/mm/yyyy'),to_date('30/06/1992','dd/mm/yyyy'),'Sanzione su Contributi ENPDEDP',NULL,NULL,150,NULL,NULL,NULL,NULL,NULL,NULL);
INSERT INTO estrazione_valori_contabili ( ESTRAZIONE, COLONNA, DAL, AL, DESCRIZIONE, DESCRIZIONE_AL1, DESCRIZIONE_AL2, SEQUENZA, NOTE, MOLTIPLICA, ARROTONDA, DIVIDE, NOTE_AL1, NOTE_AL2) VALUES ('DENUNCIA_DMA','SANZIONE_ENPDEDP',to_date('01/07/1992','dd/mm/yyyy'),to_date('31/12/1992','dd/mm/yyyy'),'Sanzione su Contributi ENPDEDP',NULL,NULL,150,NULL,NULL,NULL,NULL,NULL,NULL);
INSERT INTO estrazione_valori_contabili ( ESTRAZIONE, COLONNA, DAL, AL, DESCRIZIONE, DESCRIZIONE_AL1, DESCRIZIONE_AL2, SEQUENZA, NOTE, MOLTIPLICA, ARROTONDA, DIVIDE, NOTE_AL1, NOTE_AL2) VALUES ('DENUNCIA_DMA','SANZIONE_ENPDEDP',to_date('01/01/1993','dd/mm/yyyy'),to_date('30/11/1996','dd/mm/yyyy'),'Sanzione su Contributi ENPDEDP',NULL,NULL,150,NULL,NULL,NULL,NULL,NULL,NULL);
INSERT INTO estrazione_valori_contabili ( ESTRAZIONE, COLONNA, DAL, AL, DESCRIZIONE, DESCRIZIONE_AL1, DESCRIZIONE_AL2, SEQUENZA, NOTE, MOLTIPLICA, ARROTONDA, DIVIDE, NOTE_AL1, NOTE_AL2) VALUES ('DENUNCIA_DMA','SANZIONE_ENPDEDP',to_date('01/12/1996','dd/mm/yyyy'),to_date('31/12/1996','dd/mm/yyyy'),'Sanzione su Contributi ENPDEDP',NULL,NULL,150,NULL,NULL,NULL,NULL,NULL,NULL);
INSERT INTO estrazione_valori_contabili ( ESTRAZIONE, COLONNA, DAL, AL, DESCRIZIONE, DESCRIZIONE_AL1, DESCRIZIONE_AL2, SEQUENZA, NOTE, MOLTIPLICA, ARROTONDA, DIVIDE, NOTE_AL1, NOTE_AL2) VALUES ('DENUNCIA_DMA','SANZIONE_ENPDEDP',to_date('01/01/1997','dd/mm/yyyy'),NULL,'Sanzione su Contributi ENPDEDP',NULL,NULL,150,NULL,NULL,NULL,NULL,NULL,NULL);
INSERT INTO estrazione_valori_contabili ( ESTRAZIONE, COLONNA, DAL, AL, DESCRIZIONE, DESCRIZIONE_AL1, DESCRIZIONE_AL2, SEQUENZA, NOTE, MOLTIPLICA, ARROTONDA, DIVIDE, NOTE_AL1, NOTE_AL2) VALUES ('DENUNCIA_DMA','ENPAS',to_date('01/01/1940','dd/mm/yyyy'),to_date('31/12/2002','dd/mm/yyyy'),'Contribuzione ENPAS',NULL,NULL,155,NULL,NULL,NULL,NULL,NULL,NULL);
INSERT INTO estrazione_valori_contabili ( ESTRAZIONE, COLONNA, DAL, AL, DESCRIZIONE, DESCRIZIONE_AL1, DESCRIZIONE_AL2, SEQUENZA, NOTE, MOLTIPLICA, ARROTONDA, DIVIDE, NOTE_AL1, NOTE_AL2) VALUES ('DENUNCIA_DMA','ENPAS',to_date('01/01/2003','dd/mm/yyyy'),NULL,'Contribuzione ENPAS',NULL,NULL,155,NULL,NULL,NULL,NULL,NULL,NULL);
INSERT INTO estrazione_valori_contabili ( ESTRAZIONE, COLONNA, DAL, AL, DESCRIZIONE, DESCRIZIONE_AL1, DESCRIZIONE_AL2, SEQUENZA, NOTE, MOLTIPLICA, ARROTONDA, DIVIDE, NOTE_AL1, NOTE_AL2) VALUES ('DENUNCIA_EMENS','FONDI_ANTE95',to_date('01/01/2000','dd/mm/yyyy'),NULL,'Fondi Speciali per Enti Privati',NULL,NULL,10,NULL,NULL,NULL,NULL,NULL,NULL);
INSERT INTO estrazione_valori_contabili ( ESTRAZIONE, COLONNA, DAL, AL, DESCRIZIONE, DESCRIZIONE_AL1, DESCRIZIONE_AL2, SEQUENZA, NOTE, MOLTIPLICA, ARROTONDA, DIVIDE, NOTE_AL1, NOTE_AL2) VALUES ('DENUNCIA_CUD','SOMME_16',to_date('01/01/2000','dd/mm/yyyy'),NULL,'Ritenute sospese da PDDL - casella del 770 ',NULL,NULL,80,NULL,NULL,NULL,NULL,NULL,NULL);
INSERT INTO estrazione_valori_contabili ( ESTRAZIONE, COLONNA, DAL, AL, DESCRIZIONE, DESCRIZIONE_AL1, DESCRIZIONE_AL2, SEQUENZA, NOTE, MOLTIPLICA, ARROTONDA, DIVIDE, NOTE_AL1, NOTE_AL2) VALUES ('DENUNCIA_EMENS','CONTRIBUTO_COCO_01',to_date('01/01/2000','dd/mm/yyyy'),NULL,'Contributo INPS a carico Coll. - 10% e 15% e Primo Scaglione',NULL,NULL,2,NULL,NULL,1,NULL,NULL,NULL);
INSERT INTO estrazione_valori_contabili ( ESTRAZIONE, COLONNA, DAL, AL, DESCRIZIONE, DESCRIZIONE_AL1, DESCRIZIONE_AL2, SEQUENZA, NOTE, MOLTIPLICA, ARROTONDA, DIVIDE, NOTE_AL1, NOTE_AL2) VALUES ('DENUNCIA_EMENS','CONTRIBUTO_COCO_02',to_date('01/01/2000','dd/mm/yyyy'),NULL,'Contributo INPS a carico Collaboratore - Secondo Scaglione',NULL,NULL,2,NULL,NULL,1,NULL,NULL,NULL);
INSERT INTO estrazione_valori_contabili ( ESTRAZIONE, COLONNA, DAL, AL, DESCRIZIONE, DESCRIZIONE_AL1, DESCRIZIONE_AL2, SEQUENZA, NOTE, MOLTIPLICA, ARROTONDA, DIVIDE, NOTE_AL1, NOTE_AL2) VALUES ('DENUNCIA_EMENS','RITENUTA',to_date('01/01/2000','dd/mm/yyyy'),NULL,'Ritenuta INPS a carico Dipendente',NULL,NULL,1,NULL,NULL,1,NULL,NULL,NULL);
INSERT INTO estrazione_valori_contabili ( ESTRAZIONE, COLONNA, DAL, AL, DESCRIZIONE, DESCRIZIONE_AL1, DESCRIZIONE_AL2, SEQUENZA, NOTE, MOLTIPLICA, ARROTONDA, DIVIDE, NOTE_AL1, NOTE_AL2) VALUES ('DENUNCIA_EMENS','RITENUTA_COCO_01',to_date('01/01/2000','dd/mm/yyyy'),NULL,'Ritenuta INPS a carico Coll. - 10% e 15% e Primo Scaglione',NULL,NULL,2,NULL,NULL,1,NULL,NULL,NULL);
INSERT INTO estrazione_valori_contabili ( ESTRAZIONE, COLONNA, DAL, AL, DESCRIZIONE, DESCRIZIONE_AL1, DESCRIZIONE_AL2, SEQUENZA, NOTE, MOLTIPLICA, ARROTONDA, DIVIDE, NOTE_AL1, NOTE_AL2) VALUES ('DENUNCIA_EMENS','RITENUTA_COCO_02',to_date('01/01/2000','dd/mm/yyyy'),NULL,'Ritenuta INPS a carico Collaboratore - Secondo Scaglione',NULL,NULL,2,NULL,NULL,1,NULL,NULL,NULL);
INSERT INTO estrazione_valori_contabili ( ESTRAZIONE, COLONNA, DAL, AL, DESCRIZIONE, DESCRIZIONE_AL1, DESCRIZIONE_AL2, SEQUENZA, NOTE, MOLTIPLICA, ARROTONDA, DIVIDE, NOTE_AL1, NOTE_AL2) VALUES ('DENUNCIA_EMENS','Q_C_INPS',to_date('01/01/2000','dd/mm/yyyy'),NULL,'Colonna di controllo su contributi INPS',NULL,NULL,103,NULL,NULL,NULL,NULL,NULL,NULL);
INSERT INTO estrazione_valori_contabili ( ESTRAZIONE, COLONNA, DAL, AL, DESCRIZIONE, DESCRIZIONE_AL1, DESCRIZIONE_AL2, SEQUENZA, NOTE, MOLTIPLICA, ARROTONDA, DIVIDE, NOTE_AL1, NOTE_AL2) VALUES ('DENUNCIA_EMENS','Q_INPS',to_date('01/01/2000','dd/mm/yyyy'),NULL,'Colonna di controllo su imponibili INPS',NULL,NULL,101,NULL,NULL,NULL,NULL,NULL,NULL);
INSERT INTO estrazione_valori_contabili ( ESTRAZIONE, COLONNA, DAL, AL, DESCRIZIONE, DESCRIZIONE_AL1, DESCRIZIONE_AL2, SEQUENZA, NOTE, MOLTIPLICA, ARROTONDA, DIVIDE, NOTE_AL1, NOTE_AL2) VALUES ('DENUNCIA_EMENS','Q_R_INPS',to_date('01/01/2000','dd/mm/yyyy'),NULL,'Colonna di controllo su ritenute INPS',NULL,NULL,102,NULL,NULL,NULL,NULL,NULL,NULL);
INSERT INTO estrazione_valori_contabili ( ESTRAZIONE, COLONNA, DAL, AL, DESCRIZIONE, DESCRIZIONE_AL1, DESCRIZIONE_AL2, SEQUENZA, NOTE, MOLTIPLICA, ARROTONDA, DIVIDE, NOTE_AL1, NOTE_AL2) VALUES ('DENUNCIA_DMA','Q_CP',to_date('01/01/1960','dd/mm/yyyy'),NULL,'Colonna di controllo su imponibili CPDEL',NULL,NULL,500,NULL,NULL,NULL,NULL,NULL,NULL);
INSERT INTO estrazione_valori_contabili ( ESTRAZIONE, COLONNA, DAL, AL, DESCRIZIONE, DESCRIZIONE_AL1, DESCRIZIONE_AL2, SEQUENZA, NOTE, MOLTIPLICA, ARROTONDA, DIVIDE, NOTE_AL1, NOTE_AL2) VALUES ('DENUNCIA_DMA','Q_TFS',to_date('01/01/1960','dd/mm/yyyy'),NULL,'Colonna di controllo su imponibili TFS',NULL,NULL,501,NULL,NULL,NULL,NULL,NULL,NULL);
INSERT INTO estrazione_valori_contabili ( ESTRAZIONE, COLONNA, DAL, AL, DESCRIZIONE, DESCRIZIONE_AL1, DESCRIZIONE_AL2, SEQUENZA, NOTE, MOLTIPLICA, ARROTONDA, DIVIDE, NOTE_AL1, NOTE_AL2) VALUES ('DENUNCIA_DMA','Q_TFR',to_date('01/01/1960','dd/mm/yyyy'),NULL,'Colonna di controllo su imponibili TFR',NULL,NULL,502,NULL,NULL,NULL,NULL,NULL,NULL);
INSERT INTO estrazione_valori_contabili ( ESTRAZIONE, COLONNA, DAL, AL, DESCRIZIONE, DESCRIZIONE_AL1, DESCRIZIONE_AL2, SEQUENZA, NOTE, MOLTIPLICA, ARROTONDA, DIVIDE, NOTE_AL1, NOTE_AL2) VALUES ('DENUNCIA_DMA','Q_FPC',to_date('01/01/1960','dd/mm/yyyy'),NULL,'Colonna di controllo su imponibili FPC',NULL,NULL,503,NULL,NULL,NULL,NULL,NULL,NULL);
INSERT INTO estrazione_valori_contabili ( ESTRAZIONE, COLONNA, DAL, AL, DESCRIZIONE, DESCRIZIONE_AL1, DESCRIZIONE_AL2, SEQUENZA, NOTE, MOLTIPLICA, ARROTONDA, DIVIDE, NOTE_AL1, NOTE_AL2) VALUES ('DENUNCIA_DMA','Q_ENPDEP',to_date('01/01/1960','dd/mm/yyyy'),NULL,'Colonna di controllo su imponibili ENPDEP',NULL,NULL,504,NULL,NULL,NULL,NULL,NULL,NULL);
INSERT INTO estrazione_valori_contabili ( ESTRAZIONE, COLONNA, DAL, AL, DESCRIZIONE, DESCRIZIONE_AL1, DESCRIZIONE_AL2, SEQUENZA, NOTE, MOLTIPLICA, ARROTONDA, DIVIDE, NOTE_AL1, NOTE_AL2) VALUES ('DENUNCIA_SOSTITUTI','COMPETENZE',to_date('01/01/2000','dd/mm/yyyy'),NULL,'Competenza ',NULL,NULL,1,'Vengono aggiunte nelle righe Totale e Non Soggette di SMDSI',NULL,NULL,NULL,NULL,NULL);
INSERT INTO estrazione_valori_contabili ( ESTRAZIONE, COLONNA, DAL, AL, DESCRIZIONE, DESCRIZIONE_AL1, DESCRIZIONE_AL2, SEQUENZA, NOTE, MOLTIPLICA, ARROTONDA, DIVIDE, NOTE_AL1, NOTE_AL2) VALUES ('DENUNCIA_SOSTITUTI','ALTRE_COMP',to_date('01/01/2000','dd/mm/yyyy'),NULL,'Altre Competenze Non soggette ',NULL,NULL,2,'Vengono aggiunte nella riga Non Soggette di SMDSI',NULL,NULL,NULL,NULL,NULL);
INSERT INTO estrazione_valori_contabili ( ESTRAZIONE, COLONNA, DAL, AL, DESCRIZIONE, DESCRIZIONE_AL1, DESCRIZIONE_AL2, SEQUENZA, NOTE, MOLTIPLICA, ARROTONDA, DIVIDE, NOTE_AL1, NOTE_AL2) VALUES ('DENUNCIA_SOSTITUTI','R_NO_FISC',to_date('01/01/2000','dd/mm/yyyy'),NULL,'Ritenute non soggette a Fiscale ',NULL,NULL,3,'Vengono aggiunte nella riga Non Soggette di SMDSI',NULL,NULL,NULL,NULL,NULL);
INSERT INTO estrazione_valori_contabili ( ESTRAZIONE, COLONNA, DAL, AL, DESCRIZIONE, DESCRIZIONE_AL1, DESCRIZIONE_AL2, SEQUENZA, NOTE, MOLTIPLICA, ARROTONDA, DIVIDE, NOTE_AL1, NOTE_AL2) VALUES ('DENUNCIA_SOSTITUTI','R_INPS',to_date('01/01/2000','dd/mm/yyyy'),NULL,'Ritenuta INPS',NULL,NULL,4,NULL,NULL,NULL,NULL,NULL,NULL);
INSERT INTO estrazione_valori_contabili ( ESTRAZIONE, COLONNA, DAL, AL, DESCRIZIONE, DESCRIZIONE_AL1, DESCRIZIONE_AL2, SEQUENZA, NOTE, MOLTIPLICA, ARROTONDA, DIVIDE, NOTE_AL1, NOTE_AL2) VALUES ('DENUNCIA_SOSTITUTI','C_INPS',to_date('01/01/2000','dd/mm/yyyy'),NULL,'Contributo INPS carico Ente',NULL,NULL,5,NULL,NULL,NULL,NULL,NULL,NULL);
INSERT INTO estrazione_valori_contabili ( ESTRAZIONE, COLONNA, DAL, AL, DESCRIZIONE, DESCRIZIONE_AL1, DESCRIZIONE_AL2, SEQUENZA, NOTE, MOLTIPLICA, ARROTONDA, DIVIDE, NOTE_AL1, NOTE_AL2) VALUES ('DENUNCIA_SOSTITUTI','ALTRE_RIT',to_date('01/01/2000','dd/mm/yyyy'),NULL,'Altre Ritenute',NULL,NULL,6,'Vengono stampante nella riga Altre ritenute di SMDSI',NULL,NULL,NULL,NULL,NULL);
INSERT INTO estrazione_valori_contabili ( ESTRAZIONE, COLONNA, DAL, AL, DESCRIZIONE, DESCRIZIONE_AL1, DESCRIZIONE_AL2, SEQUENZA, NOTE, MOLTIPLICA, ARROTONDA, DIVIDE, NOTE_AL1, NOTE_AL2) VALUES ('DENUNCIA_SOSTITUTI','NO_CONV',to_date('01/01/2000','dd/mm/yyyy'),NULL,'Somme soggette a ritenuta per regime convenzionale',NULL,NULL,6,NULL,NULL,NULL,NULL,NULL,NULL);
INSERT INTO estrazione_valori_contabili ( ESTRAZIONE, COLONNA, DAL, AL, DESCRIZIONE, DESCRIZIONE_AL1, DESCRIZIONE_AL2, SEQUENZA, NOTE, MOLTIPLICA, ARROTONDA, DIVIDE, NOTE_AL1, NOTE_AL2) VALUES ('DENUNCIA_SOSTITUTI','RIT_SOSP',to_date('01/01/2000','dd/mm/yyyy'),NULL,'Ritenute sospese',NULL,NULL,7,NULL,NULL,NULL,NULL,NULL,NULL);
INSERT INTO estrazione_valori_contabili ( ESTRAZIONE, COLONNA, DAL, AL, DESCRIZIONE, DESCRIZIONE_AL1, DESCRIZIONE_AL2, SEQUENZA, NOTE, MOLTIPLICA, ARROTONDA, DIVIDE, NOTE_AL1, NOTE_AL2) VALUES ('DENUNCIA_ONAOSI','RIT_ATTUALE',to_date('01/01/2005','dd/mm/yyyy'),NULL,'Voce di ritenuta utilizzata nel periodo',NULL,NULL,7,NULL,NULL,NULL,NULL,NULL,NULL);
INSERT INTO estrazione_valori_contabili ( ESTRAZIONE, COLONNA, DAL, AL, DESCRIZIONE, DESCRIZIONE_AL1, DESCRIZIONE_AL2, SEQUENZA, NOTE, MOLTIPLICA, ARROTONDA, DIVIDE, NOTE_AL1, NOTE_AL2) VALUES ('DENUNCIA_SOSTITUTI','SPESE_RIMB',to_date('01/01/2000','dd/mm/yyyy'),NULL,'Spese Rimborsate',NULL,NULL,8,NULL,NULL,NULL,NULL,NULL,NULL);
INSERT INTO estrazione_valori_contabili ( ESTRAZIONE, COLONNA, DAL, AL, DESCRIZIONE, DESCRIZIONE_AL1, DESCRIZIONE_AL2, SEQUENZA, NOTE, MOLTIPLICA, ARROTONDA, DIVIDE, NOTE_AL1, NOTE_AL2) VALUES ('DISOCCUPAZIONE_INPS','DS22',to_date('01/01/1940','dd/mm/yyyy'),NULL,NULL,NULL,NULL,1,NULL,NULL,NULL,NULL,NULL,NULL);
INSERT INTO estrazione_valori_contabili ( ESTRAZIONE, COLONNA, DAL, AL, DESCRIZIONE, DESCRIZIONE_AL1, DESCRIZIONE_AL2, SEQUENZA, NOTE, MOLTIPLICA, ARROTONDA, DIVIDE, NOTE_AL1, NOTE_AL2) VALUES ('DISOCCUPAZIONE_INPS','EMOLUMENTI',to_date('01/01/1940','dd/mm/yyyy'),NULL,NULL,NULL,NULL,2,NULL,NULL,NULL,NULL,NULL,NULL);
INSERT INTO estrazione_valori_contabili ( ESTRAZIONE, COLONNA, DAL, AL, DESCRIZIONE, DESCRIZIONE_AL1, DESCRIZIONE_AL2, SEQUENZA, NOTE, MOLTIPLICA, ARROTONDA, DIVIDE, NOTE_AL1, NOTE_AL2) VALUES ('DISOCCUPAZIONE_INPS','EMOLUMENTI_13A',to_date('01/01/1940','dd/mm/yyyy'),NULL,NULL,NULL,NULL,3,NULL,NULL,NULL,NULL,NULL,NULL);
INSERT INTO estrazione_valori_contabili ( ESTRAZIONE, COLONNA, DAL, AL, DESCRIZIONE, DESCRIZIONE_AL1, DESCRIZIONE_AL2, SEQUENZA, NOTE, MOLTIPLICA, ARROTONDA, DIVIDE, NOTE_AL1, NOTE_AL2) VALUES ('ESTRAZIONE_INFORTUNI','01',to_date('01/01/2001','dd/mm/yyyy'),NULL,'Voci per calcolo tariffa 13esima',NULL,NULL,1,NULL,NULL,NULL,NULL,NULL,NULL);
INSERT INTO estrazione_valori_contabili ( ESTRAZIONE, COLONNA, DAL, AL, DESCRIZIONE, DESCRIZIONE_AL1, DESCRIZIONE_AL2, SEQUENZA, NOTE, MOLTIPLICA, ARROTONDA, DIVIDE, NOTE_AL1, NOTE_AL2) VALUES ('ESTRAZIONE_INFORTUNI','CAMPO_E',to_date('01/01/2001','dd/mm/yyyy'),NULL,'Voci per valorizzazione campo E - Elementi Aggiuntivi',NULL,NULL,1,NULL,NULL,NULL,NULL,NULL,NULL);
INSERT INTO estrazione_valori_contabili ( ESTRAZIONE, COLONNA, DAL, AL, DESCRIZIONE, DESCRIZIONE_AL1, DESCRIZIONE_AL2, SEQUENZA, NOTE, MOLTIPLICA, ARROTONDA, DIVIDE, NOTE_AL1, NOTE_AL2) VALUES ('ESTRAZIONE_INFORTUNI','CAMPO_F',to_date('01/01/2001','dd/mm/yyyy'),NULL,'Voci per valorizzazione campo F - Elementi Aggiuntivi',NULL,NULL,1,NULL,NULL,NULL,NULL,NULL,NULL);
INSERT INTO estrazione_valori_contabili ( ESTRAZIONE, COLONNA, DAL, AL, DESCRIZIONE, DESCRIZIONE_AL1, DESCRIZIONE_AL2, SEQUENZA, NOTE, MOLTIPLICA, ARROTONDA, DIVIDE, NOTE_AL1, NOTE_AL2) VALUES ('ESTRAZIONE_INFORTUNI','CAMPO_G',to_date('01/01/2001','dd/mm/yyyy'),NULL,'Voci per valorizzazione campo G - Elementi Aggiuntivi',NULL,NULL,1,NULL,NULL,NULL,NULL,NULL,NULL);
INSERT INTO estrazione_valori_contabili ( ESTRAZIONE, COLONNA, DAL, AL, DESCRIZIONE, DESCRIZIONE_AL1, DESCRIZIONE_AL2, SEQUENZA, NOTE, MOLTIPLICA, ARROTONDA, DIVIDE, NOTE_AL1, NOTE_AL2) VALUES ('ESTRAZIONE_INFORTUNI','CAMPO_H',to_date('01/01/2001','dd/mm/yyyy'),NULL,'Voci per valorizzazione campo H - Elementi Aggiuntivi',NULL,NULL,1,NULL,NULL,NULL,NULL,NULL,NULL);
INSERT INTO estrazione_valori_contabili ( ESTRAZIONE, COLONNA, DAL, AL, DESCRIZIONE, DESCRIZIONE_AL1, DESCRIZIONE_AL2, SEQUENZA, NOTE, MOLTIPLICA, ARROTONDA, DIVIDE, NOTE_AL1, NOTE_AL2) VALUES ('ESTRAZIONE_INFORTUNI','CAMPO_I',to_date('01/01/2001','dd/mm/yyyy'),NULL,'Voci per valorizzazione campo I - Elementi Aggiuntivi',NULL,NULL,1,NULL,NULL,NULL,NULL,NULL,NULL);
INSERT INTO estrazione_valori_contabili ( ESTRAZIONE, COLONNA, DAL, AL, DESCRIZIONE, DESCRIZIONE_AL1, DESCRIZIONE_AL2, SEQUENZA, NOTE, MOLTIPLICA, ARROTONDA, DIVIDE, NOTE_AL1, NOTE_AL2) VALUES ('ESTRAZIONE_INFORTUNI','CAMPO_L',to_date('01/01/2001','dd/mm/yyyy'),NULL,'Voci per valorizzazione campo L - Elementi Aggiuntivi',NULL,NULL,1,NULL,NULL,NULL,NULL,NULL,NULL);
INSERT INTO estrazione_valori_contabili ( ESTRAZIONE, COLONNA, DAL, AL, DESCRIZIONE, DESCRIZIONE_AL1, DESCRIZIONE_AL2, SEQUENZA, NOTE, MOLTIPLICA, ARROTONDA, DIVIDE, NOTE_AL1, NOTE_AL2) VALUES ('ESTRAZIONE_INFORTUNI','ACCESSORIE',to_date('01/01/2001','dd/mm/yyyy'),NULL,'Voci per Estrazione Importo Accessorie',NULL,NULL,100,NULL,NULL,NULL,NULL,NULL,NULL);
INSERT INTO estrazione_valori_contabili ( ESTRAZIONE, COLONNA, DAL, AL, DESCRIZIONE, DESCRIZIONE_AL1, DESCRIZIONE_AL2, SEQUENZA, NOTE, MOLTIPLICA, ARROTONDA, DIVIDE, NOTE_AL1, NOTE_AL2) VALUES ('ESTRAZIONE_INFORTUNI','TREDICESIMA',to_date('01/01/2001','dd/mm/yyyy'),NULL,'Voci per Estrazione Importo Accessorie',NULL,NULL,100,NULL,NULL,NULL,NULL,NULL,NULL);
INSERT INTO estrazione_valori_contabili ( ESTRAZIONE, COLONNA, DAL, AL, DESCRIZIONE, DESCRIZIONE_AL1, DESCRIZIONE_AL2, SEQUENZA, NOTE, MOLTIPLICA, ARROTONDA, DIVIDE, NOTE_AL1, NOTE_AL2) VALUES ('DISOCCUPAZIONE_INPS','VARIABILI',to_date('01/01/1940','dd/mm/yyyy'),NULL,NULL,NULL,NULL,4,NULL,NULL,NULL,NULL,NULL,NULL);
INSERT INTO estrazione_valori_contabili ( ESTRAZIONE, COLONNA, DAL, AL, DESCRIZIONE, DESCRIZIONE_AL1, DESCRIZIONE_AL2, SEQUENZA, NOTE, MOLTIPLICA, ARROTONDA, DIVIDE, NOTE_AL1, NOTE_AL2) VALUES ('DENUNCIA_CUD','ONERI_29',to_date('01/01/2006','dd/mm/yyyy'),NULL,'Spese per la frequenza asili nido',NULL,NULL,29,'Spese per la frequenza asili nido',NULL,NULL,NULL,NULL,NULL);
INSERT INTO estrazione_valori_contabili ( ESTRAZIONE, COLONNA, DAL, AL, DESCRIZIONE, DESCRIZIONE_AL1, DESCRIZIONE_AL2, SEQUENZA, NOTE, MOLTIPLICA, ARROTONDA, DIVIDE, NOTE_AL1, NOTE_AL2) VALUES ('SMT_TAB8A','GG',to_date('01/01/1991','dd/mm/yyyy'),NULL,'Mensilita',NULL,NULL,1,NULL,NULL,NULL,NULL,NULL,NULL);
INSERT INTO estrazione_valori_contabili ( ESTRAZIONE, COLONNA, DAL, AL, DESCRIZIONE, DESCRIZIONE_AL1, DESCRIZIONE_AL2, SEQUENZA, NOTE, MOLTIPLICA, ARROTONDA, DIVIDE, NOTE_AL1, NOTE_AL2) VALUES ('DENUNCIA_EMENS','BASE_CALCOLO_TFR',to_date('01/01/2007','dd/mm/yyyy'),NULL,'Voce per Base Calcolo TFR - L.296/2006',NULL,NULL,12,NULL,NULL,NULL,NULL,NULL,NULL);
INSERT INTO estrazione_valori_contabili ( ESTRAZIONE, COLONNA, DAL, AL, DESCRIZIONE, DESCRIZIONE_AL1, DESCRIZIONE_AL2, SEQUENZA, NOTE, MOLTIPLICA, ARROTONDA, DIVIDE, NOTE_AL1, NOTE_AL2) VALUES ('DENUNCIA_EMENS','BASE_CALCOLO_PREV_COMPL',to_date('01/01/2007','dd/mm/yyyy'),NULL,'Voce per Base Calcolo Previdenza Complementare - L.296/2006',NULL,NULL,12,'Caricamento Voci per Tipo Quota QFIS',NULL,NULL,NULL,NULL,NULL);
INSERT INTO estrazione_valori_contabili ( ESTRAZIONE, COLONNA, DAL, AL, DESCRIZIONE, DESCRIZIONE_AL1, DESCRIZIONE_AL2, SEQUENZA, NOTE, MOLTIPLICA, ARROTONDA, DIVIDE, NOTE_AL1, NOTE_AL2) VALUES ('DENUNCIA_EMENS','BASE_CALCOLO_QRUT',to_date('01/01/2007','dd/mm/yyyy'),NULL,'Voce per Base Calcolo Previdenza Complementare - L.296/2006',NULL,NULL,12,'Caricamento Voci per Tipo Quota QRUT',NULL,NULL,NULL,NULL,NULL);
INSERT INTO estrazione_valori_contabili ( ESTRAZIONE, COLONNA, DAL, AL, DESCRIZIONE, DESCRIZIONE_AL1, DESCRIZIONE_AL2, SEQUENZA, NOTE, MOLTIPLICA, ARROTONDA, DIVIDE, NOTE_AL1, NOTE_AL2) VALUES ('DENUNCIA_EMENS','BASE_CALCOLO_QTFR',to_date('01/01/2007','dd/mm/yyyy'),NULL,'Voce per Base Calcolo Previdenza Complementare - L.296/2006',NULL,NULL,12,'Caricamento Voci per Tipo Quota QTFR',NULL,NULL,NULL,NULL,NULL);
INSERT INTO estrazione_valori_contabili ( ESTRAZIONE, COLONNA, DAL, AL, DESCRIZIONE, DESCRIZIONE_AL1, DESCRIZIONE_AL2, SEQUENZA, NOTE, MOLTIPLICA, ARROTONDA, DIVIDE, NOTE_AL1, NOTE_AL2) VALUES ('DENUNCIA_ENPAM','01',to_date('01/01/2000','dd/mm/yyyy'),NULL,'Importo',NULL,NULL,1,NULL,NULL,NULL,NULL,NULL,NULL);

WHENEVER SQLERROR EXIT

ALTER TABLE estrazione_valori_contabili ENABLE ALL TRIGGERS;


REM ============================================================
REM    Extract TABLE :   RELAZIONE_ATTR_CHIAVE
REM ============================================================

WHENEVER SQLERROR EXIT

ALTER TABLE relazione_attr_chiave DISABLE ALL TRIGGERS;

WHENEVER SQLERROR CONTINUE

INSERT INTO relazione_attr_chiave ( CHIAVE, SEQUENZA, ATTRIBUTO, DESCRIZIONE, DESCRIZIONE_AL1, DESCRIZIONE_AL2, ALIAS) VALUES ('GESTIONE_N',1,'_GESTIONE','Sequenza di esposizione',NULL,NULL,'S');
INSERT INTO relazione_attr_chiave ( CHIAVE, SEQUENZA, ATTRIBUTO, DESCRIZIONE, DESCRIZIONE_AL1, DESCRIZIONE_AL2, ALIAS) VALUES ('GESTIONE_N',2,'GESTIONE','Codice',NULL,NULL,'C');
INSERT INTO relazione_attr_chiave ( CHIAVE, SEQUENZA, ATTRIBUTO, DESCRIZIONE, DESCRIZIONE_AL1, DESCRIZIONE_AL2, ALIAS) VALUES ('GESTIONE_N',3,'GESTIONE_D','Descrizione',NULL,NULL,'D');
INSERT INTO relazione_attr_chiave ( CHIAVE, SEQUENZA, ATTRIBUTO, DESCRIZIONE, DESCRIZIONE_AL1, DESCRIZIONE_AL2, ALIAS) VALUES ('ISTITUTO',1,'_ISTITUTO','Sequenza di esposizione',NULL,NULL,'S');
INSERT INTO relazione_attr_chiave ( CHIAVE, SEQUENZA, ATTRIBUTO, DESCRIZIONE, DESCRIZIONE_AL1, DESCRIZIONE_AL2, ALIAS) VALUES ('ISTITUTO',2,'ISTITUTO','Codice',NULL,NULL,'C');
INSERT INTO relazione_attr_chiave ( CHIAVE, SEQUENZA, ATTRIBUTO, DESCRIZIONE, DESCRIZIONE_AL1, DESCRIZIONE_AL2, ALIAS) VALUES ('ISTITUTO',3,'ISTITUTO_D','Descrizione',NULL,NULL,'D');
INSERT INTO relazione_attr_chiave ( CHIAVE, SEQUENZA, ATTRIBUTO, DESCRIZIONE, DESCRIZIONE_AL1, DESCRIZIONE_AL2, ALIAS) VALUES ('CDC',1,'_CDC','Sequenza di esposizione',NULL,NULL,'S');
INSERT INTO relazione_attr_chiave ( CHIAVE, SEQUENZA, ATTRIBUTO, DESCRIZIONE, DESCRIZIONE_AL1, DESCRIZIONE_AL2, ALIAS) VALUES ('CDC',2,'CDC','Codice',NULL,NULL,'C');
INSERT INTO relazione_attr_chiave ( CHIAVE, SEQUENZA, ATTRIBUTO, DESCRIZIONE, DESCRIZIONE_AL1, DESCRIZIONE_AL2, ALIAS) VALUES ('CDC',3,'CDC_D','Descrizione',NULL,NULL,'D');
INSERT INTO relazione_attr_chiave ( CHIAVE, SEQUENZA, ATTRIBUTO, DESCRIZIONE, DESCRIZIONE_AL1, DESCRIZIONE_AL2, ALIAS) VALUES ('REGIONE',1,'_REGIONE_RES','Sequenza di esposizione',NULL,NULL,'S');
INSERT INTO relazione_attr_chiave ( CHIAVE, SEQUENZA, ATTRIBUTO, DESCRIZIONE, DESCRIZIONE_AL1, DESCRIZIONE_AL2, ALIAS) VALUES ('REGIONE',2,'REGIONE_RES','Codice della Regione',NULL,NULL,'C');
INSERT INTO relazione_attr_chiave ( CHIAVE, SEQUENZA, ATTRIBUTO, DESCRIZIONE, DESCRIZIONE_AL1, DESCRIZIONE_AL2, ALIAS) VALUES ('REGIONE',3,'REGIONE_RES_D','Descrizione della Regione',NULL,NULL,'D');
INSERT INTO relazione_attr_chiave ( CHIAVE, SEQUENZA, ATTRIBUTO, DESCRIZIONE, DESCRIZIONE_AL1, DESCRIZIONE_AL2, ALIAS) VALUES ('COMUNE',1,'_COMUNE_NAS','Sequenza di esposizione',NULL,NULL,'S');
INSERT INTO relazione_attr_chiave ( CHIAVE, SEQUENZA, ATTRIBUTO, DESCRIZIONE, DESCRIZIONE_AL1, DESCRIZIONE_AL2, ALIAS) VALUES ('COMUNE',2,'COMUNE_NAS','Codice_Provincia||Codice_Comune',NULL,NULL,'C');
INSERT INTO relazione_attr_chiave ( CHIAVE, SEQUENZA, ATTRIBUTO, DESCRIZIONE, DESCRIZIONE_AL1, DESCRIZIONE_AL2, ALIAS) VALUES ('COMUNE',3,'COMUNE_NAS_D','Descrizione del Comune',NULL,NULL,'D');
INSERT INTO relazione_attr_chiave ( CHIAVE, SEQUENZA, ATTRIBUTO, DESCRIZIONE, DESCRIZIONE_AL1, DESCRIZIONE_AL2, ALIAS) VALUES ('PROVINCIA',1,'_PROVINCIA_NAS','Sequenza di esposizione',NULL,NULL,'S');
INSERT INTO relazione_attr_chiave ( CHIAVE, SEQUENZA, ATTRIBUTO, DESCRIZIONE, DESCRIZIONE_AL1, DESCRIZIONE_AL2, ALIAS) VALUES ('PROVINCIA',2,'PROVINCIA_NAS','Sigla Provincia',NULL,NULL,'C');
INSERT INTO relazione_attr_chiave ( CHIAVE, SEQUENZA, ATTRIBUTO, DESCRIZIONE, DESCRIZIONE_AL1, DESCRIZIONE_AL2, ALIAS) VALUES ('PROVINCIA',3,'PROVINCIA_NAS_D','Descrizione',NULL,NULL,'D');
INSERT INTO relazione_attr_chiave ( CHIAVE, SEQUENZA, ATTRIBUTO, DESCRIZIONE, DESCRIZIONE_AL1, DESCRIZIONE_AL2, ALIAS) VALUES ('GESTIONE_INPS',1,'_GESTIONE_INPS','Sequenza di esposizione',NULL,NULL,'S');
INSERT INTO relazione_attr_chiave ( CHIAVE, SEQUENZA, ATTRIBUTO, DESCRIZIONE, DESCRIZIONE_AL1, DESCRIZIONE_AL2, ALIAS) VALUES ('GESTIONE_INPS',2,'GESTIONE_INPS','Codice',NULL,NULL,'C');
INSERT INTO relazione_attr_chiave ( CHIAVE, SEQUENZA, ATTRIBUTO, DESCRIZIONE, DESCRIZIONE_AL1, DESCRIZIONE_AL2, ALIAS) VALUES ('GESTIONE_INPS',3,'GESTIONE_INPS_D','Descrizione',NULL,NULL,'D');
INSERT INTO relazione_attr_chiave ( CHIAVE, SEQUENZA, ATTRIBUTO, DESCRIZIONE, DESCRIZIONE_AL1, DESCRIZIONE_AL2, ALIAS) VALUES ('SETTOREB',2,'SETTORE.B','Codice',NULL,NULL,'C');
INSERT INTO relazione_attr_chiave ( CHIAVE, SEQUENZA, ATTRIBUTO, DESCRIZIONE, DESCRIZIONE_AL1, DESCRIZIONE_AL2, ALIAS) VALUES ('SETTOREB',3,'SETTORE.B_D','Descrizione',NULL,NULL,'D');
INSERT INTO relazione_attr_chiave ( CHIAVE, SEQUENZA, ATTRIBUTO, DESCRIZIONE, DESCRIZIONE_AL1, DESCRIZIONE_AL2, ALIAS) VALUES ('GESTIONE',2,'GESTIONE','Codice',NULL,NULL,'C');
INSERT INTO relazione_attr_chiave ( CHIAVE, SEQUENZA, ATTRIBUTO, DESCRIZIONE, DESCRIZIONE_AL1, DESCRIZIONE_AL2, ALIAS) VALUES ('SEDE',2,'SEDE','Codice',NULL,NULL,'C');
INSERT INTO relazione_attr_chiave ( CHIAVE, SEQUENZA, ATTRIBUTO, DESCRIZIONE, DESCRIZIONE_AL1, DESCRIZIONE_AL2, ALIAS) VALUES ('SEDE',3,'SEDE_D','Descrizione',NULL,NULL,'D');
INSERT INTO relazione_attr_chiave ( CHIAVE, SEQUENZA, ATTRIBUTO, DESCRIZIONE, DESCRIZIONE_AL1, DESCRIZIONE_AL2, ALIAS) VALUES ('LIVELLO',3,'LIVELLO_D','Descrizione',NULL,NULL,'D');
INSERT INTO relazione_attr_chiave ( CHIAVE, SEQUENZA, ATTRIBUTO, DESCRIZIONE, DESCRIZIONE_AL1, DESCRIZIONE_AL2, ALIAS) VALUES ('SEDE',1,'_SEDE','Sequenza di esposizione',NULL,NULL,'S');
INSERT INTO relazione_attr_chiave ( CHIAVE, SEQUENZA, ATTRIBUTO, DESCRIZIONE, DESCRIZIONE_AL1, DESCRIZIONE_AL2, ALIAS) VALUES ('INAIL',1,'_INAIL','Sequenza di esposizione',NULL,NULL,'S');
INSERT INTO relazione_attr_chiave ( CHIAVE, SEQUENZA, ATTRIBUTO, DESCRIZIONE, DESCRIZIONE_AL1, DESCRIZIONE_AL2, ALIAS) VALUES ('BANCA',1,'_BANCA','Sequenza di esposizione',NULL,NULL,'S');
INSERT INTO relazione_attr_chiave ( CHIAVE, SEQUENZA, ATTRIBUTO, DESCRIZIONE, DESCRIZIONE_AL1, DESCRIZIONE_AL2, ALIAS) VALUES ('SPORTELLO',1,'_SPORTELLO','Sequenza di esposizione',NULL,NULL,'S');
INSERT INTO relazione_attr_chiave ( CHIAVE, SEQUENZA, ATTRIBUTO, DESCRIZIONE, DESCRIZIONE_AL1, DESCRIZIONE_AL2, ALIAS) VALUES ('RAPPORTO',1,'_RAPPORTO','Sequenza di esposizione',NULL,NULL,'S');
INSERT INTO relazione_attr_chiave ( CHIAVE, SEQUENZA, ATTRIBUTO, DESCRIZIONE, DESCRIZIONE_AL1, DESCRIZIONE_AL2, ALIAS) VALUES ('GRUPPO',1,'_GRUPPO','Sequenza di esposizione',NULL,NULL,'S');
INSERT INTO relazione_attr_chiave ( CHIAVE, SEQUENZA, ATTRIBUTO, DESCRIZIONE, DESCRIZIONE_AL1, DESCRIZIONE_AL2, ALIAS) VALUES ('CONTRATTO',1,'_CONTRATTO','Sequenza di esposizione',NULL,NULL,'S');
INSERT INTO relazione_attr_chiave ( CHIAVE, SEQUENZA, ATTRIBUTO, DESCRIZIONE, DESCRIZIONE_AL1, DESCRIZIONE_AL2, ALIAS) VALUES ('QUALIFICA',1,'_QUALIFICA','Sequenza di esposizione',NULL,NULL,'S');
INSERT INTO relazione_attr_chiave ( CHIAVE, SEQUENZA, ATTRIBUTO, DESCRIZIONE, DESCRIZIONE_AL1, DESCRIZIONE_AL2, ALIAS) VALUES ('ALFABETICO',1,'_NOMINATIVO','Sequenza di esposizione',NULL,NULL,'S');
INSERT INTO relazione_attr_chiave ( CHIAVE, SEQUENZA, ATTRIBUTO, DESCRIZIONE, DESCRIZIONE_AL1, DESCRIZIONE_AL2, ALIAS) VALUES ('MATRICOLA',1,'_MATRICOLA','Sequenza di esposizione',NULL,NULL,'S');
INSERT INTO relazione_attr_chiave ( CHIAVE, SEQUENZA, ATTRIBUTO, DESCRIZIONE, DESCRIZIONE_AL1, DESCRIZIONE_AL2, ALIAS) VALUES ('NULLA',1,'_ASTERISCO','Sequenza di esposizione',NULL,NULL,'S');
INSERT INTO relazione_attr_chiave ( CHIAVE, SEQUENZA, ATTRIBUTO, DESCRIZIONE, DESCRIZIONE_AL1, DESCRIZIONE_AL2, ALIAS) VALUES ('ENTE',1,'ZERO','Sequenza di esposizione',NULL,NULL,'S');
INSERT INTO relazione_attr_chiave ( CHIAVE, SEQUENZA, ATTRIBUTO, DESCRIZIONE, DESCRIZIONE_AL1, DESCRIZIONE_AL2, ALIAS) VALUES ('SETTOREC',1,'_SETTORE.C','Sequenza di esposizione',NULL,NULL,'S');
INSERT INTO relazione_attr_chiave ( CHIAVE, SEQUENZA, ATTRIBUTO, DESCRIZIONE, DESCRIZIONE_AL1, DESCRIZIONE_AL2, ALIAS) VALUES ('FUNZIONALE',1,'_FUNZIONALE','Sequenza di esposizione',NULL,NULL,'S');
INSERT INTO relazione_attr_chiave ( CHIAVE, SEQUENZA, ATTRIBUTO, DESCRIZIONE, DESCRIZIONE_AL1, DESCRIZIONE_AL2, ALIAS) VALUES ('RUOLO_SOCI',2,'SOCI','Codice',NULL,NULL,'C');
INSERT INTO relazione_attr_chiave ( CHIAVE, SEQUENZA, ATTRIBUTO, DESCRIZIONE, DESCRIZIONE_AL1, DESCRIZIONE_AL2, ALIAS) VALUES ('RUOLO_SOCI',3,'SOCI_D','Descrizione',NULL,NULL,'D');
INSERT INTO relazione_attr_chiave ( CHIAVE, SEQUENZA, ATTRIBUTO, DESCRIZIONE, DESCRIZIONE_AL1, DESCRIZIONE_AL2, ALIAS) VALUES ('ALFAEREDE',3,'NOME_EREDE','Descrizione',NULL,NULL,'D');
INSERT INTO relazione_attr_chiave ( CHIAVE, SEQUENZA, ATTRIBUTO, DESCRIZIONE, DESCRIZIONE_AL1, DESCRIZIONE_AL2, ALIAS) VALUES ('ALFAEREDE',2,'NOME_EREDE','Codice',NULL,NULL,'C');
INSERT INTO relazione_attr_chiave ( CHIAVE, SEQUENZA, ATTRIBUTO, DESCRIZIONE, DESCRIZIONE_AL1, DESCRIZIONE_AL2, ALIAS) VALUES ('ATTIVITA',2,'ATTIVITA','Codice',NULL,NULL,'C');
INSERT INTO relazione_attr_chiave ( CHIAVE, SEQUENZA, ATTRIBUTO, DESCRIZIONE, DESCRIZIONE_AL1, DESCRIZIONE_AL2, ALIAS) VALUES ('ATTIVITA',3,'ATTIVITA_D','Descrizione',NULL,NULL,'D');
INSERT INTO relazione_attr_chiave ( CHIAVE, SEQUENZA, ATTRIBUTO, DESCRIZIONE, DESCRIZIONE_AL1, DESCRIZIONE_AL2, ALIAS) VALUES ('SESSO',2,'SESSO','Codice',NULL,NULL,'C');
INSERT INTO relazione_attr_chiave ( CHIAVE, SEQUENZA, ATTRIBUTO, DESCRIZIONE, DESCRIZIONE_AL1, DESCRIZIONE_AL2, ALIAS) VALUES ('QUA_INPS',2,'QUA_INPS','Codice',NULL,NULL,'C');
INSERT INTO relazione_attr_chiave ( CHIAVE, SEQUENZA, ATTRIBUTO, DESCRIZIONE, DESCRIZIONE_AL1, DESCRIZIONE_AL2, ALIAS) VALUES ('STATISTICO2',2,'STATISTICO2','Codice',NULL,NULL,'C');
INSERT INTO relazione_attr_chiave ( CHIAVE, SEQUENZA, ATTRIBUTO, DESCRIZIONE, DESCRIZIONE_AL1, DESCRIZIONE_AL2, ALIAS) VALUES ('RUOLO',2,'RUOLO','Codice',NULL,NULL,'C');
INSERT INTO relazione_attr_chiave ( CHIAVE, SEQUENZA, ATTRIBUTO, DESCRIZIONE, DESCRIZIONE_AL1, DESCRIZIONE_AL2, ALIAS) VALUES ('GESTIONE',3,'GESTIONE_D','Descrizione',NULL,NULL,'D');
INSERT INTO relazione_attr_chiave ( CHIAVE, SEQUENZA, ATTRIBUTO, DESCRIZIONE, DESCRIZIONE_AL1, DESCRIZIONE_AL2, ALIAS) VALUES ('RUOLO',3,'RUOLO_D','Descrizione',NULL,NULL,'D');
INSERT INTO relazione_attr_chiave ( CHIAVE, SEQUENZA, ATTRIBUTO, DESCRIZIONE, DESCRIZIONE_AL1, DESCRIZIONE_AL2, ALIAS) VALUES ('SEDE_3C',2,'SEDE_3C','Codice',NULL,NULL,'C');
INSERT INTO relazione_attr_chiave ( CHIAVE, SEQUENZA, ATTRIBUTO, DESCRIZIONE, DESCRIZIONE_AL1, DESCRIZIONE_AL2, ALIAS) VALUES ('STATISTICO1',1,'_STATISTICO1','Sequenza di esposizione',NULL,NULL,'S');
INSERT INTO relazione_attr_chiave ( CHIAVE, SEQUENZA, ATTRIBUTO, DESCRIZIONE, DESCRIZIONE_AL1, DESCRIZIONE_AL2, ALIAS) VALUES ('STATISTICO2',1,'_STATISTICO2','Sequenza di esposizione',NULL,NULL,'S');
INSERT INTO relazione_attr_chiave ( CHIAVE, SEQUENZA, ATTRIBUTO, DESCRIZIONE, DESCRIZIONE_AL1, DESCRIZIONE_AL2, ALIAS) VALUES ('STATISTICO3',1,'_STATISTICO3','Sequenza di esposizione',NULL,NULL,'S');
INSERT INTO relazione_attr_chiave ( CHIAVE, SEQUENZA, ATTRIBUTO, DESCRIZIONE, DESCRIZIONE_AL1, DESCRIZIONE_AL2, ALIAS) VALUES ('QUA_INPS',3,'_NULL','Descrizione',NULL,NULL,'D');
INSERT INTO relazione_attr_chiave ( CHIAVE, SEQUENZA, ATTRIBUTO, DESCRIZIONE, DESCRIZIONE_AL1, DESCRIZIONE_AL2, ALIAS) VALUES ('SESSO',3,'_NULL','Descrizione',NULL,NULL,'D');
INSERT INTO relazione_attr_chiave ( CHIAVE, SEQUENZA, ATTRIBUTO, DESCRIZIONE, DESCRIZIONE_AL1, DESCRIZIONE_AL2, ALIAS) VALUES ('LIVELLO',1,'_LIVELLO','Sequenza di esposizione',NULL,NULL,'S');
INSERT INTO relazione_attr_chiave ( CHIAVE, SEQUENZA, ATTRIBUTO, DESCRIZIONE, DESCRIZIONE_AL1, DESCRIZIONE_AL2, ALIAS) VALUES ('LIVELLO',2,'LIVELLO','Codice',NULL,NULL,'C');
INSERT INTO relazione_attr_chiave ( CHIAVE, SEQUENZA, ATTRIBUTO, DESCRIZIONE, DESCRIZIONE_AL1, DESCRIZIONE_AL2, ALIAS) VALUES ('SETTORE',1,'_SETTORE','Sequenza di esposizione',NULL,NULL,'S');
INSERT INTO relazione_attr_chiave ( CHIAVE, SEQUENZA, ATTRIBUTO, DESCRIZIONE, DESCRIZIONE_AL1, DESCRIZIONE_AL2, ALIAS) VALUES ('GESTIONE',1,'_GESTIONE','Sequenza di esposizione',NULL,NULL,'S');
INSERT INTO relazione_attr_chiave ( CHIAVE, SEQUENZA, ATTRIBUTO, DESCRIZIONE, DESCRIZIONE_AL1, DESCRIZIONE_AL2, ALIAS) VALUES ('RUOLO',1,'_RUOLO','Sequenza di esposizione',NULL,NULL,'S');
INSERT INTO relazione_attr_chiave ( CHIAVE, SEQUENZA, ATTRIBUTO, DESCRIZIONE, DESCRIZIONE_AL1, DESCRIZIONE_AL2, ALIAS) VALUES ('SETTOREA',2,'SETTORE.A','Codice',NULL,NULL,'C');
INSERT INTO relazione_attr_chiave ( CHIAVE, SEQUENZA, ATTRIBUTO, DESCRIZIONE, DESCRIZIONE_AL1, DESCRIZIONE_AL2, ALIAS) VALUES ('FASCIA',2,'FASCIA','Codice',NULL,NULL,'C');
INSERT INTO relazione_attr_chiave ( CHIAVE, SEQUENZA, ATTRIBUTO, DESCRIZIONE, DESCRIZIONE_AL1, DESCRIZIONE_AL2, ALIAS) VALUES ('FASCIA',3,'_NULL','Descrizione',NULL,NULL,'D');
INSERT INTO relazione_attr_chiave ( CHIAVE, SEQUENZA, ATTRIBUTO, DESCRIZIONE, DESCRIZIONE_AL1, DESCRIZIONE_AL2, ALIAS) VALUES ('FASCIA',1,'_FASCIA','Sequenza',NULL,NULL,'S');
INSERT INTO relazione_attr_chiave ( CHIAVE, SEQUENZA, ATTRIBUTO, DESCRIZIONE, DESCRIZIONE_AL1, DESCRIZIONE_AL2, ALIAS) VALUES ('GEST_BIL',1,'_GEST_BIL','Sequenza di esposizione',NULL,NULL,'S');
INSERT INTO relazione_attr_chiave ( CHIAVE, SEQUENZA, ATTRIBUTO, DESCRIZIONE, DESCRIZIONE_AL1, DESCRIZIONE_AL2, ALIAS) VALUES ('GEST_BIL',2,'GEST_BIL','Codice',NULL,NULL,'C');
INSERT INTO relazione_attr_chiave ( CHIAVE, SEQUENZA, ATTRIBUTO, DESCRIZIONE, DESCRIZIONE_AL1, DESCRIZIONE_AL2, ALIAS) VALUES ('GEST_BIL',3,'GEST_BIL_D','Descrizione',NULL,NULL,'D');
INSERT INTO relazione_attr_chiave ( CHIAVE, SEQUENZA, ATTRIBUTO, DESCRIZIONE, DESCRIZIONE_AL1, DESCRIZIONE_AL2, ALIAS) VALUES ('SEDE_3C',3,'SEDE_3C_D','Descrizione',NULL,NULL,'D');
INSERT INTO relazione_attr_chiave ( CHIAVE, SEQUENZA, ATTRIBUTO, DESCRIZIONE, DESCRIZIONE_AL1, DESCRIZIONE_AL2, ALIAS) VALUES ('SEDE_4C',1,'_SEDE_4C','Sequenza di espozione',NULL,NULL,'S');
INSERT INTO relazione_attr_chiave ( CHIAVE, SEQUENZA, ATTRIBUTO, DESCRIZIONE, DESCRIZIONE_AL1, DESCRIZIONE_AL2, ALIAS) VALUES ('SEDE_4C',2,'SEDE_4C','Codice',NULL,NULL,'C');
INSERT INTO relazione_attr_chiave ( CHIAVE, SEQUENZA, ATTRIBUTO, DESCRIZIONE, DESCRIZIONE_AL1, DESCRIZIONE_AL2, ALIAS) VALUES ('SEDE_4C',3,'SEDE_4C_D','Descrizione',NULL,NULL,'D');
INSERT INTO relazione_attr_chiave ( CHIAVE, SEQUENZA, ATTRIBUTO, DESCRIZIONE, DESCRIZIONE_AL1, DESCRIZIONE_AL2, ALIAS) VALUES ('SEDE_1C',1,'_SEDE_1C','Sequenza di espozione',NULL,NULL,'S');
INSERT INTO relazione_attr_chiave ( CHIAVE, SEQUENZA, ATTRIBUTO, DESCRIZIONE, DESCRIZIONE_AL1, DESCRIZIONE_AL2, ALIAS) VALUES ('SEDE_1C',2,'SEDE_1C','Codice',NULL,NULL,'C');
INSERT INTO relazione_attr_chiave ( CHIAVE, SEQUENZA, ATTRIBUTO, DESCRIZIONE, DESCRIZIONE_AL1, DESCRIZIONE_AL2, ALIAS) VALUES ('CC_INPS',1,'_CC_INPS','Sequenza',NULL,NULL,'S');
INSERT INTO relazione_attr_chiave ( CHIAVE, SEQUENZA, ATTRIBUTO, DESCRIZIONE, DESCRIZIONE_AL1, DESCRIZIONE_AL2, ALIAS) VALUES ('CC_INPS',2,'CC_INPS','Codice',NULL,NULL,'C');
INSERT INTO relazione_attr_chiave ( CHIAVE, SEQUENZA, ATTRIBUTO, DESCRIZIONE, DESCRIZIONE_AL1, DESCRIZIONE_AL2, ALIAS) VALUES ('CC_INPS',3,'CC_INPS','Descrizione',NULL,NULL,'D');
INSERT INTO relazione_attr_chiave ( CHIAVE, SEQUENZA, ATTRIBUTO, DESCRIZIONE, DESCRIZIONE_AL1, DESCRIZIONE_AL2, ALIAS) VALUES ('SINDACATO',2,'SINDACATO','Codice del Sindacato',NULL,NULL,'C');
INSERT INTO relazione_attr_chiave ( CHIAVE, SEQUENZA, ATTRIBUTO, DESCRIZIONE, DESCRIZIONE_AL1, DESCRIZIONE_AL2, ALIAS) VALUES ('SINDACATO',3,'SINDACATO_D','Descrizione del Sindacato',NULL,NULL,'D');
INSERT INTO relazione_attr_chiave ( CHIAVE, SEQUENZA, ATTRIBUTO, DESCRIZIONE, DESCRIZIONE_AL1, DESCRIZIONE_AL2, ALIAS) VALUES ('SINDACATO',1,'_SINDACATO','Sequenza del Sindacato',NULL,NULL,'S');
INSERT INTO relazione_attr_chiave ( CHIAVE, SEQUENZA, ATTRIBUTO, DESCRIZIONE, DESCRIZIONE_AL1, DESCRIZIONE_AL2, ALIAS) VALUES ('POSIZIONE',1,'_POSIZIONE','Sequenza',NULL,NULL,'S');
INSERT INTO relazione_attr_chiave ( CHIAVE, SEQUENZA, ATTRIBUTO, DESCRIZIONE, DESCRIZIONE_AL1, DESCRIZIONE_AL2, ALIAS) VALUES ('POSIZIONE',2,'POSIZIONE','Codice',NULL,NULL,'C');
INSERT INTO relazione_attr_chiave ( CHIAVE, SEQUENZA, ATTRIBUTO, DESCRIZIONE, DESCRIZIONE_AL1, DESCRIZIONE_AL2, ALIAS) VALUES ('POSIZIONE',3,'POSIZIONE_D','Descrizione',NULL,NULL,'D');
INSERT INTO relazione_attr_chiave ( CHIAVE, SEQUENZA, ATTRIBUTO, DESCRIZIONE, DESCRIZIONE_AL1, DESCRIZIONE_AL2, ALIAS) VALUES ('ALFABETICO_ST',1,'_NOMINATIVO_ST','Sequenza',NULL,NULL,'S');
INSERT INTO relazione_attr_chiave ( CHIAVE, SEQUENZA, ATTRIBUTO, DESCRIZIONE, DESCRIZIONE_AL1, DESCRIZIONE_AL2, ALIAS) VALUES ('ALFABETICO_ST',2,'NOMINATIVO_ST','Codice',NULL,NULL,'C');
INSERT INTO relazione_attr_chiave ( CHIAVE, SEQUENZA, ATTRIBUTO, DESCRIZIONE, DESCRIZIONE_AL1, DESCRIZIONE_AL2, ALIAS) VALUES ('ALFABETICO_ST',3,'NOMINATIVO_ST','Descrizione',NULL,NULL,'D');
INSERT INTO relazione_attr_chiave ( CHIAVE, SEQUENZA, ATTRIBUTO, DESCRIZIONE, DESCRIZIONE_AL1, DESCRIZIONE_AL2, ALIAS) VALUES ('STATISTICO1',2,'STATISTICO1','Codice',NULL,NULL,'C');
INSERT INTO relazione_attr_chiave ( CHIAVE, SEQUENZA, ATTRIBUTO, DESCRIZIONE, DESCRIZIONE_AL1, DESCRIZIONE_AL2, ALIAS) VALUES ('STATISTICO1',3,'_NULL','Descrizione',NULL,NULL,'D');
INSERT INTO relazione_attr_chiave ( CHIAVE, SEQUENZA, ATTRIBUTO, DESCRIZIONE, DESCRIZIONE_AL1, DESCRIZIONE_AL2, ALIAS) VALUES ('INAIL',2,'INAIL','Codice',NULL,NULL,'C');
INSERT INTO relazione_attr_chiave ( CHIAVE, SEQUENZA, ATTRIBUTO, DESCRIZIONE, DESCRIZIONE_AL1, DESCRIZIONE_AL2, ALIAS) VALUES ('STATISTICO2',3,'_NULL','Descrizione',NULL,NULL,'D');
INSERT INTO relazione_attr_chiave ( CHIAVE, SEQUENZA, ATTRIBUTO, DESCRIZIONE, DESCRIZIONE_AL1, DESCRIZIONE_AL2, ALIAS) VALUES ('STATISTICO3',2,'STATISTICO3','Codice',NULL,NULL,'C');
INSERT INTO relazione_attr_chiave ( CHIAVE, SEQUENZA, ATTRIBUTO, DESCRIZIONE, DESCRIZIONE_AL1, DESCRIZIONE_AL2, ALIAS) VALUES ('SETTOREA',3,'SETTORE.A_D','Descrizione',NULL,NULL,'D');
INSERT INTO relazione_attr_chiave ( CHIAVE, SEQUENZA, ATTRIBUTO, DESCRIZIONE, DESCRIZIONE_AL1, DESCRIZIONE_AL2, ALIAS) VALUES ('DI_RUOLO',2,'DI_RUOLO','Codice',NULL,NULL,'C');
INSERT INTO relazione_attr_chiave ( CHIAVE, SEQUENZA, ATTRIBUTO, DESCRIZIONE, DESCRIZIONE_AL1, DESCRIZIONE_AL2, ALIAS) VALUES ('DI_RUOLO',3,'DI_RUOLO_D','Descrizione',NULL,NULL,'D');
INSERT INTO relazione_attr_chiave ( CHIAVE, SEQUENZA, ATTRIBUTO, DESCRIZIONE, DESCRIZIONE_AL1, DESCRIZIONE_AL2, ALIAS) VALUES ('SETTOREA',1,'_SETTORE.A','Sequenza di esposizione',NULL,NULL,'S');
INSERT INTO relazione_attr_chiave ( CHIAVE, SEQUENZA, ATTRIBUTO, DESCRIZIONE, DESCRIZIONE_AL1, DESCRIZIONE_AL2, ALIAS) VALUES ('SETTOREB',1,'_SETTORE.B','Sequenza di esposizione',NULL,NULL,'S');
INSERT INTO relazione_attr_chiave ( CHIAVE, SEQUENZA, ATTRIBUTO, DESCRIZIONE, DESCRIZIONE_AL1, DESCRIZIONE_AL2, ALIAS) VALUES ('QUALIFICA_MT',3,'QUALIFICA_MT_D','Descrizione',NULL,NULL,'D');
INSERT INTO relazione_attr_chiave ( CHIAVE, SEQUENZA, ATTRIBUTO, DESCRIZIONE, DESCRIZIONE_AL1, DESCRIZIONE_AL2, ALIAS) VALUES ('STATISTICO3',3,'_NULL','Descrizione',NULL,NULL,'D');
INSERT INTO relazione_attr_chiave ( CHIAVE, SEQUENZA, ATTRIBUTO, DESCRIZIONE, DESCRIZIONE_AL1, DESCRIZIONE_AL2, ALIAS) VALUES ('SEDE_1C',3,'SEDE_1C_D','Descrizione',NULL,NULL,'D');
INSERT INTO relazione_attr_chiave ( CHIAVE, SEQUENZA, ATTRIBUTO, DESCRIZIONE, DESCRIZIONE_AL1, DESCRIZIONE_AL2, ALIAS) VALUES ('SEDE_3C',1,'_SEDE_3C','Sequenza di esposizione',NULL,NULL,'S');
INSERT INTO relazione_attr_chiave ( CHIAVE, SEQUENZA, ATTRIBUTO, DESCRIZIONE, DESCRIZIONE_AL1, DESCRIZIONE_AL2, ALIAS) VALUES ('INAIL',3,'INAIL_D','Descrizione',NULL,NULL,'D');
INSERT INTO relazione_attr_chiave ( CHIAVE, SEQUENZA, ATTRIBUTO, DESCRIZIONE, DESCRIZIONE_AL1, DESCRIZIONE_AL2, ALIAS) VALUES ('BANCA',2,'BANCA','Codice',NULL,NULL,'C');
INSERT INTO relazione_attr_chiave ( CHIAVE, SEQUENZA, ATTRIBUTO, DESCRIZIONE, DESCRIZIONE_AL1, DESCRIZIONE_AL2, ALIAS) VALUES ('BANCA',3,'BANCA_D','Descrizione',NULL,NULL,'D');
INSERT INTO relazione_attr_chiave ( CHIAVE, SEQUENZA, ATTRIBUTO, DESCRIZIONE, DESCRIZIONE_AL1, DESCRIZIONE_AL2, ALIAS) VALUES ('SPORTELLO',2,'SPORTELLO','Codice',NULL,NULL,'C');
INSERT INTO relazione_attr_chiave ( CHIAVE, SEQUENZA, ATTRIBUTO, DESCRIZIONE, DESCRIZIONE_AL1, DESCRIZIONE_AL2, ALIAS) VALUES ('SPORTELLO',3,'SPORTELLO_D','Descrizione',NULL,NULL,'D');
INSERT INTO relazione_attr_chiave ( CHIAVE, SEQUENZA, ATTRIBUTO, DESCRIZIONE, DESCRIZIONE_AL1, DESCRIZIONE_AL2, ALIAS) VALUES ('RAPPORTO',2,'RAPPORTO','Codice',NULL,NULL,'C');
INSERT INTO relazione_attr_chiave ( CHIAVE, SEQUENZA, ATTRIBUTO, DESCRIZIONE, DESCRIZIONE_AL1, DESCRIZIONE_AL2, ALIAS) VALUES ('RAPPORTO',3,'RAPPORTO_D','Descrizione',NULL,NULL,'D');
INSERT INTO relazione_attr_chiave ( CHIAVE, SEQUENZA, ATTRIBUTO, DESCRIZIONE, DESCRIZIONE_AL1, DESCRIZIONE_AL2, ALIAS) VALUES ('GRUPPO',2,'GRUPPO','Codice',NULL,NULL,'C');
INSERT INTO relazione_attr_chiave ( CHIAVE, SEQUENZA, ATTRIBUTO, DESCRIZIONE, DESCRIZIONE_AL1, DESCRIZIONE_AL2, ALIAS) VALUES ('GRUPPO',3,'GRUPPO_D','Descrizione',NULL,NULL,'D');
INSERT INTO relazione_attr_chiave ( CHIAVE, SEQUENZA, ATTRIBUTO, DESCRIZIONE, DESCRIZIONE_AL1, DESCRIZIONE_AL2, ALIAS) VALUES ('CONTRATTO',2,'CONTRATTO','Codice',NULL,NULL,'C');
INSERT INTO relazione_attr_chiave ( CHIAVE, SEQUENZA, ATTRIBUTO, DESCRIZIONE, DESCRIZIONE_AL1, DESCRIZIONE_AL2, ALIAS) VALUES ('CONTRATTO',3,'CONTRATTO_D','Descrizione',NULL,NULL,'D');
INSERT INTO relazione_attr_chiave ( CHIAVE, SEQUENZA, ATTRIBUTO, DESCRIZIONE, DESCRIZIONE_AL1, DESCRIZIONE_AL2, ALIAS) VALUES ('QUALIFICA',2,'QUALIFICA','Codice',NULL,NULL,'C');
INSERT INTO relazione_attr_chiave ( CHIAVE, SEQUENZA, ATTRIBUTO, DESCRIZIONE, DESCRIZIONE_AL1, DESCRIZIONE_AL2, ALIAS) VALUES ('QUALIFICA',3,'QUALIFICA_D','Descrizione',NULL,NULL,'D');
INSERT INTO relazione_attr_chiave ( CHIAVE, SEQUENZA, ATTRIBUTO, DESCRIZIONE, DESCRIZIONE_AL1, DESCRIZIONE_AL2, ALIAS) VALUES ('NULLA',2,'_ASTERISCO','Codice',NULL,NULL,'C');
INSERT INTO relazione_attr_chiave ( CHIAVE, SEQUENZA, ATTRIBUTO, DESCRIZIONE, DESCRIZIONE_AL1, DESCRIZIONE_AL2, ALIAS) VALUES ('NULLA',3,'_NULL','Descrizione',NULL,NULL,'D');
INSERT INTO relazione_attr_chiave ( CHIAVE, SEQUENZA, ATTRIBUTO, DESCRIZIONE, DESCRIZIONE_AL1, DESCRIZIONE_AL2, ALIAS) VALUES ('ALFABETICO',2,'NOMINATIVO','Codice',NULL,NULL,'C');
INSERT INTO relazione_attr_chiave ( CHIAVE, SEQUENZA, ATTRIBUTO, DESCRIZIONE, DESCRIZIONE_AL1, DESCRIZIONE_AL2, ALIAS) VALUES ('ALFABETICO',3,'NOMINATIVO','Descrizione',NULL,NULL,'D');
INSERT INTO relazione_attr_chiave ( CHIAVE, SEQUENZA, ATTRIBUTO, DESCRIZIONE, DESCRIZIONE_AL1, DESCRIZIONE_AL2, ALIAS) VALUES ('MATRICOLA',2,'MATRICOLA','Codice',NULL,NULL,'C');
INSERT INTO relazione_attr_chiave ( CHIAVE, SEQUENZA, ATTRIBUTO, DESCRIZIONE, DESCRIZIONE_AL1, DESCRIZIONE_AL2, ALIAS) VALUES ('MATRICOLA',3,'NOMINATIVO','Descrizione',NULL,NULL,'D');
INSERT INTO relazione_attr_chiave ( CHIAVE, SEQUENZA, ATTRIBUTO, DESCRIZIONE, DESCRIZIONE_AL1, DESCRIZIONE_AL2, ALIAS) VALUES ('ENTE',2,'ENTE','Codice',NULL,NULL,'C');
INSERT INTO relazione_attr_chiave ( CHIAVE, SEQUENZA, ATTRIBUTO, DESCRIZIONE, DESCRIZIONE_AL1, DESCRIZIONE_AL2, ALIAS) VALUES ('ENTE',3,'_NULL','Descrizione',NULL,NULL,'D');
INSERT INTO relazione_attr_chiave ( CHIAVE, SEQUENZA, ATTRIBUTO, DESCRIZIONE, DESCRIZIONE_AL1, DESCRIZIONE_AL2, ALIAS) VALUES ('SETTORE',2,'SETTORE','Codice',NULL,NULL,'C');
INSERT INTO relazione_attr_chiave ( CHIAVE, SEQUENZA, ATTRIBUTO, DESCRIZIONE, DESCRIZIONE_AL1, DESCRIZIONE_AL2, ALIAS) VALUES ('SETTORE',3,'SETTORE_D','Descrizione',NULL,NULL,'D');
INSERT INTO relazione_attr_chiave ( CHIAVE, SEQUENZA, ATTRIBUTO, DESCRIZIONE, DESCRIZIONE_AL1, DESCRIZIONE_AL2, ALIAS) VALUES ('SETTOREC',2,'SETTORE.C','Codice',NULL,NULL,'C');
INSERT INTO relazione_attr_chiave ( CHIAVE, SEQUENZA, ATTRIBUTO, DESCRIZIONE, DESCRIZIONE_AL1, DESCRIZIONE_AL2, ALIAS) VALUES ('SETTOREC',3,'SETTORE.C_D','Descrizione',NULL,NULL,'D');
INSERT INTO relazione_attr_chiave ( CHIAVE, SEQUENZA, ATTRIBUTO, DESCRIZIONE, DESCRIZIONE_AL1, DESCRIZIONE_AL2, ALIAS) VALUES ('FUNZIONALE',2,'FUNZIONALE','Codice',NULL,NULL,'C');
INSERT INTO relazione_attr_chiave ( CHIAVE, SEQUENZA, ATTRIBUTO, DESCRIZIONE, DESCRIZIONE_AL1, DESCRIZIONE_AL2, ALIAS) VALUES ('FUNZIONALE',3,'FUNZIONALE_D','Descrizione',NULL,NULL,'D');
INSERT INTO relazione_attr_chiave ( CHIAVE, SEQUENZA, ATTRIBUTO, DESCRIZIONE, DESCRIZIONE_AL1, DESCRIZIONE_AL2, ALIAS) VALUES ('DI_RUOLO',1,'_DI_RUOLO','Sequenza di esposizione',NULL,NULL,'S');
INSERT INTO relazione_attr_chiave ( CHIAVE, SEQUENZA, ATTRIBUTO, DESCRIZIONE, DESCRIZIONE_AL1, DESCRIZIONE_AL2, ALIAS) VALUES ('RUOLO_SOCI',1,'_DI_RUOLO','Sequenza di esposizione',NULL,NULL,'S');
INSERT INTO relazione_attr_chiave ( CHIAVE, SEQUENZA, ATTRIBUTO, DESCRIZIONE, DESCRIZIONE_AL1, DESCRIZIONE_AL2, ALIAS) VALUES ('ALFAEREDE',1,'_NOME_EREDE','Sequenza di esposizione',NULL,NULL,'S');
INSERT INTO relazione_attr_chiave ( CHIAVE, SEQUENZA, ATTRIBUTO, DESCRIZIONE, DESCRIZIONE_AL1, DESCRIZIONE_AL2, ALIAS) VALUES ('ATTIVITA',1,'_ATTIVITA','Sequenza di esposizione',NULL,NULL,'S');
INSERT INTO relazione_attr_chiave ( CHIAVE, SEQUENZA, ATTRIBUTO, DESCRIZIONE, DESCRIZIONE_AL1, DESCRIZIONE_AL2, ALIAS) VALUES ('SESSO',1,'_SESSO','Sequenza di esposizione',NULL,NULL,'S');
INSERT INTO relazione_attr_chiave ( CHIAVE, SEQUENZA, ATTRIBUTO, DESCRIZIONE, DESCRIZIONE_AL1, DESCRIZIONE_AL2, ALIAS) VALUES ('QUA_INPS',1,'_QUA_INPS','Sequenza di esposizione',NULL,NULL,'S');
INSERT INTO relazione_attr_chiave ( CHIAVE, SEQUENZA, ATTRIBUTO, DESCRIZIONE, DESCRIZIONE_AL1, DESCRIZIONE_AL2, ALIAS) VALUES ('QUALIFICA_MT',1,'_QUALIFICA_MT','Sequenza di esposizione',NULL,NULL,'S');
INSERT INTO relazione_attr_chiave ( CHIAVE, SEQUENZA, ATTRIBUTO, DESCRIZIONE, DESCRIZIONE_AL1, DESCRIZIONE_AL2, ALIAS) VALUES ('QUALIFICA_MT',2,'QUALIFICA_MT','Codice',NULL,NULL,'C');
INSERT INTO relazione_attr_chiave ( CHIAVE, SEQUENZA, ATTRIBUTO, DESCRIZIONE, DESCRIZIONE_AL1, DESCRIZIONE_AL2, ALIAS) VALUES ('COD_REG_DIC',1,'_CAAF_ADD_REG_DIC','Cod.reg. add. IRPEF 730',NULL,NULL,'S');
INSERT INTO relazione_attr_chiave ( CHIAVE, SEQUENZA, ATTRIBUTO, DESCRIZIONE, DESCRIZIONE_AL1, DESCRIZIONE_AL2, ALIAS) VALUES ('COD_REG_DIC',2,'CAAF_ADD_REG_DIC','Cod.reg. add. IRPEF 730',NULL,NULL,'C');
INSERT INTO relazione_attr_chiave ( CHIAVE, SEQUENZA, ATTRIBUTO, DESCRIZIONE, DESCRIZIONE_AL1, DESCRIZIONE_AL2, ALIAS) VALUES ('COD_REG_DIC',3,'CAAF_ADD_REG_DIC','Cod.reg. add. IRPEF 730',NULL,NULL,'D');
INSERT INTO relazione_attr_chiave ( CHIAVE, SEQUENZA, ATTRIBUTO, DESCRIZIONE, DESCRIZIONE_AL1, DESCRIZIONE_AL2, ALIAS) VALUES ('COD_REG_CON',1,'_CAAF_ADD_REG_CON','Cod. reg. addizionale IRPEF',NULL,NULL,'S');
INSERT INTO relazione_attr_chiave ( CHIAVE, SEQUENZA, ATTRIBUTO, DESCRIZIONE, DESCRIZIONE_AL1, DESCRIZIONE_AL2, ALIAS) VALUES ('COD_REG_CON',2,'CAAF_ADD_REG_CON','Cod. reg. addizionale IRPEF',NULL,NULL,'C');
INSERT INTO relazione_attr_chiave ( CHIAVE, SEQUENZA, ATTRIBUTO, DESCRIZIONE, DESCRIZIONE_AL1, DESCRIZIONE_AL2, ALIAS) VALUES ('COD_REG_CON',3,'CAAF_ADD_REG_CON','Cod. reg. addizionale IRPEF',NULL,NULL,'D');
INSERT INTO relazione_attr_chiave ( CHIAVE, SEQUENZA, ATTRIBUTO, DESCRIZIONE, DESCRIZIONE_AL1, DESCRIZIONE_AL2, ALIAS) VALUES ('COMUNE_RES',1,'_COMUNE_RES','Comune di residenza',NULL,NULL,'S');
INSERT INTO relazione_attr_chiave ( CHIAVE, SEQUENZA, ATTRIBUTO, DESCRIZIONE, DESCRIZIONE_AL1, DESCRIZIONE_AL2, ALIAS) VALUES ('COMUNE_RES',2,'COMUNE_RES','Comune di residenza',NULL,NULL,'C');
INSERT INTO relazione_attr_chiave ( CHIAVE, SEQUENZA, ATTRIBUTO, DESCRIZIONE, DESCRIZIONE_AL1, DESCRIZIONE_AL2, ALIAS) VALUES ('COMUNE_RES',3,'COMUNE_RES_D','Comune di residenza',NULL,NULL,'D');
INSERT INTO relazione_attr_chiave ( CHIAVE, SEQUENZA, ATTRIBUTO, DESCRIZIONE, DESCRIZIONE_AL1, DESCRIZIONE_AL2, ALIAS) VALUES ('CDC_BIL',1,'_CDC_BIL','Sequenza',NULL,NULL,'S');
INSERT INTO relazione_attr_chiave ( CHIAVE, SEQUENZA, ATTRIBUTO, DESCRIZIONE, DESCRIZIONE_AL1, DESCRIZIONE_AL2, ALIAS) VALUES ('CDC_BIL',2,'CDC_BIL','Codice',NULL,NULL,'C');
INSERT INTO relazione_attr_chiave ( CHIAVE, SEQUENZA, ATTRIBUTO, DESCRIZIONE, DESCRIZIONE_AL1, DESCRIZIONE_AL2, ALIAS) VALUES ('CDC_BIL',3,'CDC_BIL_D','Descizione',NULL,NULL,'D');
INSERT INTO relazione_attr_chiave ( CHIAVE, SEQUENZA, ATTRIBUTO, DESCRIZIONE, DESCRIZIONE_AL1, DESCRIZIONE_AL2, ALIAS) VALUES ('DATA_NAS',1,'_DATA_NAS','Sequenza di esposizione',NULL,NULL,'S');
INSERT INTO relazione_attr_chiave ( CHIAVE, SEQUENZA, ATTRIBUTO, DESCRIZIONE, DESCRIZIONE_AL1, DESCRIZIONE_AL2, ALIAS) VALUES ('DATA_NAS',2,'DATA_NAS','Codice',NULL,NULL,'C');
INSERT INTO relazione_attr_chiave ( CHIAVE, SEQUENZA, ATTRIBUTO, DESCRIZIONE, DESCRIZIONE_AL1, DESCRIZIONE_AL2, ALIAS) VALUES ('DATA_NAS',3,'DATA_NAS_D','Descrizione',NULL,NULL,'D');
INSERT INTO relazione_attr_chiave ( CHIAVE, SEQUENZA, ATTRIBUTO, DESCRIZIONE, DESCRIZIONE_AL1, DESCRIZIONE_AL2, ALIAS) VALUES ('FIGURA',1,'_FIGURA','Sequenza di esposizione',NULL,NULL,'S');
INSERT INTO relazione_attr_chiave ( CHIAVE, SEQUENZA, ATTRIBUTO, DESCRIZIONE, DESCRIZIONE_AL1, DESCRIZIONE_AL2, ALIAS) VALUES ('FIGURA',2,'FIGURA','Codice',NULL,NULL,'C');
INSERT INTO relazione_attr_chiave ( CHIAVE, SEQUENZA, ATTRIBUTO, DESCRIZIONE, DESCRIZIONE_AL1, DESCRIZIONE_AL2, ALIAS) VALUES ('FIGURA',3,'FIGURA_D','Descrizione',NULL,NULL,'D');
INSERT INTO relazione_attr_chiave ( CHIAVE, SEQUENZA, ATTRIBUTO, DESCRIZIONE, DESCRIZIONE_AL1, DESCRIZIONE_AL2, ALIAS) VALUES ('ANNO_NAS',1,'_ANNO_NAS','Sequenza di esposizione',NULL,NULL,'S');
INSERT INTO relazione_attr_chiave ( CHIAVE, SEQUENZA, ATTRIBUTO, DESCRIZIONE, DESCRIZIONE_AL1, DESCRIZIONE_AL2, ALIAS) VALUES ('ANNO_NAS',2,'ANNO_NAS','Codice',NULL,NULL,'C');
INSERT INTO relazione_attr_chiave ( CHIAVE, SEQUENZA, ATTRIBUTO, DESCRIZIONE, DESCRIZIONE_AL1, DESCRIZIONE_AL2, ALIAS) VALUES ('ANNO_NAS',3,'ANNO_NAS_D','Descrizione',NULL,NULL,'D');
INSERT INTO relazione_attr_chiave ( CHIAVE, SEQUENZA, ATTRIBUTO, DESCRIZIONE, DESCRIZIONE_AL1, DESCRIZIONE_AL2, ALIAS) VALUES ('TRATTAMENTO_RARE',1,'_TRATTAMENTO','Sequenza di esposizione',NULL,NULL,'S');
INSERT INTO relazione_attr_chiave ( CHIAVE, SEQUENZA, ATTRIBUTO, DESCRIZIONE, DESCRIZIONE_AL1, DESCRIZIONE_AL2, ALIAS) VALUES ('TRATTAMENTO_RARE',2,'TRATTAMENTO_RARE','Codice',NULL,NULL,'C');
INSERT INTO relazione_attr_chiave ( CHIAVE, SEQUENZA, ATTRIBUTO, DESCRIZIONE, DESCRIZIONE_AL1, DESCRIZIONE_AL2, ALIAS) VALUES ('TRATTAMENTO_RARE',3,'TRATTAMENTO_D','Descrizione',NULL,NULL,'D');
INSERT INTO relazione_attr_chiave ( CHIAVE, SEQUENZA, ATTRIBUTO, DESCRIZIONE, DESCRIZIONE_AL1, DESCRIZIONE_AL2, ALIAS) VALUES ('TRATTAMENTO_PERE',1,'_TRATTAMENTO','Sequenza',NULL,NULL,'S');
INSERT INTO relazione_attr_chiave ( CHIAVE, SEQUENZA, ATTRIBUTO, DESCRIZIONE, DESCRIZIONE_AL1, DESCRIZIONE_AL2, ALIAS) VALUES ('TRATTAMENTO_PERE',2,'TRATTAMENTO_PERE','Codice',NULL,NULL,'C');
INSERT INTO relazione_attr_chiave ( CHIAVE, SEQUENZA, ATTRIBUTO, DESCRIZIONE, DESCRIZIONE_AL1, DESCRIZIONE_AL2, ALIAS) VALUES ('TRATTAMENTO_PERE',3,'TRATTAMENTO_D','Descrizione',NULL,NULL,'D');
INSERT INTO relazione_attr_chiave ( CHIAVE, SEQUENZA, ATTRIBUTO, DESCRIZIONE, DESCRIZIONE_AL1, DESCRIZIONE_AL2, ALIAS) VALUES ('PERE.ORE',1,'_NULL','Sequenza',NULL,NULL,'S');
INSERT INTO relazione_attr_chiave ( CHIAVE, SEQUENZA, ATTRIBUTO, DESCRIZIONE, DESCRIZIONE_AL1, DESCRIZIONE_AL2, ALIAS) VALUES ('PERE.ORE',2,'PERE.ORE','Codice',NULL,NULL,'C');
INSERT INTO relazione_attr_chiave ( CHIAVE, SEQUENZA, ATTRIBUTO, DESCRIZIONE, DESCRIZIONE_AL1, DESCRIZIONE_AL2, ALIAS) VALUES ('PERE.ORE',3,'_NULL','Descrizione',NULL,NULL,'D');
INSERT INTO relazione_attr_chiave ( CHIAVE, SEQUENZA, ATTRIBUTO, DESCRIZIONE, DESCRIZIONE_AL1, DESCRIZIONE_AL2, ALIAS) VALUES ('TIPO_RAPPORTO',1,'_NULL','Sequenza di Esposizione',NULL,NULL,'S');
INSERT INTO relazione_attr_chiave ( CHIAVE, SEQUENZA, ATTRIBUTO, DESCRIZIONE, DESCRIZIONE_AL1, DESCRIZIONE_AL2, ALIAS) VALUES ('TIPO_RAPPORTO',2,'TIPO_RAPPORTO','Codice',NULL,NULL,'C');
INSERT INTO relazione_attr_chiave ( CHIAVE, SEQUENZA, ATTRIBUTO, DESCRIZIONE, DESCRIZIONE_AL1, DESCRIZIONE_AL2, ALIAS) VALUES ('TIPO_RAPPORTO',3,'_NULL','Descrizione',NULL,NULL,'D');
INSERT INTO relazione_attr_chiave ( CHIAVE, SEQUENZA, ATTRIBUTO, DESCRIZIONE, DESCRIZIONE_AL1, DESCRIZIONE_AL2, ALIAS) VALUES ('REGIONE_ST',1,'_REGIONE_RES_ST','Sequenza di esposizione',NULL,NULL,'S');
INSERT INTO relazione_attr_chiave ( CHIAVE, SEQUENZA, ATTRIBUTO, DESCRIZIONE, DESCRIZIONE_AL1, DESCRIZIONE_AL2, ALIAS) VALUES ('REGIONE_ST',2,'REGIONE_RES_ST','Codice della Regione',NULL,NULL,'C');
INSERT INTO relazione_attr_chiave ( CHIAVE, SEQUENZA, ATTRIBUTO, DESCRIZIONE, DESCRIZIONE_AL1, DESCRIZIONE_AL2, ALIAS) VALUES ('REGIONE_ST',3,'REGIONE_RES_D_ST','Descrizione della Regione',NULL,NULL,'D');
INSERT INTO relazione_attr_chiave ( CHIAVE, SEQUENZA, ATTRIBUTO, DESCRIZIONE, DESCRIZIONE_AL1, DESCRIZIONE_AL2, ALIAS) VALUES ('CONTO_INAIL',1,'REIN.CONTO','Sequenza',NULL,NULL,'S');
INSERT INTO relazione_attr_chiave ( CHIAVE, SEQUENZA, ATTRIBUTO, DESCRIZIONE, DESCRIZIONE_AL1, DESCRIZIONE_AL2, ALIAS) VALUES ('CONTO_INAIL',2,'REIN.CONTO','Codice',NULL,NULL,'C');
INSERT INTO relazione_attr_chiave ( CHIAVE, SEQUENZA, ATTRIBUTO, DESCRIZIONE, DESCRIZIONE_AL1, DESCRIZIONE_AL2, ALIAS) VALUES ('CONTO_INAIL',3,'REIN.CONTO','Descrizione',NULL,NULL,'D');
INSERT INTO relazione_attr_chiave ( CHIAVE, SEQUENZA, ATTRIBUTO, DESCRIZIONE, DESCRIZIONE_AL1, DESCRIZIONE_AL2, ALIAS) VALUES ('CDC_REIN',1,'_CDC_REIN','Sequenza di Esposizione',NULL,NULL,'S');
INSERT INTO relazione_attr_chiave ( CHIAVE, SEQUENZA, ATTRIBUTO, DESCRIZIONE, DESCRIZIONE_AL1, DESCRIZIONE_AL2, ALIAS) VALUES ('CDC_REIN',2,'CDC_REIN','Codice',NULL,NULL,'C');
INSERT INTO relazione_attr_chiave ( CHIAVE, SEQUENZA, ATTRIBUTO, DESCRIZIONE, DESCRIZIONE_AL1, DESCRIZIONE_AL2, ALIAS) VALUES ('CDC_REIN',3,'CDC_D_REIN','Descrizione',NULL,NULL,'D');
INSERT INTO relazione_attr_chiave ( CHIAVE, SEQUENZA, ATTRIBUTO, DESCRIZIONE, DESCRIZIONE_AL1, DESCRIZIONE_AL2, ALIAS) VALUES ('PRONTA_CASSA',1,'_PRONTA_CASSA','Sequenza',NULL,NULL,'S');
INSERT INTO relazione_attr_chiave ( CHIAVE, SEQUENZA, ATTRIBUTO, DESCRIZIONE, DESCRIZIONE_AL1, DESCRIZIONE_AL2, ALIAS) VALUES ('PRONTA_CASSA',2,'PRONTA_CASSA','Codice',NULL,NULL,'C');
INSERT INTO relazione_attr_chiave ( CHIAVE, SEQUENZA, ATTRIBUTO, DESCRIZIONE, DESCRIZIONE_AL1, DESCRIZIONE_AL2, ALIAS) VALUES ('PRONTA_CASSA',3,'PRONTA_CASSA_D','Descrizione',NULL,NULL,'D');
INSERT INTO relazione_attr_chiave ( CHIAVE, SEQUENZA, ATTRIBUTO, DESCRIZIONE, DESCRIZIONE_AL1, DESCRIZIONE_AL2, ALIAS) VALUES ('INAIL_REIN',1,'_INAIL_REIN','Sequenza di esposizione',NULL,NULL,'S');
INSERT INTO relazione_attr_chiave ( CHIAVE, SEQUENZA, ATTRIBUTO, DESCRIZIONE, DESCRIZIONE_AL1, DESCRIZIONE_AL2, ALIAS) VALUES ('INAIL_REIN',2,'INAIL_REIN','Codice',NULL,NULL,'C');
INSERT INTO relazione_attr_chiave ( CHIAVE, SEQUENZA, ATTRIBUTO, DESCRIZIONE, DESCRIZIONE_AL1, DESCRIZIONE_AL2, ALIAS) VALUES ('INAIL_REIN',3,'INAIL_REIN_D','Descrizione',NULL,NULL,'D');

WHENEVER SQLERROR EXIT

ALTER TABLE relazione_attr_chiave ENABLE ALL TRIGGERS;


REM ============================================================
REM    Extract TABLE :   RELAZIONE_ATTR_ESTRAZIONE
REM ============================================================

WHENEVER SQLERROR EXIT

ALTER TABLE relazione_attr_estrazione DISABLE ALL TRIGGERS;

WHENEVER SQLERROR CONTINUE

INSERT INTO relazione_attr_estrazione ( ESTRAZIONE, SEQUENZA, ATTRIBUTO, ALIAS, DESCRIZIONE, DESCRIZIONE_AL1, DESCRIZIONE_AL2) VALUES ('LISTA_SETT',1,'NOMINATIVO','NOMINATIVO','column format a24 heading ''Nominativo''',NULL,NULL);
INSERT INTO relazione_attr_estrazione ( ESTRAZIONE, SEQUENZA, ATTRIBUTO, ALIAS, DESCRIZIONE, DESCRIZIONE_AL1, DESCRIZIONE_AL2) VALUES ('LISTA_SETT',2,'CI','CI','column format 99999999 heading ''Cod.Ind.'' compute count',NULL,NULL);
INSERT INTO relazione_attr_estrazione ( ESTRAZIONE, SEQUENZA, ATTRIBUTO, ALIAS, DESCRIZIONE, DESCRIZIONE_AL1, DESCRIZIONE_AL2) VALUES ('LISTA_SETT',4,'DATA_NAS','DATA_NAS','column format a10 heading ''Data Nas.''',NULL,NULL);
INSERT INTO relazione_attr_estrazione ( ESTRAZIONE, SEQUENZA, ATTRIBUTO, ALIAS, DESCRIZIONE, DESCRIZIONE_AL1, DESCRIZIONE_AL2) VALUES ('LISTA_SETT',5,'CODICE_FISCALE','CODICE_FISCALE','column heading ''Codice Fiscale''',NULL,NULL);
INSERT INTO relazione_attr_estrazione ( ESTRAZIONE, SEQUENZA, ATTRIBUTO, ALIAS, DESCRIZIONE, DESCRIZIONE_AL1, DESCRIZIONE_AL2) VALUES ('TOTALI',2,'ANNO','ANNO',NULL,NULL,NULL);
INSERT INTO relazione_attr_estrazione ( ESTRAZIONE, SEQUENZA, ATTRIBUTO, ALIAS, DESCRIZIONE, DESCRIZIONE_AL1, DESCRIZIONE_AL2) VALUES ('TOTALI_ANNO',2,'ANNO','ANNO',NULL,NULL,NULL);
INSERT INTO relazione_attr_estrazione ( ESTRAZIONE, SEQUENZA, ATTRIBUTO, ALIAS, DESCRIZIONE, DESCRIZIONE_AL1, DESCRIZIONE_AL2) VALUES ('CEDOLINO',3,'MESE','MESE',NULL,NULL,NULL);
INSERT INTO relazione_attr_estrazione ( ESTRAZIONE, SEQUENZA, ATTRIBUTO, ALIAS, DESCRIZIONE, DESCRIZIONE_AL1, DESCRIZIONE_AL2) VALUES ('CEDOLINO_ANNO',3,'MESE','MESE',NULL,NULL,NULL);
INSERT INTO relazione_attr_estrazione ( ESTRAZIONE, SEQUENZA, ATTRIBUTO, ALIAS, DESCRIZIONE, DESCRIZIONE_AL1, DESCRIZIONE_AL2) VALUES ('CONTRIBUTI',3,'MESE','MESE',NULL,NULL,NULL);
INSERT INTO relazione_attr_estrazione ( ESTRAZIONE, SEQUENZA, ATTRIBUTO, ALIAS, DESCRIZIONE, DESCRIZIONE_AL1, DESCRIZIONE_AL2) VALUES ('ELENCO_VOCI',3,'MESE','MESE',NULL,NULL,NULL);
INSERT INTO relazione_attr_estrazione ( ESTRAZIONE, SEQUENZA, ATTRIBUTO, ALIAS, DESCRIZIONE, DESCRIZIONE_AL1, DESCRIZIONE_AL2) VALUES ('ESTRAZIONE_ANNUALE',3,'MESE','MESE',NULL,NULL,NULL);
INSERT INTO relazione_attr_estrazione ( ESTRAZIONE, SEQUENZA, ATTRIBUTO, ALIAS, DESCRIZIONE, DESCRIZIONE_AL1, DESCRIZIONE_AL2) VALUES ('ESTRAZIONE_MENSILE',3,'MESE','MESE',NULL,NULL,NULL);
INSERT INTO relazione_attr_estrazione ( ESTRAZIONE, SEQUENZA, ATTRIBUTO, ALIAS, DESCRIZIONE, DESCRIZIONE_AL1, DESCRIZIONE_AL2) VALUES ('ELENCO_DELIBERA',13,'VARE.SUB','SUB',NULL,NULL,NULL);
INSERT INTO relazione_attr_estrazione ( ESTRAZIONE, SEQUENZA, ATTRIBUTO, ALIAS, DESCRIZIONE, DESCRIZIONE_AL1, DESCRIZIONE_AL2) VALUES ('ELENCO_DELIBERA',17,'VARE.QTA','QTA',NULL,NULL,NULL);
INSERT INTO relazione_attr_estrazione ( ESTRAZIONE, SEQUENZA, ATTRIBUTO, ALIAS, DESCRIZIONE, DESCRIZIONE_AL1, DESCRIZIONE_AL2) VALUES ('ELENCO_DELIBERA',1,'VARE.ANNO','ANNO',NULL,NULL,NULL);
INSERT INTO relazione_attr_estrazione ( ESTRAZIONE, SEQUENZA, ATTRIBUTO, ALIAS, DESCRIZIONE, DESCRIZIONE_AL1, DESCRIZIONE_AL2) VALUES ('ELENCO_DELIBERA',2,'VARE.MESE','MESE',NULL,NULL,NULL);
INSERT INTO relazione_attr_estrazione ( ESTRAZIONE, SEQUENZA, ATTRIBUTO, ALIAS, DESCRIZIONE, DESCRIZIONE_AL1, DESCRIZIONE_AL2) VALUES ('ELENCO_DELIBERA',3,'VARE.MENSILITA','MENSILITA',NULL,NULL,NULL);
INSERT INTO relazione_attr_estrazione ( ESTRAZIONE, SEQUENZA, ATTRIBUTO, ALIAS, DESCRIZIONE, DESCRIZIONE_AL1, DESCRIZIONE_AL2) VALUES ('ELENCO_DELIBERA',14,'VARE.RIFERIMENTO','RIFERIMENTO',NULL,NULL,NULL);
INSERT INTO relazione_attr_estrazione ( ESTRAZIONE, SEQUENZA, ATTRIBUTO, ALIAS, DESCRIZIONE, DESCRIZIONE_AL1, DESCRIZIONE_AL2) VALUES ('DM10_S',11,'NR_DIP_SSN','COL1',NULL,NULL,NULL);
INSERT INTO relazione_attr_estrazione ( ESTRAZIONE, SEQUENZA, ATTRIBUTO, ALIAS, DESCRIZIONE, DESCRIZIONE_AL1, DESCRIZIONE_AL2) VALUES ('RIEPILOGO_CP',1,'CI','CI',NULL,NULL,NULL);
INSERT INTO relazione_attr_estrazione ( ESTRAZIONE, SEQUENZA, ATTRIBUTO, ALIAS, DESCRIZIONE, DESCRIZIONE_AL1, DESCRIZIONE_AL2) VALUES ('LISTA_INAIL',2,'NOMINATIVO','NOMINATIVO','column format a24 heading ''Nominativo''',NULL,NULL);
INSERT INTO relazione_attr_estrazione ( ESTRAZIONE, SEQUENZA, ATTRIBUTO, ALIAS, DESCRIZIONE, DESCRIZIONE_AL1, DESCRIZIONE_AL2) VALUES ('LISTA_INAIL',1,'CI','CI','column format 99999999 heading ''Cod.Ind.'' compute count',NULL,NULL);
INSERT INTO relazione_attr_estrazione ( ESTRAZIONE, SEQUENZA, ATTRIBUTO, ALIAS, DESCRIZIONE, DESCRIZIONE_AL1, DESCRIZIONE_AL2) VALUES ('LISTA_INAIL',4,'DATA_NAS','DATA_NAS','column format a10 heading ''Data Nas.''',NULL,NULL);
INSERT INTO relazione_attr_estrazione ( ESTRAZIONE, SEQUENZA, ATTRIBUTO, ALIAS, DESCRIZIONE, DESCRIZIONE_AL1, DESCRIZIONE_AL2) VALUES ('LISTA_INAIL',5,'CODICE_FISCALE','CODICE_FISCALE','column heading ''Codice Fiscale''',NULL,NULL);
INSERT INTO relazione_attr_estrazione ( ESTRAZIONE, SEQUENZA, ATTRIBUTO, ALIAS, DESCRIZIONE, DESCRIZIONE_AL1, DESCRIZIONE_AL2) VALUES ('ESTRAZIONE_MENSILE',13,'VACM.09','COL9',NULL,NULL,NULL);
INSERT INTO relazione_attr_estrazione ( ESTRAZIONE, SEQUENZA, ATTRIBUTO, ALIAS, DESCRIZIONE, DESCRIZIONE_AL1, DESCRIZIONE_AL2) VALUES ('ESTRAZIONE_MENSILE',14,'VACM.10','COL10',NULL,NULL,NULL);
INSERT INTO relazione_attr_estrazione ( ESTRAZIONE, SEQUENZA, ATTRIBUTO, ALIAS, DESCRIZIONE, DESCRIZIONE_AL1, DESCRIZIONE_AL2) VALUES ('ESTRAZIONE_MENSILE',15,'VACM.11','COL11',NULL,NULL,NULL);
INSERT INTO relazione_attr_estrazione ( ESTRAZIONE, SEQUENZA, ATTRIBUTO, ALIAS, DESCRIZIONE, DESCRIZIONE_AL1, DESCRIZIONE_AL2) VALUES ('ESTRAZIONE_MENSILE',16,'VACM.12','COL12',NULL,NULL,NULL);
INSERT INTO relazione_attr_estrazione ( ESTRAZIONE, SEQUENZA, ATTRIBUTO, ALIAS, DESCRIZIONE, DESCRIZIONE_AL1, DESCRIZIONE_AL2) VALUES ('ESTRAZIONE_MENSILE',17,'VACM.13','COL13',NULL,NULL,NULL);
INSERT INTO relazione_attr_estrazione ( ESTRAZIONE, SEQUENZA, ATTRIBUTO, ALIAS, DESCRIZIONE, DESCRIZIONE_AL1, DESCRIZIONE_AL2) VALUES ('ESTRAZIONE_ANNUALE',13,'VACA.09','COL9',NULL,NULL,NULL);
INSERT INTO relazione_attr_estrazione ( ESTRAZIONE, SEQUENZA, ATTRIBUTO, ALIAS, DESCRIZIONE, DESCRIZIONE_AL1, DESCRIZIONE_AL2) VALUES ('ESTRAZIONE_ANNUALE',14,'VACA.10','COL10',NULL,NULL,NULL);
INSERT INTO relazione_attr_estrazione ( ESTRAZIONE, SEQUENZA, ATTRIBUTO, ALIAS, DESCRIZIONE, DESCRIZIONE_AL1, DESCRIZIONE_AL2) VALUES ('ESTRAZIONE_ANNUALE',15,'VACA.11','COL11',NULL,NULL,NULL);
INSERT INTO relazione_attr_estrazione ( ESTRAZIONE, SEQUENZA, ATTRIBUTO, ALIAS, DESCRIZIONE, DESCRIZIONE_AL1, DESCRIZIONE_AL2) VALUES ('ESTRAZIONE_ANNUALE',16,'VACA.12','COL12',NULL,NULL,NULL);
INSERT INTO relazione_attr_estrazione ( ESTRAZIONE, SEQUENZA, ATTRIBUTO, ALIAS, DESCRIZIONE, DESCRIZIONE_AL1, DESCRIZIONE_AL2) VALUES ('ESTRAZIONE_ANNUALE',17,'VACA.13','COL13',NULL,NULL,NULL);
INSERT INTO relazione_attr_estrazione ( ESTRAZIONE, SEQUENZA, ATTRIBUTO, ALIAS, DESCRIZIONE, DESCRIZIONE_AL1, DESCRIZIONE_AL2) VALUES ('FISCALE_ANNO',2,'ANNO.INEX','ANNO',NULL,NULL,NULL);
INSERT INTO relazione_attr_estrazione ( ESTRAZIONE, SEQUENZA, ATTRIBUTO, ALIAS, DESCRIZIONE, DESCRIZIONE_AL1, DESCRIZIONE_AL2) VALUES ('DM10_S',12,'VACM.02','COL2',NULL,NULL,NULL);
INSERT INTO relazione_attr_estrazione ( ESTRAZIONE, SEQUENZA, ATTRIBUTO, ALIAS, DESCRIZIONE, DESCRIZIONE_AL1, DESCRIZIONE_AL2) VALUES ('DM10_S',13,'VACM.03','COL3',NULL,NULL,NULL);
INSERT INTO relazione_attr_estrazione ( ESTRAZIONE, SEQUENZA, ATTRIBUTO, ALIAS, DESCRIZIONE, DESCRIZIONE_AL1, DESCRIZIONE_AL2) VALUES ('DM10_S',14,'NR_DIP_SOL','COL4',NULL,NULL,NULL);
INSERT INTO relazione_attr_estrazione ( ESTRAZIONE, SEQUENZA, ATTRIBUTO, ALIAS, DESCRIZIONE, DESCRIZIONE_AL1, DESCRIZIONE_AL2) VALUES ('DM10_S',15,'VACM.05','COL5',NULL,NULL,NULL);
INSERT INTO relazione_attr_estrazione ( ESTRAZIONE, SEQUENZA, ATTRIBUTO, ALIAS, DESCRIZIONE, DESCRIZIONE_AL1, DESCRIZIONE_AL2) VALUES ('DM10_S',16,'VACM.06','COL6',NULL,NULL,NULL);
INSERT INTO relazione_attr_estrazione ( ESTRAZIONE, SEQUENZA, ATTRIBUTO, ALIAS, DESCRIZIONE, DESCRIZIONE_AL1, DESCRIZIONE_AL2) VALUES ('DM10_S',17,'_NULL','COL7',NULL,NULL,NULL);
INSERT INTO relazione_attr_estrazione ( ESTRAZIONE, SEQUENZA, ATTRIBUTO, ALIAS, DESCRIZIONE, DESCRIZIONE_AL1, DESCRIZIONE_AL2) VALUES ('DM10_S',18,'VACM.08','COL8',NULL,NULL,NULL);
INSERT INTO relazione_attr_estrazione ( ESTRAZIONE, SEQUENZA, ATTRIBUTO, ALIAS, DESCRIZIONE, DESCRIZIONE_AL1, DESCRIZIONE_AL2) VALUES ('DM10_S',19,'VACM.09','COL9',NULL,NULL,NULL);
INSERT INTO relazione_attr_estrazione ( ESTRAZIONE, SEQUENZA, ATTRIBUTO, ALIAS, DESCRIZIONE, DESCRIZIONE_AL1, DESCRIZIONE_AL2) VALUES ('DM10_S',20,'VACM.10','COL10',NULL,NULL,NULL);
INSERT INTO relazione_attr_estrazione ( ESTRAZIONE, SEQUENZA, ATTRIBUTO, ALIAS, DESCRIZIONE, DESCRIZIONE_AL1, DESCRIZIONE_AL2) VALUES ('DM10_S',21,'_NULL','COL11',NULL,NULL,NULL);
INSERT INTO relazione_attr_estrazione ( ESTRAZIONE, SEQUENZA, ATTRIBUTO, ALIAS, DESCRIZIONE, DESCRIZIONE_AL1, DESCRIZIONE_AL2) VALUES ('DM10_S',22,'_NULL','COL12',NULL,NULL,NULL);
INSERT INTO relazione_attr_estrazione ( ESTRAZIONE, SEQUENZA, ATTRIBUTO, ALIAS, DESCRIZIONE, DESCRIZIONE_AL1, DESCRIZIONE_AL2) VALUES ('DM10_S',23,'_NULL','COL13',NULL,NULL,NULL);
INSERT INTO relazione_attr_estrazione ( ESTRAZIONE, SEQUENZA, ATTRIBUTO, ALIAS, DESCRIZIONE, DESCRIZIONE_AL1, DESCRIZIONE_AL2) VALUES ('DM10_S',24,'_NULL','COL14',NULL,NULL,NULL);
INSERT INTO relazione_attr_estrazione ( ESTRAZIONE, SEQUENZA, ATTRIBUTO, ALIAS, DESCRIZIONE, DESCRIZIONE_AL1, DESCRIZIONE_AL2) VALUES ('LISTA_ANAGRAFICA',1,'CI','CI','column format 99999999 heading ''Cod.Ind.'' compute count',NULL,NULL);
INSERT INTO relazione_attr_estrazione ( ESTRAZIONE, SEQUENZA, ATTRIBUTO, ALIAS, DESCRIZIONE, DESCRIZIONE_AL1, DESCRIZIONE_AL2) VALUES ('ESTRAZIONE_MENSILE',7,'VACM.03','COL3',NULL,NULL,NULL);
INSERT INTO relazione_attr_estrazione ( ESTRAZIONE, SEQUENZA, ATTRIBUTO, ALIAS, DESCRIZIONE, DESCRIZIONE_AL1, DESCRIZIONE_AL2) VALUES ('ESTRAZIONE_MENSILE',8,'VACM.04','COL4',NULL,NULL,NULL);
INSERT INTO relazione_attr_estrazione ( ESTRAZIONE, SEQUENZA, ATTRIBUTO, ALIAS, DESCRIZIONE, DESCRIZIONE_AL1, DESCRIZIONE_AL2) VALUES ('ESTRAZIONE_MENSILE',9,'VACM.05','COL5',NULL,NULL,NULL);
INSERT INTO relazione_attr_estrazione ( ESTRAZIONE, SEQUENZA, ATTRIBUTO, ALIAS, DESCRIZIONE, DESCRIZIONE_AL1, DESCRIZIONE_AL2) VALUES ('FISCALE',1,'CI.PERE','CI',NULL,NULL,NULL);
INSERT INTO relazione_attr_estrazione ( ESTRAZIONE, SEQUENZA, ATTRIBUTO, ALIAS, DESCRIZIONE, DESCRIZIONE_AL1, DESCRIZIONE_AL2) VALUES ('LIQUIDAZIONE',1,'CI.PERE','CI',NULL,NULL,NULL);
INSERT INTO relazione_attr_estrazione ( ESTRAZIONE, SEQUENZA, ATTRIBUTO, ALIAS, DESCRIZIONE, DESCRIZIONE_AL1, DESCRIZIONE_AL2) VALUES ('FISCALE_ANNO',1,'CI.RAGF','CI',NULL,NULL,NULL);
INSERT INTO relazione_attr_estrazione ( ESTRAZIONE, SEQUENZA, ATTRIBUTO, ALIAS, DESCRIZIONE, DESCRIZIONE_AL1, DESCRIZIONE_AL2) VALUES ('ESTRAZIONE_MENSILE',1,'CI.PERE','CI',NULL,NULL,NULL);
INSERT INTO relazione_attr_estrazione ( ESTRAZIONE, SEQUENZA, ATTRIBUTO, ALIAS, DESCRIZIONE, DESCRIZIONE_AL1, DESCRIZIONE_AL2) VALUES ('RIEPILOGO',1,'CI.PERE','CI',NULL,NULL,NULL);
INSERT INTO relazione_attr_estrazione ( ESTRAZIONE, SEQUENZA, ATTRIBUTO, ALIAS, DESCRIZIONE, DESCRIZIONE_AL1, DESCRIZIONE_AL2) VALUES ('CEDOLINO',1,'CI.PERE','CI',NULL,NULL,NULL);
INSERT INTO relazione_attr_estrazione ( ESTRAZIONE, SEQUENZA, ATTRIBUTO, ALIAS, DESCRIZIONE, DESCRIZIONE_AL1, DESCRIZIONE_AL2) VALUES ('CEDOLINO_ANNO',1,'CI.PERE','CI',NULL,NULL,NULL);
INSERT INTO relazione_attr_estrazione ( ESTRAZIONE, SEQUENZA, ATTRIBUTO, ALIAS, DESCRIZIONE, DESCRIZIONE_AL1, DESCRIZIONE_AL2) VALUES ('FINE_ANNO',1,'CI.PERE','CI',NULL,NULL,NULL);
INSERT INTO relazione_attr_estrazione ( ESTRAZIONE, SEQUENZA, ATTRIBUTO, ALIAS, DESCRIZIONE, DESCRIZIONE_AL1, DESCRIZIONE_AL2) VALUES ('ANAGRAFICI',1,'CI','CI',NULL,NULL,NULL);
INSERT INTO relazione_attr_estrazione ( ESTRAZIONE, SEQUENZA, ATTRIBUTO, ALIAS, DESCRIZIONE, DESCRIZIONE_AL1, DESCRIZIONE_AL2) VALUES ('CONTRIBUTI',2,'ANNO','ANNO',NULL,NULL,NULL);
INSERT INTO relazione_attr_estrazione ( ESTRAZIONE, SEQUENZA, ATTRIBUTO, ALIAS, DESCRIZIONE, DESCRIZIONE_AL1, DESCRIZIONE_AL2) VALUES ('CEDOLINO',2,'ANNO','ANNO',NULL,NULL,NULL);
INSERT INTO relazione_attr_estrazione ( ESTRAZIONE, SEQUENZA, ATTRIBUTO, ALIAS, DESCRIZIONE, DESCRIZIONE_AL1, DESCRIZIONE_AL2) VALUES ('ELENCO_DELIBERA',11,'VARE.CI','CI',NULL,NULL,NULL);
INSERT INTO relazione_attr_estrazione ( ESTRAZIONE, SEQUENZA, ATTRIBUTO, ALIAS, DESCRIZIONE, DESCRIZIONE_AL1, DESCRIZIONE_AL2) VALUES ('ELENCO_VOCI',1,'CI.PERE','CI',NULL,NULL,NULL);
INSERT INTO relazione_attr_estrazione ( ESTRAZIONE, SEQUENZA, ATTRIBUTO, ALIAS, DESCRIZIONE, DESCRIZIONE_AL1, DESCRIZIONE_AL2) VALUES ('ONERI',1,'CI.PERE','CI',NULL,NULL,NULL);
INSERT INTO relazione_attr_estrazione ( ESTRAZIONE, SEQUENZA, ATTRIBUTO, ALIAS, DESCRIZIONE, DESCRIZIONE_AL1, DESCRIZIONE_AL2) VALUES ('ONERI',3,'MESE','MESE',NULL,NULL,NULL);
INSERT INTO relazione_attr_estrazione ( ESTRAZIONE, SEQUENZA, ATTRIBUTO, ALIAS, DESCRIZIONE, DESCRIZIONE_AL1, DESCRIZIONE_AL2) VALUES ('QUIETANZE',3,'MESE','MESE',NULL,NULL,NULL);
INSERT INTO relazione_attr_estrazione ( ESTRAZIONE, SEQUENZA, ATTRIBUTO, ALIAS, DESCRIZIONE, DESCRIZIONE_AL1, DESCRIZIONE_AL2) VALUES ('LIQUIDAZIONE',3,'MESE','MESE',NULL,NULL,NULL);
INSERT INTO relazione_attr_estrazione ( ESTRAZIONE, SEQUENZA, ATTRIBUTO, ALIAS, DESCRIZIONE, DESCRIZIONE_AL1, DESCRIZIONE_AL2) VALUES ('TOTALI',1,'CI.PERE','CI',NULL,NULL,NULL);
INSERT INTO relazione_attr_estrazione ( ESTRAZIONE, SEQUENZA, ATTRIBUTO, ALIAS, DESCRIZIONE, DESCRIZIONE_AL1, DESCRIZIONE_AL2) VALUES ('TOTALI_ANNO',1,'CI.PERE','CI',NULL,NULL,NULL);
INSERT INTO relazione_attr_estrazione ( ESTRAZIONE, SEQUENZA, ATTRIBUTO, ALIAS, DESCRIZIONE, DESCRIZIONE_AL1, DESCRIZIONE_AL2) VALUES ('RIEPILOGO',3,'MESE','MESE',NULL,NULL,NULL);
INSERT INTO relazione_attr_estrazione ( ESTRAZIONE, SEQUENZA, ATTRIBUTO, ALIAS, DESCRIZIONE, DESCRIZIONE_AL1, DESCRIZIONE_AL2) VALUES ('RIEPILOGO_ANNO',3,'MESE','MESE',NULL,NULL,NULL);
INSERT INTO relazione_attr_estrazione ( ESTRAZIONE, SEQUENZA, ATTRIBUTO, ALIAS, DESCRIZIONE, DESCRIZIONE_AL1, DESCRIZIONE_AL2) VALUES ('FISCALE',3,'MESE','MESE',NULL,NULL,NULL);
INSERT INTO relazione_attr_estrazione ( ESTRAZIONE, SEQUENZA, ATTRIBUTO, ALIAS, DESCRIZIONE, DESCRIZIONE_AL1, DESCRIZIONE_AL2) VALUES ('TFR',3,'MESE','MESE',NULL,NULL,NULL);
INSERT INTO relazione_attr_estrazione ( ESTRAZIONE, SEQUENZA, ATTRIBUTO, ALIAS, DESCRIZIONE, DESCRIZIONE_AL1, DESCRIZIONE_AL2) VALUES ('TOTALI',3,'MESE','MESE',NULL,NULL,NULL);
INSERT INTO relazione_attr_estrazione ( ESTRAZIONE, SEQUENZA, ATTRIBUTO, ALIAS, DESCRIZIONE, DESCRIZIONE_AL1, DESCRIZIONE_AL2) VALUES ('TOTALI_ANNO',3,'MESE','MESE',NULL,NULL,NULL);
INSERT INTO relazione_attr_estrazione ( ESTRAZIONE, SEQUENZA, ATTRIBUTO, ALIAS, DESCRIZIONE, DESCRIZIONE_AL1, DESCRIZIONE_AL2) VALUES ('ESTRAZIONE_MENSILE',10,'VACM.06','COL6',NULL,NULL,NULL);
INSERT INTO relazione_attr_estrazione ( ESTRAZIONE, SEQUENZA, ATTRIBUTO, ALIAS, DESCRIZIONE, DESCRIZIONE_AL1, DESCRIZIONE_AL2) VALUES ('ESTRAZIONE_MENSILE',11,'VACM.07','COL7',NULL,NULL,NULL);
INSERT INTO relazione_attr_estrazione ( ESTRAZIONE, SEQUENZA, ATTRIBUTO, ALIAS, DESCRIZIONE, DESCRIZIONE_AL1, DESCRIZIONE_AL2) VALUES ('ESTRAZIONE_MENSILE',12,'VACM.08','COL8',NULL,NULL,NULL);
INSERT INTO relazione_attr_estrazione ( ESTRAZIONE, SEQUENZA, ATTRIBUTO, ALIAS, DESCRIZIONE, DESCRIZIONE_AL1, DESCRIZIONE_AL2) VALUES ('ESTRAZIONE_ANNUALE',1,'CI.PERE','CI',NULL,NULL,NULL);
INSERT INTO relazione_attr_estrazione ( ESTRAZIONE, SEQUENZA, ATTRIBUTO, ALIAS, DESCRIZIONE, DESCRIZIONE_AL1, DESCRIZIONE_AL2) VALUES ('ESTRAZIONE_ANNUALE',4,'VACA.MENSILITA','MENSILITA',NULL,NULL,NULL);
INSERT INTO relazione_attr_estrazione ( ESTRAZIONE, SEQUENZA, ATTRIBUTO, ALIAS, DESCRIZIONE, DESCRIZIONE_AL1, DESCRIZIONE_AL2) VALUES ('ESTRAZIONE_ANNUALE',5,'VACA.01','COL1',NULL,NULL,NULL);
INSERT INTO relazione_attr_estrazione ( ESTRAZIONE, SEQUENZA, ATTRIBUTO, ALIAS, DESCRIZIONE, DESCRIZIONE_AL1, DESCRIZIONE_AL2) VALUES ('ESTRAZIONE_ANNUALE',6,'VACA.02','COL2',NULL,NULL,NULL);
INSERT INTO relazione_attr_estrazione ( ESTRAZIONE, SEQUENZA, ATTRIBUTO, ALIAS, DESCRIZIONE, DESCRIZIONE_AL1, DESCRIZIONE_AL2) VALUES ('ESTRAZIONE_ANNUALE',7,'VACA.03','COL3',NULL,NULL,NULL);
INSERT INTO relazione_attr_estrazione ( ESTRAZIONE, SEQUENZA, ATTRIBUTO, ALIAS, DESCRIZIONE, DESCRIZIONE_AL1, DESCRIZIONE_AL2) VALUES ('ESTRAZIONE_ANNUALE',8,'VACA.04','COL4',NULL,NULL,NULL);
INSERT INTO relazione_attr_estrazione ( ESTRAZIONE, SEQUENZA, ATTRIBUTO, ALIAS, DESCRIZIONE, DESCRIZIONE_AL1, DESCRIZIONE_AL2) VALUES ('ESTRAZIONE_ANNUALE',9,'VACA.05','COL5',NULL,NULL,NULL);
INSERT INTO relazione_attr_estrazione ( ESTRAZIONE, SEQUENZA, ATTRIBUTO, ALIAS, DESCRIZIONE, DESCRIZIONE_AL1, DESCRIZIONE_AL2) VALUES ('ESTRAZIONE_ANNUALE',10,'VACA.06','COL6',NULL,NULL,NULL);
INSERT INTO relazione_attr_estrazione ( ESTRAZIONE, SEQUENZA, ATTRIBUTO, ALIAS, DESCRIZIONE, DESCRIZIONE_AL1, DESCRIZIONE_AL2) VALUES ('ESTRAZIONE_ANNUALE',11,'VACA.07','COL7',NULL,NULL,NULL);
INSERT INTO relazione_attr_estrazione ( ESTRAZIONE, SEQUENZA, ATTRIBUTO, ALIAS, DESCRIZIONE, DESCRIZIONE_AL1, DESCRIZIONE_AL2) VALUES ('ESTRAZIONE_ANNUALE',12,'VACA.08','COL8',NULL,NULL,NULL);
INSERT INTO relazione_attr_estrazione ( ESTRAZIONE, SEQUENZA, ATTRIBUTO, ALIAS, DESCRIZIONE, DESCRIZIONE_AL1, DESCRIZIONE_AL2) VALUES ('ESTRAZIONE_MENSILE',4,'VACM.MENSILITA','MENSILITA',NULL,NULL,NULL);
INSERT INTO relazione_attr_estrazione ( ESTRAZIONE, SEQUENZA, ATTRIBUTO, ALIAS, DESCRIZIONE, DESCRIZIONE_AL1, DESCRIZIONE_AL2) VALUES ('ESTRAZIONE_MENSILE',5,'VACM.01','COL1',NULL,NULL,NULL);
INSERT INTO relazione_attr_estrazione ( ESTRAZIONE, SEQUENZA, ATTRIBUTO, ALIAS, DESCRIZIONE, DESCRIZIONE_AL1, DESCRIZIONE_AL2) VALUES ('ESTRAZIONE_MENSILE',6,'VACM.02','COL2',NULL,NULL,NULL);
INSERT INTO relazione_attr_estrazione ( ESTRAZIONE, SEQUENZA, ATTRIBUTO, ALIAS, DESCRIZIONE, DESCRIZIONE_AL1, DESCRIZIONE_AL2) VALUES ('ELENCO_DELIBERA',15,'VARE.ARR','ARR',NULL,NULL,NULL);
INSERT INTO relazione_attr_estrazione ( ESTRAZIONE, SEQUENZA, ATTRIBUTO, ALIAS, DESCRIZIONE, DESCRIZIONE_AL1, DESCRIZIONE_AL2) VALUES ('ELENCO_DELIBERA',8,'VARE.CAPITOLO','CAPITOLO',NULL,NULL,NULL);
INSERT INTO relazione_attr_estrazione ( ESTRAZIONE, SEQUENZA, ATTRIBUTO, ALIAS, DESCRIZIONE, DESCRIZIONE_AL1, DESCRIZIONE_AL2) VALUES ('ELENCO_DELIBERA',9,'VARE.ARTICOLO','ARTICOLO',NULL,NULL,NULL);
INSERT INTO relazione_attr_estrazione ( ESTRAZIONE, SEQUENZA, ATTRIBUTO, ALIAS, DESCRIZIONE, DESCRIZIONE_AL1, DESCRIZIONE_AL2) VALUES ('ELENCO_DELIBERA',10,'VARE.CONTO','CONTO',NULL,NULL,NULL);
INSERT INTO relazione_attr_estrazione ( ESTRAZIONE, SEQUENZA, ATTRIBUTO, ALIAS, DESCRIZIONE, DESCRIZIONE_AL1, DESCRIZIONE_AL2) VALUES ('ELENCO',1,'CI.PERE','CI',NULL,NULL,NULL);
INSERT INTO relazione_attr_estrazione ( ESTRAZIONE, SEQUENZA, ATTRIBUTO, ALIAS, DESCRIZIONE, DESCRIZIONE_AL1, DESCRIZIONE_AL2) VALUES ('ELENCO',2,'ANNO','ANNO',NULL,NULL,NULL);
INSERT INTO relazione_attr_estrazione ( ESTRAZIONE, SEQUENZA, ATTRIBUTO, ALIAS, DESCRIZIONE, DESCRIZIONE_AL1, DESCRIZIONE_AL2) VALUES ('ELENCO',3,'MESE','MESE',NULL,NULL,NULL);
INSERT INTO relazione_attr_estrazione ( ESTRAZIONE, SEQUENZA, ATTRIBUTO, ALIAS, DESCRIZIONE, DESCRIZIONE_AL1, DESCRIZIONE_AL2) VALUES ('DM10_S',2,'ANNO','ANNO',NULL,NULL,NULL);
INSERT INTO relazione_attr_estrazione ( ESTRAZIONE, SEQUENZA, ATTRIBUTO, ALIAS, DESCRIZIONE, DESCRIZIONE_AL1, DESCRIZIONE_AL2) VALUES ('DM10_S',3,'MESE','MESE',NULL,NULL,NULL);
INSERT INTO relazione_attr_estrazione ( ESTRAZIONE, SEQUENZA, ATTRIBUTO, ALIAS, DESCRIZIONE, DESCRIZIONE_AL1, DESCRIZIONE_AL2) VALUES ('DM10_S',1,'CI.PERE','CI',NULL,NULL,NULL);
INSERT INTO relazione_attr_estrazione ( ESTRAZIONE, SEQUENZA, ATTRIBUTO, ALIAS, DESCRIZIONE, DESCRIZIONE_AL1, DESCRIZIONE_AL2) VALUES ('CONTRIBUTI',1,'CI.PERE','CI',NULL,NULL,NULL);
INSERT INTO relazione_attr_estrazione ( ESTRAZIONE, SEQUENZA, ATTRIBUTO, ALIAS, DESCRIZIONE, DESCRIZIONE_AL1, DESCRIZIONE_AL2) VALUES ('QUIETANZE',1,'CI.PERE','CI',NULL,NULL,NULL);
INSERT INTO relazione_attr_estrazione ( ESTRAZIONE, SEQUENZA, ATTRIBUTO, ALIAS, DESCRIZIONE, DESCRIZIONE_AL1, DESCRIZIONE_AL2) VALUES ('ELENCO_DELIBERA',4,'VARE.SEDE_DEL','SEDE_DEL',NULL,NULL,NULL);
INSERT INTO relazione_attr_estrazione ( ESTRAZIONE, SEQUENZA, ATTRIBUTO, ALIAS, DESCRIZIONE, DESCRIZIONE_AL1, DESCRIZIONE_AL2) VALUES ('ELENCO_DELIBERA',5,'VARE.ANNO_DEL','ANNO_DEL',NULL,NULL,NULL);
INSERT INTO relazione_attr_estrazione ( ESTRAZIONE, SEQUENZA, ATTRIBUTO, ALIAS, DESCRIZIONE, DESCRIZIONE_AL1, DESCRIZIONE_AL2) VALUES ('ELENCO_DELIBERA',6,'VARE.NUMERO_DEL','NUMERO_DEL',NULL,NULL,NULL);
INSERT INTO relazione_attr_estrazione ( ESTRAZIONE, SEQUENZA, ATTRIBUTO, ALIAS, DESCRIZIONE, DESCRIZIONE_AL1, DESCRIZIONE_AL2) VALUES ('ELENCO_DELIBERA',12,'VARE.VOCE','VOCE',NULL,NULL,NULL);
INSERT INTO relazione_attr_estrazione ( ESTRAZIONE, SEQUENZA, ATTRIBUTO, ALIAS, DESCRIZIONE, DESCRIZIONE_AL1, DESCRIZIONE_AL2) VALUES ('ELENCO_DELIBERA',16,'VARE.TAR','TAR',NULL,NULL,NULL);
INSERT INTO relazione_attr_estrazione ( ESTRAZIONE, SEQUENZA, ATTRIBUTO, ALIAS, DESCRIZIONE, DESCRIZIONE_AL1, DESCRIZIONE_AL2) VALUES ('ELENCO_DELIBERA',18,'VARE.IMP','IMP',NULL,NULL,NULL);
INSERT INTO relazione_attr_estrazione ( ESTRAZIONE, SEQUENZA, ATTRIBUTO, ALIAS, DESCRIZIONE, DESCRIZIONE_AL1, DESCRIZIONE_AL2) VALUES ('ELENCO_DELIBERA',7,'VARE.DELIBERA','DELIBERA',NULL,NULL,NULL);
INSERT INTO relazione_attr_estrazione ( ESTRAZIONE, SEQUENZA, ATTRIBUTO, ALIAS, DESCRIZIONE, DESCRIZIONE_AL1, DESCRIZIONE_AL2) VALUES ('RIEPILOGO_ANNO',1,'CI.PERE','CI',NULL,NULL,NULL);
INSERT INTO relazione_attr_estrazione ( ESTRAZIONE, SEQUENZA, ATTRIBUTO, ALIAS, DESCRIZIONE, DESCRIZIONE_AL1, DESCRIZIONE_AL2) VALUES ('TFR',1,'CI.PERE','CI',NULL,NULL,NULL);
INSERT INTO relazione_attr_estrazione ( ESTRAZIONE, SEQUENZA, ATTRIBUTO, ALIAS, DESCRIZIONE, DESCRIZIONE_AL1, DESCRIZIONE_AL2) VALUES ('CEDOLINO_ANNO',2,'ANNO','ANNO',NULL,NULL,NULL);
INSERT INTO relazione_attr_estrazione ( ESTRAZIONE, SEQUENZA, ATTRIBUTO, ALIAS, DESCRIZIONE, DESCRIZIONE_AL1, DESCRIZIONE_AL2) VALUES ('ELENCO_VOCI',2,'ANNO','ANNO',NULL,NULL,NULL);
INSERT INTO relazione_attr_estrazione ( ESTRAZIONE, SEQUENZA, ATTRIBUTO, ALIAS, DESCRIZIONE, DESCRIZIONE_AL1, DESCRIZIONE_AL2) VALUES ('ESTRAZIONE_ANNUALE',2,'ANNO','ANNO',NULL,NULL,NULL);
INSERT INTO relazione_attr_estrazione ( ESTRAZIONE, SEQUENZA, ATTRIBUTO, ALIAS, DESCRIZIONE, DESCRIZIONE_AL1, DESCRIZIONE_AL2) VALUES ('ESTRAZIONE_MENSILE',2,'ANNO','ANNO',NULL,NULL,NULL);
INSERT INTO relazione_attr_estrazione ( ESTRAZIONE, SEQUENZA, ATTRIBUTO, ALIAS, DESCRIZIONE, DESCRIZIONE_AL1, DESCRIZIONE_AL2) VALUES ('FINE_ANNO',2,'ANNO','ANNO',NULL,NULL,NULL);
INSERT INTO relazione_attr_estrazione ( ESTRAZIONE, SEQUENZA, ATTRIBUTO, ALIAS, DESCRIZIONE, DESCRIZIONE_AL1, DESCRIZIONE_AL2) VALUES ('ONERI',2,'ANNO','ANNO',NULL,NULL,NULL);
INSERT INTO relazione_attr_estrazione ( ESTRAZIONE, SEQUENZA, ATTRIBUTO, ALIAS, DESCRIZIONE, DESCRIZIONE_AL1, DESCRIZIONE_AL2) VALUES ('QUIETANZE',2,'ANNO','ANNO',NULL,NULL,NULL);
INSERT INTO relazione_attr_estrazione ( ESTRAZIONE, SEQUENZA, ATTRIBUTO, ALIAS, DESCRIZIONE, DESCRIZIONE_AL1, DESCRIZIONE_AL2) VALUES ('LIQUIDAZIONE',2,'ANNO','ANNO',NULL,NULL,NULL);
INSERT INTO relazione_attr_estrazione ( ESTRAZIONE, SEQUENZA, ATTRIBUTO, ALIAS, DESCRIZIONE, DESCRIZIONE_AL1, DESCRIZIONE_AL2) VALUES ('RIEPILOGO',2,'ANNO','ANNO',NULL,NULL,NULL);
INSERT INTO relazione_attr_estrazione ( ESTRAZIONE, SEQUENZA, ATTRIBUTO, ALIAS, DESCRIZIONE, DESCRIZIONE_AL1, DESCRIZIONE_AL2) VALUES ('RIEPILOGO_ANNO',2,'ANNO','ANNO',NULL,NULL,NULL);
INSERT INTO relazione_attr_estrazione ( ESTRAZIONE, SEQUENZA, ATTRIBUTO, ALIAS, DESCRIZIONE, DESCRIZIONE_AL1, DESCRIZIONE_AL2) VALUES ('FISCALE',2,'ANNO','ANNO',NULL,NULL,NULL);
INSERT INTO relazione_attr_estrazione ( ESTRAZIONE, SEQUENZA, ATTRIBUTO, ALIAS, DESCRIZIONE, DESCRIZIONE_AL1, DESCRIZIONE_AL2) VALUES ('TFR',2,'ANNO','ANNO',NULL,NULL,NULL);
INSERT INTO relazione_attr_estrazione ( ESTRAZIONE, SEQUENZA, ATTRIBUTO, ALIAS, DESCRIZIONE, DESCRIZIONE_AL1, DESCRIZIONE_AL2) VALUES ('DM10_S',4,'VACM.MENSILITA','MENSILITA',NULL,NULL,NULL);
INSERT INTO relazione_attr_estrazione ( ESTRAZIONE, SEQUENZA, ATTRIBUTO, ALIAS, DESCRIZIONE, DESCRIZIONE_AL1, DESCRIZIONE_AL2) VALUES ('ESTRAZIONE_MENSILE',18,'VACM.14','COL14',NULL,NULL,NULL);
INSERT INTO relazione_attr_estrazione ( ESTRAZIONE, SEQUENZA, ATTRIBUTO, ALIAS, DESCRIZIONE, DESCRIZIONE_AL1, DESCRIZIONE_AL2) VALUES ('ESTRAZIONE_ANNUALE',18,'VACA.14','COL14',NULL,NULL,NULL);
INSERT INTO relazione_attr_estrazione ( ESTRAZIONE, SEQUENZA, ATTRIBUTO, ALIAS, DESCRIZIONE, DESCRIZIONE_AL1, DESCRIZIONE_AL2) VALUES ('SINDACALI',1,'CI.PERE','CI',NULL,NULL,NULL);
INSERT INTO relazione_attr_estrazione ( ESTRAZIONE, SEQUENZA, ATTRIBUTO, ALIAS, DESCRIZIONE, DESCRIZIONE_AL1, DESCRIZIONE_AL2) VALUES ('SINDACALI',2,'ANNO','ANNO',NULL,NULL,NULL);
INSERT INTO relazione_attr_estrazione ( ESTRAZIONE, SEQUENZA, ATTRIBUTO, ALIAS, DESCRIZIONE, DESCRIZIONE_AL1, DESCRIZIONE_AL2) VALUES ('SINDACALI',3,'MESE','MESE',NULL,NULL,NULL);
INSERT INTO relazione_attr_estrazione ( ESTRAZIONE, SEQUENZA, ATTRIBUTO, ALIAS, DESCRIZIONE, DESCRIZIONE_AL1, DESCRIZIONE_AL2) VALUES ('DEBITORIE',1,'CI.PERE','CI',NULL,NULL,NULL);
INSERT INTO relazione_attr_estrazione ( ESTRAZIONE, SEQUENZA, ATTRIBUTO, ALIAS, DESCRIZIONE, DESCRIZIONE_AL1, DESCRIZIONE_AL2) VALUES ('DEBITORIE',2,'ANNO','ANNO',NULL,NULL,NULL);
INSERT INTO relazione_attr_estrazione ( ESTRAZIONE, SEQUENZA, ATTRIBUTO, ALIAS, DESCRIZIONE, DESCRIZIONE_AL1, DESCRIZIONE_AL2) VALUES ('DEBITORIE',3,'MESE','MESE',NULL,NULL,NULL);
INSERT INTO relazione_attr_estrazione ( ESTRAZIONE, SEQUENZA, ATTRIBUTO, ALIAS, DESCRIZIONE, DESCRIZIONE_AL1, DESCRIZIONE_AL2) VALUES ('LISTA_ANAGRAFICA',2,'NOMINATIVO','NOMINATIVO','column format a24 heading ''Nominativo''',NULL,NULL);
INSERT INTO relazione_attr_estrazione ( ESTRAZIONE, SEQUENZA, ATTRIBUTO, ALIAS, DESCRIZIONE, DESCRIZIONE_AL1, DESCRIZIONE_AL2) VALUES ('LISTA_CDC',1,'CI','CI','column format 99999999 heading ''Cod.Ind.'' compute count',NULL,NULL);
INSERT INTO relazione_attr_estrazione ( ESTRAZIONE, SEQUENZA, ATTRIBUTO, ALIAS, DESCRIZIONE, DESCRIZIONE_AL1, DESCRIZIONE_AL2) VALUES ('LISTA_CDC',2,'NOMINATIVO','NOMINATIVO','column format a24 heading ''Nominativo''',NULL,NULL);
INSERT INTO relazione_attr_estrazione ( ESTRAZIONE, SEQUENZA, ATTRIBUTO, ALIAS, DESCRIZIONE, DESCRIZIONE_AL1, DESCRIZIONE_AL2) VALUES ('MODULO_VARIABILI',1,'CI','CI',NULL,NULL,NULL);
INSERT INTO relazione_attr_estrazione ( ESTRAZIONE, SEQUENZA, ATTRIBUTO, ALIAS, DESCRIZIONE, DESCRIZIONE_AL1, DESCRIZIONE_AL2) VALUES ('ELENCO_SSN',1,'CI.PERE','CI',NULL,NULL,NULL);
INSERT INTO relazione_attr_estrazione ( ESTRAZIONE, SEQUENZA, ATTRIBUTO, ALIAS, DESCRIZIONE, DESCRIZIONE_AL1, DESCRIZIONE_AL2) VALUES ('ELENCO_SSN',2,'ANNO','ANNO',NULL,NULL,NULL);
INSERT INTO relazione_attr_estrazione ( ESTRAZIONE, SEQUENZA, ATTRIBUTO, ALIAS, DESCRIZIONE, DESCRIZIONE_AL1, DESCRIZIONE_AL2) VALUES ('ELENCO_SSN',3,'MESE','MESE',NULL,NULL,NULL);
INSERT INTO relazione_attr_estrazione ( ESTRAZIONE, SEQUENZA, ATTRIBUTO, ALIAS, DESCRIZIONE, DESCRIZIONE_AL1, DESCRIZIONE_AL2) VALUES ('ELENCO_SSN',4,'VACM.MENSILITA','MENSILITA',NULL,NULL,NULL);
INSERT INTO relazione_attr_estrazione ( ESTRAZIONE, SEQUENZA, ATTRIBUTO, ALIAS, DESCRIZIONE, DESCRIZIONE_AL1, DESCRIZIONE_AL2) VALUES ('ELENCO_SSN',5,'VACM.01','COL1',NULL,NULL,NULL);
INSERT INTO relazione_attr_estrazione ( ESTRAZIONE, SEQUENZA, ATTRIBUTO, ALIAS, DESCRIZIONE, DESCRIZIONE_AL1, DESCRIZIONE_AL2) VALUES ('ELENCO_SSN',6,'VACM.02','COL2',NULL,NULL,NULL);
INSERT INTO relazione_attr_estrazione ( ESTRAZIONE, SEQUENZA, ATTRIBUTO, ALIAS, DESCRIZIONE, DESCRIZIONE_AL1, DESCRIZIONE_AL2) VALUES ('ELENCO_SSN',7,'VACM.03','COL3',NULL,NULL,NULL);
INSERT INTO relazione_attr_estrazione ( ESTRAZIONE, SEQUENZA, ATTRIBUTO, ALIAS, DESCRIZIONE, DESCRIZIONE_AL1, DESCRIZIONE_AL2) VALUES ('ELENCO_SSN',8,'VACM.04','COL4',NULL,NULL,NULL);
INSERT INTO relazione_attr_estrazione ( ESTRAZIONE, SEQUENZA, ATTRIBUTO, ALIAS, DESCRIZIONE, DESCRIZIONE_AL1, DESCRIZIONE_AL2) VALUES ('ELENCO_SSN',9,'VACM.05','COL5',NULL,NULL,NULL);
INSERT INTO relazione_attr_estrazione ( ESTRAZIONE, SEQUENZA, ATTRIBUTO, ALIAS, DESCRIZIONE, DESCRIZIONE_AL1, DESCRIZIONE_AL2) VALUES ('ELENCO_SSN',10,'VACM.06','COL6',NULL,NULL,NULL);
INSERT INTO relazione_attr_estrazione ( ESTRAZIONE, SEQUENZA, ATTRIBUTO, ALIAS, DESCRIZIONE, DESCRIZIONE_AL1, DESCRIZIONE_AL2) VALUES ('ELENCO_SSN',11,'VACM.07','COL7',NULL,NULL,NULL);
INSERT INTO relazione_attr_estrazione ( ESTRAZIONE, SEQUENZA, ATTRIBUTO, ALIAS, DESCRIZIONE, DESCRIZIONE_AL1, DESCRIZIONE_AL2) VALUES ('ELENCO_SSN',12,'VACM.08','COL8',NULL,NULL,NULL);
INSERT INTO relazione_attr_estrazione ( ESTRAZIONE, SEQUENZA, ATTRIBUTO, ALIAS, DESCRIZIONE, DESCRIZIONE_AL1, DESCRIZIONE_AL2) VALUES ('ELENCO_SSN',13,'VACM.09','COL9',NULL,NULL,NULL);
INSERT INTO relazione_attr_estrazione ( ESTRAZIONE, SEQUENZA, ATTRIBUTO, ALIAS, DESCRIZIONE, DESCRIZIONE_AL1, DESCRIZIONE_AL2) VALUES ('ELENCO_SSN',14,'VACM.10','COL10',NULL,NULL,NULL);
INSERT INTO relazione_attr_estrazione ( ESTRAZIONE, SEQUENZA, ATTRIBUTO, ALIAS, DESCRIZIONE, DESCRIZIONE_AL1, DESCRIZIONE_AL2) VALUES ('ELENCO_SSN',15,'VACM.11','COL11',NULL,NULL,NULL);
INSERT INTO relazione_attr_estrazione ( ESTRAZIONE, SEQUENZA, ATTRIBUTO, ALIAS, DESCRIZIONE, DESCRIZIONE_AL1, DESCRIZIONE_AL2) VALUES ('ELENCO_SSN',16,'VACM.12','COL12',NULL,NULL,NULL);
INSERT INTO relazione_attr_estrazione ( ESTRAZIONE, SEQUENZA, ATTRIBUTO, ALIAS, DESCRIZIONE, DESCRIZIONE_AL1, DESCRIZIONE_AL2) VALUES ('ELENCO_SSN',17,'VACM.13','COL13',NULL,NULL,NULL);
INSERT INTO relazione_attr_estrazione ( ESTRAZIONE, SEQUENZA, ATTRIBUTO, ALIAS, DESCRIZIONE, DESCRIZIONE_AL1, DESCRIZIONE_AL2) VALUES ('ELENCO_SSN',18,'VACM.14','COL14',NULL,NULL,NULL);
INSERT INTO relazione_attr_estrazione ( ESTRAZIONE, SEQUENZA, ATTRIBUTO, ALIAS, DESCRIZIONE, DESCRIZIONE_AL1, DESCRIZIONE_AL2) VALUES ('ESTR_STR',1,'CI.PERE','CI',NULL,NULL,NULL);
INSERT INTO relazione_attr_estrazione ( ESTRAZIONE, SEQUENZA, ATTRIBUTO, ALIAS, DESCRIZIONE, DESCRIZIONE_AL1, DESCRIZIONE_AL2) VALUES ('ESTR_STR',2,'ANNO','ANNO',NULL,NULL,NULL);
INSERT INTO relazione_attr_estrazione ( ESTRAZIONE, SEQUENZA, ATTRIBUTO, ALIAS, DESCRIZIONE, DESCRIZIONE_AL1, DESCRIZIONE_AL2) VALUES ('ESTR_STR',3,'MESE','MESE',NULL,NULL,NULL);
INSERT INTO relazione_attr_estrazione ( ESTRAZIONE, SEQUENZA, ATTRIBUTO, ALIAS, DESCRIZIONE, DESCRIZIONE_AL1, DESCRIZIONE_AL2) VALUES ('ESTR_STR',4,'VACM.MENSILITA','MENSILITA',NULL,NULL,NULL);
INSERT INTO relazione_attr_estrazione ( ESTRAZIONE, SEQUENZA, ATTRIBUTO, ALIAS, DESCRIZIONE, DESCRIZIONE_AL1, DESCRIZIONE_AL2) VALUES ('ESTR_STR',5,'VACM.01','COL1',NULL,NULL,NULL);
INSERT INTO relazione_attr_estrazione ( ESTRAZIONE, SEQUENZA, ATTRIBUTO, ALIAS, DESCRIZIONE, DESCRIZIONE_AL1, DESCRIZIONE_AL2) VALUES ('ESTR_STR',6,'VACM.02','COL2',NULL,NULL,NULL);
INSERT INTO relazione_attr_estrazione ( ESTRAZIONE, SEQUENZA, ATTRIBUTO, ALIAS, DESCRIZIONE, DESCRIZIONE_AL1, DESCRIZIONE_AL2) VALUES ('ESTR_STR',7,'VACM.03','COL3',NULL,NULL,NULL);
INSERT INTO relazione_attr_estrazione ( ESTRAZIONE, SEQUENZA, ATTRIBUTO, ALIAS, DESCRIZIONE, DESCRIZIONE_AL1, DESCRIZIONE_AL2) VALUES ('ESTR_STR',8,'VACM.04','COL4',NULL,NULL,NULL);
INSERT INTO relazione_attr_estrazione ( ESTRAZIONE, SEQUENZA, ATTRIBUTO, ALIAS, DESCRIZIONE, DESCRIZIONE_AL1, DESCRIZIONE_AL2) VALUES ('ESTR_STR',9,'VACM.05','COL5',NULL,NULL,NULL);
INSERT INTO relazione_attr_estrazione ( ESTRAZIONE, SEQUENZA, ATTRIBUTO, ALIAS, DESCRIZIONE, DESCRIZIONE_AL1, DESCRIZIONE_AL2) VALUES ('ESTR_STR',10,'VACM.06','COL6',NULL,NULL,NULL);
INSERT INTO relazione_attr_estrazione ( ESTRAZIONE, SEQUENZA, ATTRIBUTO, ALIAS, DESCRIZIONE, DESCRIZIONE_AL1, DESCRIZIONE_AL2) VALUES ('ESTR_STR',11,'VACM.07','COL7',NULL,NULL,NULL);
INSERT INTO relazione_attr_estrazione ( ESTRAZIONE, SEQUENZA, ATTRIBUTO, ALIAS, DESCRIZIONE, DESCRIZIONE_AL1, DESCRIZIONE_AL2) VALUES ('ESTR_STR',12,'VACM.08','COL8',NULL,NULL,NULL);
INSERT INTO relazione_attr_estrazione ( ESTRAZIONE, SEQUENZA, ATTRIBUTO, ALIAS, DESCRIZIONE, DESCRIZIONE_AL1, DESCRIZIONE_AL2) VALUES ('ESTR_STR',13,'VACM.09','COL9',NULL,NULL,NULL);
INSERT INTO relazione_attr_estrazione ( ESTRAZIONE, SEQUENZA, ATTRIBUTO, ALIAS, DESCRIZIONE, DESCRIZIONE_AL1, DESCRIZIONE_AL2) VALUES ('ESTR_STR',14,'VACM.10','COL10',NULL,NULL,NULL);
INSERT INTO relazione_attr_estrazione ( ESTRAZIONE, SEQUENZA, ATTRIBUTO, ALIAS, DESCRIZIONE, DESCRIZIONE_AL1, DESCRIZIONE_AL2) VALUES ('ESTR_STR',15,'VACM.11','COL11',NULL,NULL,NULL);
INSERT INTO relazione_attr_estrazione ( ESTRAZIONE, SEQUENZA, ATTRIBUTO, ALIAS, DESCRIZIONE, DESCRIZIONE_AL1, DESCRIZIONE_AL2) VALUES ('ESTR_STR',16,'VACM.12','COL12',NULL,NULL,NULL);
INSERT INTO relazione_attr_estrazione ( ESTRAZIONE, SEQUENZA, ATTRIBUTO, ALIAS, DESCRIZIONE, DESCRIZIONE_AL1, DESCRIZIONE_AL2) VALUES ('ESTR_STR',17,'VACM.13','COL13',NULL,NULL,NULL);
INSERT INTO relazione_attr_estrazione ( ESTRAZIONE, SEQUENZA, ATTRIBUTO, ALIAS, DESCRIZIONE, DESCRIZIONE_AL1, DESCRIZIONE_AL2) VALUES ('ESTR_STR',18,'VACM.14','COL14',NULL,NULL,NULL);
INSERT INTO relazione_attr_estrazione ( ESTRAZIONE, SEQUENZA, ATTRIBUTO, ALIAS, DESCRIZIONE, DESCRIZIONE_AL1, DESCRIZIONE_AL2) VALUES ('LISTA_ENPAM',1,'_NULL','COD_EMP','column format a12 heading ''Cod.ENPAM''',NULL,NULL);
INSERT INTO relazione_attr_estrazione ( ESTRAZIONE, SEQUENZA, ATTRIBUTO, ALIAS, DESCRIZIONE, DESCRIZIONE_AL1, DESCRIZIONE_AL2) VALUES ('LISTA_ENPAM',2,'CI.PERE','CI','column format 99999999 heading ''Cod.Ind.'' compute count',NULL,NULL);
INSERT INTO relazione_attr_estrazione ( ESTRAZIONE, SEQUENZA, ATTRIBUTO, ALIAS, DESCRIZIONE, DESCRIZIONE_AL1, DESCRIZIONE_AL2) VALUES ('LISTA_ENPAM',3,'NOMINATIVO','NOMINATIVO','column format a24 heading ''Nominativo''',NULL,NULL);
INSERT INTO relazione_attr_estrazione ( ESTRAZIONE, SEQUENZA, ATTRIBUTO, ALIAS, DESCRIZIONE, DESCRIZIONE_AL1, DESCRIZIONE_AL2) VALUES ('LISTA_ENPAM',4,'CODICE_FISCALE','CODICE_FISCALE','column format a16 heading ''Codice Fiscale''',NULL,NULL);
INSERT INTO relazione_attr_estrazione ( ESTRAZIONE, SEQUENZA, ATTRIBUTO, ALIAS, DESCRIZIONE, DESCRIZIONE_AL1, DESCRIZIONE_AL2) VALUES ('LISTA_ENPAM',5,'DATA_NAS','DATA_NAS','column format a10 heading ''Data Nas.''',NULL,NULL);
INSERT INTO relazione_attr_estrazione ( ESTRAZIONE, SEQUENZA, ATTRIBUTO, ALIAS, DESCRIZIONE, DESCRIZIONE_AL1, DESCRIZIONE_AL2) VALUES ('LISTA_ENPAM',6,'COMUNE_NAS_D','COMUNE_NAS','column format a30 heading ''Comune Nas.''',NULL,NULL);
INSERT INTO relazione_attr_estrazione ( ESTRAZIONE, SEQUENZA, ATTRIBUTO, ALIAS, DESCRIZIONE, DESCRIZIONE_AL1, DESCRIZIONE_AL2) VALUES ('LISTA_ENPAM',7,'VACM.01S','IPN','column format 9999999999 heading ''Imponibile'' compute sum',NULL,NULL);
INSERT INTO relazione_attr_estrazione ( ESTRAZIONE, SEQUENZA, ATTRIBUTO, ALIAS, DESCRIZIONE, DESCRIZIONE_AL1, DESCRIZIONE_AL2) VALUES ('LISTA_ENPAM',8,'VACM.03S','CONTR_ENTE','column format 9999999999 heading ''Contr.Ente'' compute sum',NULL,NULL);
INSERT INTO relazione_attr_estrazione ( ESTRAZIONE, SEQUENZA, ATTRIBUTO, ALIAS, DESCRIZIONE, DESCRIZIONE_AL1, DESCRIZIONE_AL2) VALUES ('LISTA_ENPAM',9,'VACM.04S','CONTR_DIP','column format 9999999999 heading ''Contr.Dip'' compute sum',NULL,NULL);
INSERT INTO relazione_attr_estrazione ( ESTRAZIONE, SEQUENZA, ATTRIBUTO, ALIAS, DESCRIZIONE, DESCRIZIONE_AL1, DESCRIZIONE_AL2) VALUES ('LISTA_ENPAM',10,'VACM.02S','IMP','column format 9999999999 heading ''Contr.Tot.'' compute sum',NULL,NULL);
INSERT INTO relazione_attr_estrazione ( ESTRAZIONE, SEQUENZA, ATTRIBUTO, ALIAS, DESCRIZIONE, DESCRIZIONE_AL1, DESCRIZIONE_AL2) VALUES ('770_ABIS',1,'CI','CI',NULL,NULL,NULL);
INSERT INTO relazione_attr_estrazione ( ESTRAZIONE, SEQUENZA, ATTRIBUTO, ALIAS, DESCRIZIONE, DESCRIZIONE_AL1, DESCRIZIONE_AL2) VALUES ('770_ABIS',2,'ANNO.CALE_DECA','ANNO',NULL,NULL,NULL);
INSERT INTO relazione_attr_estrazione ( ESTRAZIONE, SEQUENZA, ATTRIBUTO, ALIAS, DESCRIZIONE, DESCRIZIONE_AL1, DESCRIZIONE_AL2) VALUES ('ADDIZIONALE_IRPEF',1,'CI.PERE','CI',NULL,NULL,NULL);
INSERT INTO relazione_attr_estrazione ( ESTRAZIONE, SEQUENZA, ATTRIBUTO, ALIAS, DESCRIZIONE, DESCRIZIONE_AL1, DESCRIZIONE_AL2) VALUES ('ADDIZIONALE_IRPEF',2,'ANNO','ANNO',NULL,NULL,NULL);
INSERT INTO relazione_attr_estrazione ( ESTRAZIONE, SEQUENZA, ATTRIBUTO, ALIAS, DESCRIZIONE, DESCRIZIONE_AL1, DESCRIZIONE_AL2) VALUES ('ADDIZIONALE_IRPEF',3,'MESE','MESE',NULL,NULL,NULL);
INSERT INTO relazione_attr_estrazione ( ESTRAZIONE, SEQUENZA, ATTRIBUTO, ALIAS, DESCRIZIONE, DESCRIZIONE_AL1, DESCRIZIONE_AL2) VALUES ('ADDIZIONALE_IRPEF',4,'VACM.MENSILITA','MENSILITA',NULL,NULL,NULL);
INSERT INTO relazione_attr_estrazione ( ESTRAZIONE, SEQUENZA, ATTRIBUTO, ALIAS, DESCRIZIONE, DESCRIZIONE_AL1, DESCRIZIONE_AL2) VALUES ('ADDIZIONALE_IRPEF',11,'VACM.01','COL1',NULL,NULL,NULL);
INSERT INTO relazione_attr_estrazione ( ESTRAZIONE, SEQUENZA, ATTRIBUTO, ALIAS, DESCRIZIONE, DESCRIZIONE_AL1, DESCRIZIONE_AL2) VALUES ('ADDIZIONALE_IRPEF',12,'VACM.02','COL2',NULL,NULL,NULL);
INSERT INTO relazione_attr_estrazione ( ESTRAZIONE, SEQUENZA, ATTRIBUTO, ALIAS, DESCRIZIONE, DESCRIZIONE_AL1, DESCRIZIONE_AL2) VALUES ('LISTA_MEDICI',1,'CI','CI','column format 99999999 heading ''Cod.Ind.'' compute count',NULL,NULL);
INSERT INTO relazione_attr_estrazione ( ESTRAZIONE, SEQUENZA, ATTRIBUTO, ALIAS, DESCRIZIONE, DESCRIZIONE_AL1, DESCRIZIONE_AL2) VALUES ('LISTA_MEDICI',2,'NOMINATIVO','NOMINATIVO','column format a24 heading ''Nominativo''',NULL,NULL);
INSERT INTO relazione_attr_estrazione ( ESTRAZIONE, SEQUENZA, ATTRIBUTO, ALIAS, DESCRIZIONE, DESCRIZIONE_AL1, DESCRIZIONE_AL2) VALUES ('LISTA_MEDICI',3,'SESSO','SESSO','column format a2 heading ''S.''',NULL,NULL);
INSERT INTO relazione_attr_estrazione ( ESTRAZIONE, SEQUENZA, ATTRIBUTO, ALIAS, DESCRIZIONE, DESCRIZIONE_AL1, DESCRIZIONE_AL2) VALUES ('LISTA_MEDICI',4,'DATA_NAS','DATA_NAS','column format a10 heading ''Data Nas.''',NULL,NULL);
INSERT INTO relazione_attr_estrazione ( ESTRAZIONE, SEQUENZA, ATTRIBUTO, ALIAS, DESCRIZIONE, DESCRIZIONE_AL1, DESCRIZIONE_AL2) VALUES ('LISTA_MEDICI',5,'COMUNE_NAS_D','COMUNA_NAS_D','column format a30 heading ''Comune Nascita''',NULL,NULL);
INSERT INTO relazione_attr_estrazione ( ESTRAZIONE, SEQUENZA, ATTRIBUTO, ALIAS, DESCRIZIONE, DESCRIZIONE_AL1, DESCRIZIONE_AL2) VALUES ('LISTA_MEDICI',6,'PROVINCIA_NAS','PROVINCIA_NAS','column format a4 heading ''Pr.''',NULL,NULL);
INSERT INTO relazione_attr_estrazione ( ESTRAZIONE, SEQUENZA, ATTRIBUTO, ALIAS, DESCRIZIONE, DESCRIZIONE_AL1, DESCRIZIONE_AL2) VALUES ('LISTA_MEDICI',7,'CODICE_FISCALE','CODICE_FISCALE','column heading ''Codice Fiscale''',NULL,NULL);
INSERT INTO relazione_attr_estrazione ( ESTRAZIONE, SEQUENZA, ATTRIBUTO, ALIAS, DESCRIZIONE, DESCRIZIONE_AL1, DESCRIZIONE_AL2) VALUES ('LISTA_MEDICI',8,'INDIRIZZO_RES','INDIRIZZO_RES','column format a40 heading ''Indirizzo Residenza''',NULL,NULL);
INSERT INTO relazione_attr_estrazione ( ESTRAZIONE, SEQUENZA, ATTRIBUTO, ALIAS, DESCRIZIONE, DESCRIZIONE_AL1, DESCRIZIONE_AL2) VALUES ('LISTA_MEDICI',9,'CAP_RES','CAP_RES','column format a5 heading ''Cap''',NULL,NULL);
INSERT INTO relazione_attr_estrazione ( ESTRAZIONE, SEQUENZA, ATTRIBUTO, ALIAS, DESCRIZIONE, DESCRIZIONE_AL1, DESCRIZIONE_AL2) VALUES ('LISTA_MEDICI',10,'COMUNE_RES_D','COMUNE_RES_D','column format a30 heading ''Comune Residenza''',NULL,NULL);
INSERT INTO relazione_attr_estrazione ( ESTRAZIONE, SEQUENZA, ATTRIBUTO, ALIAS, DESCRIZIONE, DESCRIZIONE_AL1, DESCRIZIONE_AL2) VALUES ('LISTA_MEDICI',11,'PROVINCIA_RES','PROVINCIA_RES','column format a4 heading ''Pr.''',NULL,NULL);
INSERT INTO relazione_attr_estrazione ( ESTRAZIONE, SEQUENZA, ATTRIBUTO, ALIAS, DESCRIZIONE, DESCRIZIONE_AL1, DESCRIZIONE_AL2) VALUES ('LISTA_CASSAMALATTIA',1,'_NULL','COD_EMP','column format a12 heading ''Cod.ENPAM''',NULL,NULL);
INSERT INTO relazione_attr_estrazione ( ESTRAZIONE, SEQUENZA, ATTRIBUTO, ALIAS, DESCRIZIONE, DESCRIZIONE_AL1, DESCRIZIONE_AL2) VALUES ('LISTA_CASSAMALATTIA',2,'CI.PERE','CI','column format 99999999 heading ''Cod.Ind.'' compute count',NULL,NULL);
INSERT INTO relazione_attr_estrazione ( ESTRAZIONE, SEQUENZA, ATTRIBUTO, ALIAS, DESCRIZIONE, DESCRIZIONE_AL1, DESCRIZIONE_AL2) VALUES ('LISTA_CASSAMALATTIA',3,'NOMINATIVO','NOMINATIVO','column format a24 heading ''Nominativo''',NULL,NULL);
INSERT INTO relazione_attr_estrazione ( ESTRAZIONE, SEQUENZA, ATTRIBUTO, ALIAS, DESCRIZIONE, DESCRIZIONE_AL1, DESCRIZIONE_AL2) VALUES ('LISTA_CASSAMALATTIA',4,'CODICE_FISCALE','CODICE_FISCALE','column format a16 heading ''Codice Fiscale''',NULL,NULL);
INSERT INTO relazione_attr_estrazione ( ESTRAZIONE, SEQUENZA, ATTRIBUTO, ALIAS, DESCRIZIONE, DESCRIZIONE_AL1, DESCRIZIONE_AL2) VALUES ('LISTA_CASSAMALATTIA',5,'DATA_NAS','DATA_NAS','column format a10 heading ''Data Nas.''',NULL,NULL);
INSERT INTO relazione_attr_estrazione ( ESTRAZIONE, SEQUENZA, ATTRIBUTO, ALIAS, DESCRIZIONE, DESCRIZIONE_AL1, DESCRIZIONE_AL2) VALUES ('LISTA_CASSAMALATTIA',6,'COMUNE_NAS_D','COMUNE_NAS','column format a20 heading ''Comune Nas.''',NULL,NULL);
INSERT INTO relazione_attr_estrazione ( ESTRAZIONE, SEQUENZA, ATTRIBUTO, ALIAS, DESCRIZIONE, DESCRIZIONE_AL1, DESCRIZIONE_AL2) VALUES ('LISTA_CASSAMALATTIA',7,'VACM.01S','IPN','column format 9999999999 heading ''Imponibile'' compute sum',NULL,NULL);
INSERT INTO relazione_attr_estrazione ( ESTRAZIONE, SEQUENZA, ATTRIBUTO, ALIAS, DESCRIZIONE, DESCRIZIONE_AL1, DESCRIZIONE_AL2) VALUES ('LISTA_CASSAMALATTIA',8,'VACM.02S','CONTR_ENTE','column format 9999999999 heading ''Contr.Ente'' compute sum',NULL,NULL);
INSERT INTO relazione_attr_estrazione ( ESTRAZIONE, SEQUENZA, ATTRIBUTO, ALIAS, DESCRIZIONE, DESCRIZIONE_AL1, DESCRIZIONE_AL2) VALUES ('DENUNCIA_ENPAM',19,'VACM.RIFERIMENTO','RIFERIMENTO',NULL,NULL,NULL);
INSERT INTO relazione_attr_estrazione ( ESTRAZIONE, SEQUENZA, ATTRIBUTO, ALIAS, DESCRIZIONE, DESCRIZIONE_AL1, DESCRIZIONE_AL2) VALUES ('ESTRAZIONE_GIAF',1,'CI.PERE','CI',NULL,NULL,NULL);
INSERT INTO relazione_attr_estrazione ( ESTRAZIONE, SEQUENZA, ATTRIBUTO, ALIAS, DESCRIZIONE, DESCRIZIONE_AL1, DESCRIZIONE_AL2) VALUES ('ESTRAZIONE_GIAF',2,'ANNO','ANNO',NULL,NULL,NULL);
INSERT INTO relazione_attr_estrazione ( ESTRAZIONE, SEQUENZA, ATTRIBUTO, ALIAS, DESCRIZIONE, DESCRIZIONE_AL1, DESCRIZIONE_AL2) VALUES ('ESTRAZIONE_GIAF',3,'MESE','MESE',NULL,NULL,NULL);
INSERT INTO relazione_attr_estrazione ( ESTRAZIONE, SEQUENZA, ATTRIBUTO, ALIAS, DESCRIZIONE, DESCRIZIONE_AL1, DESCRIZIONE_AL2) VALUES ('ESTRAZIONE_GIAF',4,'VACM.MENSILITA','MENSILITA',NULL,NULL,NULL);
INSERT INTO relazione_attr_estrazione ( ESTRAZIONE, SEQUENZA, ATTRIBUTO, ALIAS, DESCRIZIONE, DESCRIZIONE_AL1, DESCRIZIONE_AL2) VALUES ('ESTRAZIONE_GIAF',5,'VACM.01','COL1',NULL,NULL,NULL);
INSERT INTO relazione_attr_estrazione ( ESTRAZIONE, SEQUENZA, ATTRIBUTO, ALIAS, DESCRIZIONE, DESCRIZIONE_AL1, DESCRIZIONE_AL2) VALUES ('ESTRAZIONE_GIAF',6,'VACM.02','COL2',NULL,NULL,NULL);
INSERT INTO relazione_attr_estrazione ( ESTRAZIONE, SEQUENZA, ATTRIBUTO, ALIAS, DESCRIZIONE, DESCRIZIONE_AL1, DESCRIZIONE_AL2) VALUES ('ESTRAZIONE_GIAF',7,'VACM.03','COL3',NULL,NULL,NULL);
INSERT INTO relazione_attr_estrazione ( ESTRAZIONE, SEQUENZA, ATTRIBUTO, ALIAS, DESCRIZIONE, DESCRIZIONE_AL1, DESCRIZIONE_AL2) VALUES ('ESTRAZIONE_GIAF',8,'VACM.04','COL4',NULL,NULL,NULL);
INSERT INTO relazione_attr_estrazione ( ESTRAZIONE, SEQUENZA, ATTRIBUTO, ALIAS, DESCRIZIONE, DESCRIZIONE_AL1, DESCRIZIONE_AL2) VALUES ('ESTRAZIONE_GIAF',9,'VACM.05','COL5',NULL,NULL,NULL);
INSERT INTO relazione_attr_estrazione ( ESTRAZIONE, SEQUENZA, ATTRIBUTO, ALIAS, DESCRIZIONE, DESCRIZIONE_AL1, DESCRIZIONE_AL2) VALUES ('DENUNCIA_ENPAM',1,'CI.PERE','CI',NULL,NULL,NULL);
INSERT INTO relazione_attr_estrazione ( ESTRAZIONE, SEQUENZA, ATTRIBUTO, ALIAS, DESCRIZIONE, DESCRIZIONE_AL1, DESCRIZIONE_AL2) VALUES ('DENUNCIA_ENPAM',2,'ANNO','ANNO',NULL,NULL,NULL);
INSERT INTO relazione_attr_estrazione ( ESTRAZIONE, SEQUENZA, ATTRIBUTO, ALIAS, DESCRIZIONE, DESCRIZIONE_AL1, DESCRIZIONE_AL2) VALUES ('DENUNCIA_ENPAM',3,'MESE','MESE',NULL,NULL,NULL);
INSERT INTO relazione_attr_estrazione ( ESTRAZIONE, SEQUENZA, ATTRIBUTO, ALIAS, DESCRIZIONE, DESCRIZIONE_AL1, DESCRIZIONE_AL2) VALUES ('DENUNCIA_ENPAM',4,'VACM.MENSILITA','MENSILITA',NULL,NULL,NULL);
INSERT INTO relazione_attr_estrazione ( ESTRAZIONE, SEQUENZA, ATTRIBUTO, ALIAS, DESCRIZIONE, DESCRIZIONE_AL1, DESCRIZIONE_AL2) VALUES ('DENUNCIA_ENPAM',5,'VACM.01','COL1',NULL,NULL,NULL);
INSERT INTO relazione_attr_estrazione ( ESTRAZIONE, SEQUENZA, ATTRIBUTO, ALIAS, DESCRIZIONE, DESCRIZIONE_AL1, DESCRIZIONE_AL2) VALUES ('DENUNCIA_ENPAM',6,'VACM.02','COL2',NULL,NULL,NULL);
INSERT INTO relazione_attr_estrazione ( ESTRAZIONE, SEQUENZA, ATTRIBUTO, ALIAS, DESCRIZIONE, DESCRIZIONE_AL1, DESCRIZIONE_AL2) VALUES ('DENUNCIA_ENPAM',7,'VACM.03','COL3',NULL,NULL,NULL);
INSERT INTO relazione_attr_estrazione ( ESTRAZIONE, SEQUENZA, ATTRIBUTO, ALIAS, DESCRIZIONE, DESCRIZIONE_AL1, DESCRIZIONE_AL2) VALUES ('DENUNCIA_ENPAM',8,'VACM.04','COL4',NULL,NULL,NULL);
INSERT INTO relazione_attr_estrazione ( ESTRAZIONE, SEQUENZA, ATTRIBUTO, ALIAS, DESCRIZIONE, DESCRIZIONE_AL1, DESCRIZIONE_AL2) VALUES ('DENUNCIA_ENPAM',9,'VACM.05','COL5',NULL,NULL,NULL);
INSERT INTO relazione_attr_estrazione ( ESTRAZIONE, SEQUENZA, ATTRIBUTO, ALIAS, DESCRIZIONE, DESCRIZIONE_AL1, DESCRIZIONE_AL2) VALUES ('DENUNCIA_ENPAM',10,'VACM.06','COL6',NULL,NULL,NULL);
INSERT INTO relazione_attr_estrazione ( ESTRAZIONE, SEQUENZA, ATTRIBUTO, ALIAS, DESCRIZIONE, DESCRIZIONE_AL1, DESCRIZIONE_AL2) VALUES ('DENUNCIA_ENPAM',11,'VACM.07','COL7',NULL,NULL,NULL);
INSERT INTO relazione_attr_estrazione ( ESTRAZIONE, SEQUENZA, ATTRIBUTO, ALIAS, DESCRIZIONE, DESCRIZIONE_AL1, DESCRIZIONE_AL2) VALUES ('DENUNCIA_ENPAM',12,'VACM.08','COL8',NULL,NULL,NULL);
INSERT INTO relazione_attr_estrazione ( ESTRAZIONE, SEQUENZA, ATTRIBUTO, ALIAS, DESCRIZIONE, DESCRIZIONE_AL1, DESCRIZIONE_AL2) VALUES ('DENUNCIA_ENPAM',13,'VACM.09','COL9',NULL,NULL,NULL);
INSERT INTO relazione_attr_estrazione ( ESTRAZIONE, SEQUENZA, ATTRIBUTO, ALIAS, DESCRIZIONE, DESCRIZIONE_AL1, DESCRIZIONE_AL2) VALUES ('DENUNCIA_ENPAM',14,'VACM.10','COL10',NULL,NULL,NULL);
INSERT INTO relazione_attr_estrazione ( ESTRAZIONE, SEQUENZA, ATTRIBUTO, ALIAS, DESCRIZIONE, DESCRIZIONE_AL1, DESCRIZIONE_AL2) VALUES ('DENUNCIA_ENPAM',15,'VACM.11','COL11',NULL,NULL,NULL);
INSERT INTO relazione_attr_estrazione ( ESTRAZIONE, SEQUENZA, ATTRIBUTO, ALIAS, DESCRIZIONE, DESCRIZIONE_AL1, DESCRIZIONE_AL2) VALUES ('DENUNCIA_ENPAM',16,'VACM.12','COL12',NULL,NULL,NULL);
INSERT INTO relazione_attr_estrazione ( ESTRAZIONE, SEQUENZA, ATTRIBUTO, ALIAS, DESCRIZIONE, DESCRIZIONE_AL1, DESCRIZIONE_AL2) VALUES ('DENUNCIA_ENPAM',17,'VACM.13','COL13',NULL,NULL,NULL);
INSERT INTO relazione_attr_estrazione ( ESTRAZIONE, SEQUENZA, ATTRIBUTO, ALIAS, DESCRIZIONE, DESCRIZIONE_AL1, DESCRIZIONE_AL2) VALUES ('DENUNCIA_ENPAM',18,'VACM.14','COL14',NULL,NULL,NULL);
INSERT INTO relazione_attr_estrazione ( ESTRAZIONE, SEQUENZA, ATTRIBUTO, ALIAS, DESCRIZIONE, DESCRIZIONE_AL1, DESCRIZIONE_AL2) VALUES ('ESTRAZIONE_GIAF',10,'VACM.06','COL6',NULL,NULL,NULL);
INSERT INTO relazione_attr_estrazione ( ESTRAZIONE, SEQUENZA, ATTRIBUTO, ALIAS, DESCRIZIONE, DESCRIZIONE_AL1, DESCRIZIONE_AL2) VALUES ('ESTRAZIONE_GIAF',11,'VACM.07','COL7',NULL,NULL,NULL);
INSERT INTO relazione_attr_estrazione ( ESTRAZIONE, SEQUENZA, ATTRIBUTO, ALIAS, DESCRIZIONE, DESCRIZIONE_AL1, DESCRIZIONE_AL2) VALUES ('ESTRAZIONE_GIAF',12,'VACM.08','COL8',NULL,NULL,NULL);
INSERT INTO relazione_attr_estrazione ( ESTRAZIONE, SEQUENZA, ATTRIBUTO, ALIAS, DESCRIZIONE, DESCRIZIONE_AL1, DESCRIZIONE_AL2) VALUES ('ESTRAZIONE_GIAF',13,'VACM.09','COL9',NULL,NULL,NULL);
INSERT INTO relazione_attr_estrazione ( ESTRAZIONE, SEQUENZA, ATTRIBUTO, ALIAS, DESCRIZIONE, DESCRIZIONE_AL1, DESCRIZIONE_AL2) VALUES ('ESTRAZIONE_GIAF',14,'VACM.10','COL10',NULL,NULL,NULL);
INSERT INTO relazione_attr_estrazione ( ESTRAZIONE, SEQUENZA, ATTRIBUTO, ALIAS, DESCRIZIONE, DESCRIZIONE_AL1, DESCRIZIONE_AL2) VALUES ('ESTRAZIONE_GIAF',15,'VACM.11','COL11',NULL,NULL,NULL);
INSERT INTO relazione_attr_estrazione ( ESTRAZIONE, SEQUENZA, ATTRIBUTO, ALIAS, DESCRIZIONE, DESCRIZIONE_AL1, DESCRIZIONE_AL2) VALUES ('ESTRAZIONE_GIAF',16,'VACM.12','COL12',NULL,NULL,NULL);
INSERT INTO relazione_attr_estrazione ( ESTRAZIONE, SEQUENZA, ATTRIBUTO, ALIAS, DESCRIZIONE, DESCRIZIONE_AL1, DESCRIZIONE_AL2) VALUES ('ESTRAZIONE_GIAF',17,'VACM.13','COL13',NULL,NULL,NULL);
INSERT INTO relazione_attr_estrazione ( ESTRAZIONE, SEQUENZA, ATTRIBUTO, ALIAS, DESCRIZIONE, DESCRIZIONE_AL1, DESCRIZIONE_AL2) VALUES ('ESTRAZIONE_GIAF',18,'VACM.14','COL14',NULL,NULL,NULL);
INSERT INTO relazione_attr_estrazione ( ESTRAZIONE, SEQUENZA, ATTRIBUTO, ALIAS, DESCRIZIONE, DESCRIZIONE_AL1, DESCRIZIONE_AL2) VALUES ('ADDIZIONALE_COMUNALE',1,'CI.PERE','CI',NULL,NULL,NULL);
INSERT INTO relazione_attr_estrazione ( ESTRAZIONE, SEQUENZA, ATTRIBUTO, ALIAS, DESCRIZIONE, DESCRIZIONE_AL1, DESCRIZIONE_AL2) VALUES ('ADDIZIONALE_COMUNALE',2,'ANNO','ANNO',NULL,NULL,NULL);
INSERT INTO relazione_attr_estrazione ( ESTRAZIONE, SEQUENZA, ATTRIBUTO, ALIAS, DESCRIZIONE, DESCRIZIONE_AL1, DESCRIZIONE_AL2) VALUES ('ADDIZIONALE_COMUNALE',3,'MESE','MESE',NULL,NULL,NULL);
INSERT INTO relazione_attr_estrazione ( ESTRAZIONE, SEQUENZA, ATTRIBUTO, ALIAS, DESCRIZIONE, DESCRIZIONE_AL1, DESCRIZIONE_AL2) VALUES ('ADDIZIONALE_COMUNALE',4,'VACM.MENSILITA','MENSILITA',NULL,NULL,NULL);
INSERT INTO relazione_attr_estrazione ( ESTRAZIONE, SEQUENZA, ATTRIBUTO, ALIAS, DESCRIZIONE, DESCRIZIONE_AL1, DESCRIZIONE_AL2) VALUES ('ADDIZIONALE_COMUNALE',11,'VACM.01','COL1',NULL,NULL,NULL);
INSERT INTO relazione_attr_estrazione ( ESTRAZIONE, SEQUENZA, ATTRIBUTO, ALIAS, DESCRIZIONE, DESCRIZIONE_AL1, DESCRIZIONE_AL2) VALUES ('ADDIZIONALE_COMUNALE',12,'VACM.02','COL2',NULL,NULL,NULL);
INSERT INTO relazione_attr_estrazione ( ESTRAZIONE, SEQUENZA, ATTRIBUTO, ALIAS, DESCRIZIONE, DESCRIZIONE_AL1, DESCRIZIONE_AL2) VALUES ('VERIFICHE_CEDOLINO',1,'CI.PERE','CI',NULL,NULL,NULL);
INSERT INTO relazione_attr_estrazione ( ESTRAZIONE, SEQUENZA, ATTRIBUTO, ALIAS, DESCRIZIONE, DESCRIZIONE_AL1, DESCRIZIONE_AL2) VALUES ('VERIFICHE_CEDOLINO',2,'ANNO','ANNO',NULL,NULL,NULL);
INSERT INTO relazione_attr_estrazione ( ESTRAZIONE, SEQUENZA, ATTRIBUTO, ALIAS, DESCRIZIONE, DESCRIZIONE_AL1, DESCRIZIONE_AL2) VALUES ('VERIFICHE_CEDOLINO',3,'MESE','MESE',NULL,NULL,NULL);
INSERT INTO relazione_attr_estrazione ( ESTRAZIONE, SEQUENZA, ATTRIBUTO, ALIAS, DESCRIZIONE, DESCRIZIONE_AL1, DESCRIZIONE_AL2) VALUES ('ELENCO_DELIBERA',20,'VARE.IMPEGNO','IMPEGNO',NULL,NULL,NULL);
INSERT INTO relazione_attr_estrazione ( ESTRAZIONE, SEQUENZA, ATTRIBUTO, ALIAS, DESCRIZIONE, DESCRIZIONE_AL1, DESCRIZIONE_AL2) VALUES ('ELENCO_DELIBERA',19,'VARE.RIS_INT','RISORSA_INTERVENTO',NULL,NULL,NULL);
INSERT INTO relazione_attr_estrazione ( ESTRAZIONE, SEQUENZA, ATTRIBUTO, ALIAS, DESCRIZIONE, DESCRIZIONE_AL1, DESCRIZIONE_AL2) VALUES ('ELENCO_DELIBERA',21,'VARE.ANNO_IMPEGNO','ANNO_IMPEGNO',NULL,NULL,NULL);
INSERT INTO relazione_attr_estrazione ( ESTRAZIONE, SEQUENZA, ATTRIBUTO, ALIAS, DESCRIZIONE, DESCRIZIONE_AL1, DESCRIZIONE_AL2) VALUES ('ELENCO_DELIBERA',22,'VARE.SUB_IMPEGNO','SUB_IMPEGNO',NULL,NULL,NULL);
INSERT INTO relazione_attr_estrazione ( ESTRAZIONE, SEQUENZA, ATTRIBUTO, ALIAS, DESCRIZIONE, DESCRIZIONE_AL1, DESCRIZIONE_AL2) VALUES ('ELENCO_DELIBERA',23,'VARE.ANNO_SUB_IMP','ANNO_SUB_IMP',NULL,NULL,NULL);
INSERT INTO relazione_attr_estrazione ( ESTRAZIONE, SEQUENZA, ATTRIBUTO, ALIAS, DESCRIZIONE, DESCRIZIONE_AL1, DESCRIZIONE_AL2) VALUES ('LIS_AUTOLIQUIDAZIONE',1,'REIN.CI','CI',NULL,NULL,NULL);
INSERT INTO relazione_attr_estrazione ( ESTRAZIONE, SEQUENZA, ATTRIBUTO, ALIAS, DESCRIZIONE, DESCRIZIONE_AL1, DESCRIZIONE_AL2) VALUES ('LIS_AUTOLIQUIDAZIONE',2,'NOMINATIVO','DIPENDENTE',NULL,NULL,NULL);
INSERT INTO relazione_attr_estrazione ( ESTRAZIONE, SEQUENZA, ATTRIBUTO, ALIAS, DESCRIZIONE, DESCRIZIONE_AL1, DESCRIZIONE_AL2) VALUES ('LIS_AUTOLIQUIDAZIONE',3,'REIN.ANNO','ANNO',NULL,NULL,NULL);
INSERT INTO relazione_attr_estrazione ( ESTRAZIONE, SEQUENZA, ATTRIBUTO, ALIAS, DESCRIZIONE, DESCRIZIONE_AL1, DESCRIZIONE_AL2) VALUES ('LIS_AUTOLIQUIDAZIONE',4,'REIN.GESTIONE','GESTIONE',NULL,NULL,NULL);
INSERT INTO relazione_attr_estrazione ( ESTRAZIONE, SEQUENZA, ATTRIBUTO, ALIAS, DESCRIZIONE, DESCRIZIONE_AL1, DESCRIZIONE_AL2) VALUES ('LIS_AUTOLIQUIDAZIONE',5,'REIN.POSIZIONE_INAIL','POSIZIONE',NULL,NULL,NULL);
INSERT INTO relazione_attr_estrazione ( ESTRAZIONE, SEQUENZA, ATTRIBUTO, ALIAS, DESCRIZIONE, DESCRIZIONE_AL1, DESCRIZIONE_AL2) VALUES ('LIS_AUTOLIQUIDAZIONE',6,'REIN.ESENZIONE','ESENZIONE',NULL,NULL,NULL);
INSERT INTO relazione_attr_estrazione ( ESTRAZIONE, SEQUENZA, ATTRIBUTO, ALIAS, DESCRIZIONE, DESCRIZIONE_AL1, DESCRIZIONE_AL2) VALUES ('LIS_AUTOLIQUIDAZIONE',7,'REIN.CONTO','CONTO',NULL,NULL,NULL);
INSERT INTO relazione_attr_estrazione ( ESTRAZIONE, SEQUENZA, ATTRIBUTO, ALIAS, DESCRIZIONE, DESCRIZIONE_AL1, DESCRIZIONE_AL2) VALUES ('LIS_AUTOLIQUIDAZIONE',8,'REIN.CDC','CDC',NULL,NULL,NULL);
INSERT INTO relazione_attr_estrazione ( ESTRAZIONE, SEQUENZA, ATTRIBUTO, ALIAS, DESCRIZIONE, DESCRIZIONE_AL1, DESCRIZIONE_AL2) VALUES ('LIS_AUTOLIQUIDAZIONE',9,'REIN.TIPO_IPN','TIPO',NULL,NULL,NULL);
INSERT INTO relazione_attr_estrazione ( ESTRAZIONE, SEQUENZA, ATTRIBUTO, ALIAS, DESCRIZIONE, DESCRIZIONE_AL1, DESCRIZIONE_AL2) VALUES ('LIS_AUTOLIQUIDAZIONE',10,'REIN.IMPONIBILE','RETRIBUZIONE',NULL,NULL,NULL);
INSERT INTO relazione_attr_estrazione ( ESTRAZIONE, SEQUENZA, ATTRIBUTO, ALIAS, DESCRIZIONE, DESCRIZIONE_AL1, DESCRIZIONE_AL2) VALUES ('LIS_AUTOLIQUIDAZIONE',11,'REIN.PREMIO','PREMIO',NULL,NULL,NULL);
INSERT INTO relazione_attr_estrazione ( ESTRAZIONE, SEQUENZA, ATTRIBUTO, ALIAS, DESCRIZIONE, DESCRIZIONE_AL1, DESCRIZIONE_AL2) VALUES ('QUADRATURA_INAIL',1,'REIN.CI','CI',NULL,NULL,NULL);
INSERT INTO relazione_attr_estrazione ( ESTRAZIONE, SEQUENZA, ATTRIBUTO, ALIAS, DESCRIZIONE, DESCRIZIONE_AL1, DESCRIZIONE_AL2) VALUES ('QUADRATURA_INAIL',2,'NOMINATIVO','DIPENDENTE',NULL,NULL,NULL);
INSERT INTO relazione_attr_estrazione ( ESTRAZIONE, SEQUENZA, ATTRIBUTO, ALIAS, DESCRIZIONE, DESCRIZIONE_AL1, DESCRIZIONE_AL2) VALUES ('QUADRATURA_INAIL',3,'REIN.ANNO','ANNO',NULL,NULL,NULL);
INSERT INTO relazione_attr_estrazione ( ESTRAZIONE, SEQUENZA, ATTRIBUTO, ALIAS, DESCRIZIONE, DESCRIZIONE_AL1, DESCRIZIONE_AL2) VALUES ('QUADRATURA_INAIL',4,'REIN.GESTIONE','GESTIONE',NULL,NULL,NULL);
INSERT INTO relazione_attr_estrazione ( ESTRAZIONE, SEQUENZA, ATTRIBUTO, ALIAS, DESCRIZIONE, DESCRIZIONE_AL1, DESCRIZIONE_AL2) VALUES ('QUADRATURA_INAIL',5,'REIN.POSIZIONE_INAIL','POSIZIONE',NULL,NULL,NULL);
INSERT INTO relazione_attr_estrazione ( ESTRAZIONE, SEQUENZA, ATTRIBUTO, ALIAS, DESCRIZIONE, DESCRIZIONE_AL1, DESCRIZIONE_AL2) VALUES ('QUADRATURA_INAIL',6,'REIN.ESENZIONE','ESENZIONE',NULL,NULL,NULL);
INSERT INTO relazione_attr_estrazione ( ESTRAZIONE, SEQUENZA, ATTRIBUTO, ALIAS, DESCRIZIONE, DESCRIZIONE_AL1, DESCRIZIONE_AL2) VALUES ('QUADRATURA_INAIL',7,'REIN.CONTO','CONTO',NULL,NULL,NULL);
INSERT INTO relazione_attr_estrazione ( ESTRAZIONE, SEQUENZA, ATTRIBUTO, ALIAS, DESCRIZIONE, DESCRIZIONE_AL1, DESCRIZIONE_AL2) VALUES ('QUADRATURA_INAIL',8,'REIN.CDC','CDC',NULL,NULL,NULL);
INSERT INTO relazione_attr_estrazione ( ESTRAZIONE, SEQUENZA, ATTRIBUTO, ALIAS, DESCRIZIONE, DESCRIZIONE_AL1, DESCRIZIONE_AL2) VALUES ('QUADRATURA_INAIL',9,'REIN.TIPO_IPN','TIPO',NULL,NULL,NULL);
INSERT INTO relazione_attr_estrazione ( ESTRAZIONE, SEQUENZA, ATTRIBUTO, ALIAS, DESCRIZIONE, DESCRIZIONE_AL1, DESCRIZIONE_AL2) VALUES ('QUADRATURA_INAIL',10,'REIN.IMPONIBILE','RETRIBUZIONE',NULL,NULL,NULL);
INSERT INTO relazione_attr_estrazione ( ESTRAZIONE, SEQUENZA, ATTRIBUTO, ALIAS, DESCRIZIONE, DESCRIZIONE_AL1, DESCRIZIONE_AL2) VALUES ('QUADRATURA_INAIL',11,'REIN.PREMIO','PREMIO',NULL,NULL,NULL);
INSERT INTO relazione_attr_estrazione ( ESTRAZIONE, SEQUENZA, ATTRIBUTO, ALIAS, DESCRIZIONE, DESCRIZIONE_AL1, DESCRIZIONE_AL2) VALUES ('QUADRATURA_INAIL',12,'REIN.RUOLO','RUOLO',NULL,NULL,NULL);
INSERT INTO relazione_attr_estrazione ( ESTRAZIONE, SEQUENZA, ATTRIBUTO, ALIAS, DESCRIZIONE, DESCRIZIONE_AL1, DESCRIZIONE_AL2) VALUES ('QUADRATURA_INAIL',13,'REIN.FUNZIONALE','FUNZIONALE',NULL,NULL,NULL);
INSERT INTO relazione_attr_estrazione ( ESTRAZIONE, SEQUENZA, ATTRIBUTO, ALIAS, DESCRIZIONE, DESCRIZIONE_AL1, DESCRIZIONE_AL2) VALUES ('ELENCO_DELIBERA',24,'CODICE_SIOPE','CODICE_SIOPE',NULL,NULL,NULL);
INSERT INTO relazione_attr_estrazione ( ESTRAZIONE, SEQUENZA, ATTRIBUTO, ALIAS, DESCRIZIONE, DESCRIZIONE_AL1, DESCRIZIONE_AL2) VALUES ('QUADRATURA_INAIL',14,'REIN.CONTO_F','CONTO_F',NULL,NULL,NULL);
INSERT INTO relazione_attr_estrazione ( ESTRAZIONE, SEQUENZA, ATTRIBUTO, ALIAS, DESCRIZIONE, DESCRIZIONE_AL1, DESCRIZIONE_AL2) VALUES ('LIS_AUTOLIQUIDAZIONE',12,'REIN.CONTO_F','CONTO_F',NULL,NULL,NULL);
INSERT INTO relazione_attr_estrazione ( ESTRAZIONE, SEQUENZA, ATTRIBUTO, ALIAS, DESCRIZIONE, DESCRIZIONE_AL1, DESCRIZIONE_AL2) VALUES ('ADD_IRPEF_2007',1,'CI.PERE','CI',NULL,NULL,NULL);
INSERT INTO relazione_attr_estrazione ( ESTRAZIONE, SEQUENZA, ATTRIBUTO, ALIAS, DESCRIZIONE, DESCRIZIONE_AL1, DESCRIZIONE_AL2) VALUES ('ADD_IRPEF_2007',2,'ANNO','ANNO',NULL,NULL,NULL);
INSERT INTO relazione_attr_estrazione ( ESTRAZIONE, SEQUENZA, ATTRIBUTO, ALIAS, DESCRIZIONE, DESCRIZIONE_AL1, DESCRIZIONE_AL2) VALUES ('ADD_IRPEF_2007',3,'MESE','MESE',NULL,NULL,NULL);

WHENEVER SQLERROR EXIT

ALTER TABLE relazione_attr_estrazione ENABLE ALL TRIGGERS;


REM ============================================================
REM    Extract TABLE :   RELAZIONE_ATTRIBUTI
REM ============================================================

WHENEVER SQLERROR EXIT

ALTER TABLE relazione_attributi DISABLE ALL TRIGGERS;

WHENEVER SQLERROR CONTINUE

INSERT INTO relazione_attributi ( ATTRIBUTO, DESCRIZIONE, DESCRIZIONE_AL1, DESCRIZIONE_AL2, OGGETTO, COLONNA) VALUES ('ANNO.CALE_DECA','Anno di denuncia fiscale',NULL,NULL,'CALE_DECA','CALE_DECA.anno');
INSERT INTO relazione_attributi ( ATTRIBUTO, DESCRIZIONE, DESCRIZIONE_AL1, DESCRIZIONE_AL2, OGGETTO, COLONNA) VALUES ('_PROVINCIA_NAS','Sequenza esposizione della Provincia del Comune di Nascita',NULL,NULL,'PROV_NAS','nvl(PROV_NAS.sigla,''ZZZ'')');
INSERT INTO relazione_attributi ( ATTRIBUTO, DESCRIZIONE, DESCRIZIONE_AL1, DESCRIZIONE_AL2, OGGETTO, COLONNA) VALUES ('VACM.11','Valore contabile mensile 11',NULL,NULL,'VACM','decode(VACM.colonna,''11'',VACM.valore,null)');
INSERT INTO relazione_attributi ( ATTRIBUTO, DESCRIZIONE, DESCRIZIONE_AL1, DESCRIZIONE_AL2, OGGETTO, COLONNA) VALUES ('FUNZIONALE.RIFU','Classificazione Funzionale di ripartizione',NULL,NULL,'RIFU','RIFU.funzionale');
INSERT INTO relazione_attributi ( ATTRIBUTO, DESCRIZIONE, DESCRIZIONE_AL1, DESCRIZIONE_AL2, OGGETTO, COLONNA) VALUES ('VACM.12','Valore contabile mensile 12',NULL,NULL,'VACM','decode(VACM.colonna,''12'',VACM.valore,null)');
INSERT INTO relazione_attributi ( ATTRIBUTO, DESCRIZIONE, DESCRIZIONE_AL1, DESCRIZIONE_AL2, OGGETTO, COLONNA) VALUES ('CDC_D','Descrizione del Centro di Costo',NULL,NULL,'CECO','CECO.descrizione');
INSERT INTO relazione_attributi ( ATTRIBUTO, DESCRIZIONE, DESCRIZIONE_AL1, DESCRIZIONE_AL2, OGGETTO, COLONNA) VALUES ('SEDE_1C','Codice della Sede fisica nell''ambito ente',NULL,NULL,'SEDE','substr(SEDE.codice,1,1)');
INSERT INTO relazione_attributi ( ATTRIBUTO, DESCRIZIONE, DESCRIZIONE_AL1, DESCRIZIONE_AL2, OGGETTO, COLONNA) VALUES ('SEDE_3C','Codice dell''Area nell''ambito della Sede fisica',NULL,NULL,'SEDE','substr(SEDE.codice,2,3)');
INSERT INTO relazione_attributi ( ATTRIBUTO, DESCRIZIONE, DESCRIZIONE_AL1, DESCRIZIONE_AL2, OGGETTO, COLONNA) VALUES ('SEDE_4C','Codice della Ripartizione nell''ambito dell''Area',NULL,NULL,'SEDE','substr(SEDE.codice,5,4)');
INSERT INTO relazione_attributi ( ATTRIBUTO, DESCRIZIONE, DESCRIZIONE_AL1, DESCRIZIONE_AL2, OGGETTO, COLONNA) VALUES ('SEDE_4C_D','Descrizione della Ripartizione nell''ambito dell''Area',NULL,NULL,'SEDE','NULL');
INSERT INTO relazione_attributi ( ATTRIBUTO, DESCRIZIONE, DESCRIZIONE_AL1, DESCRIZIONE_AL2, OGGETTO, COLONNA) VALUES ('_SEDE_1C','Sequenza esposizione della Sede fisica nell''ambito ente',NULL,NULL,'SEDE','nvl(substr(SEDE.codice,1,1),''Z'')');
INSERT INTO relazione_attributi ( ATTRIBUTO, DESCRIZIONE, DESCRIZIONE_AL1, DESCRIZIONE_AL2, OGGETTO, COLONNA) VALUES ('_SEDE_3C','Sequenza esposizione dell''Area nell''ambito della Sede fisica',NULL,NULL,'SEDE','nvl(substr(SEDE.codice,2,3),''ZZZ'')');
INSERT INTO relazione_attributi ( ATTRIBUTO, DESCRIZIONE, DESCRIZIONE_AL1, DESCRIZIONE_AL2, OGGETTO, COLONNA) VALUES ('_SPAZIO','Valore fisso a spazio',NULL,NULL,NULL,''' ''');
INSERT INTO relazione_attributi ( ATTRIBUTO, DESCRIZIONE, DESCRIZIONE_AL1, DESCRIZIONE_AL2, OGGETTO, COLONNA) VALUES ('_SEDE_4C','Seq. di esposizione della Ripartizione nell''ambito dell''area',NULL,NULL,'SEDE','nvl(substr(SEDE.codice,5,4),''ZZZZ'')');
INSERT INTO relazione_attributi ( ATTRIBUTO, DESCRIZIONE, DESCRIZIONE_AL1, DESCRIZIONE_AL2, OGGETTO, COLONNA) VALUES ('SEDE_1C_D','Descrizione della Sede fisica nell''ambito ente',NULL,NULL,'SEDE','NULL');
INSERT INTO relazione_attributi ( ATTRIBUTO, DESCRIZIONE, DESCRIZIONE_AL1, DESCRIZIONE_AL2, OGGETTO, COLONNA) VALUES ('NOME_EREDE','Cognome e Nome individuo e erede per descrizione',NULL,NULL,'RAIND','RAIND.cognome||''  ''||RAIND.nome||decode(RAIND.ci,RAIN.ci,1,decode(RAIND.ci,RADI.ci,0,2))||RAIN.cognome||''  ''||RAIN.nome');
INSERT INTO relazione_attributi ( ATTRIBUTO, DESCRIZIONE, DESCRIZIONE_AL1, DESCRIZIONE_AL2, OGGETTO, COLONNA) VALUES ('_COMUNE_NAS','Sequenza esposizione del Comune di Nascita',NULL,NULL,'COMU_NAS','nvl(COMU_NAS.denominazione,''ZZ'')');
INSERT INTO relazione_attributi ( ATTRIBUTO, DESCRIZIONE, DESCRIZIONE_AL1, DESCRIZIONE_AL2, OGGETTO, COLONNA) VALUES ('PROVINCIA_NAS','Sigla Provincia del Comune di Nascita',NULL,NULL,'PROV_NAS','''(''||PROV_NAS.sigla||'')''');
INSERT INTO relazione_attributi ( ATTRIBUTO, DESCRIZIONE, DESCRIZIONE_AL1, DESCRIZIONE_AL2, OGGETTO, COLONNA) VALUES ('PROVINCIA_NAS_D','Descrizione Provincia del Comune di Nascita',NULL,NULL,'PROV_NAS','PROV_NAS.denominazione');
INSERT INTO relazione_attributi ( ATTRIBUTO, DESCRIZIONE, DESCRIZIONE_AL1, DESCRIZIONE_AL2, OGGETTO, COLONNA) VALUES ('REGIONE_RES','Codice Regione del Comune di Residenza',NULL,NULL,'REGI_RES','decode(PROV_RES.provincia,21,''2100'',22,''2200'',to_char(REGI_RES.regione))');
INSERT INTO relazione_attributi ( ATTRIBUTO, DESCRIZIONE, DESCRIZIONE_AL1, DESCRIZIONE_AL2, OGGETTO, COLONNA) VALUES ('COMUNE_NAS_D','Descrizione Comune di Nascita',NULL,NULL,'COMU_NAS','COMU_NAS.denominazione');
INSERT INTO relazione_attributi ( ATTRIBUTO, DESCRIZIONE, DESCRIZIONE_AL1, DESCRIZIONE_AL2, OGGETTO, COLONNA) VALUES ('SOCI_D','Descrizione ''Soci'' o ''Non Soci''',NULL,NULL,'POSI','decode(POSI.RUOLO,''SI'',''Soci'',''Non Soci'')');
INSERT INTO relazione_attributi ( ATTRIBUTO, DESCRIZIONE, DESCRIZIONE_AL1, DESCRIZIONE_AL2, OGGETTO, COLONNA) VALUES ('_ATTIVITA','Sequenza di esposizione dell''Attivita` o Disciplina',NULL,NULL,'ATTI','nvl(to_char(ATTI.sequenza),''999999'')');
INSERT INTO relazione_attributi ( ATTRIBUTO, DESCRIZIONE, DESCRIZIONE_AL1, DESCRIZIONE_AL2, OGGETTO, COLONNA) VALUES ('CDC.RIFU','Centro di Costo di ripartizione funzionale',NULL,NULL,'RIFU','RIFU.cdc');
INSERT INTO relazione_attributi ( ATTRIBUTO, DESCRIZIONE, DESCRIZIONE_AL1, DESCRIZIONE_AL2, OGGETTO, COLONNA) VALUES ('CDC','Codice del Centro di Costo',NULL,NULL,'CECO','CECO.codice');
INSERT INTO relazione_attributi ( ATTRIBUTO, DESCRIZIONE, DESCRIZIONE_AL1, DESCRIZIONE_AL2, OGGETTO, COLONNA) VALUES ('RAPPORTO_D','Descrizione della Classe di Rapporto con l''ente',NULL,NULL,'CLRA','CLRA.descrizione');
INSERT INTO relazione_attributi ( ATTRIBUTO, DESCRIZIONE, DESCRIZIONE_AL1, DESCRIZIONE_AL2, OGGETTO, COLONNA) VALUES ('LIVELLO.MC_D','Descrizione Livello Retributivo Mensilita` Corrente',NULL,NULL,'RAGI','''Livello ''||RAGI.livello');
INSERT INTO relazione_attributi ( ATTRIBUTO, DESCRIZIONE, DESCRIZIONE_AL1, DESCRIZIONE_AL2, OGGETTO, COLONNA) VALUES ('REGIONE_RES_D','Descrizione Regione del Comune di Residenza',NULL,NULL,'REGI_RES','decode(PROV_RES.provincia,21,''Prov.Autonoma BOLZANO'',22,''Prov.Autonoma TRENTO'',REGI_RES.denominazione)');
INSERT INTO relazione_attributi ( ATTRIBUTO, DESCRIZIONE, DESCRIZIONE_AL1, DESCRIZIONE_AL2, OGGETTO, COLONNA) VALUES ('VARE.CI','Codice Individuale in Variabili Retributive',NULL,NULL,'VARE','VARE.ci');
INSERT INTO relazione_attributi ( ATTRIBUTO, DESCRIZIONE, DESCRIZIONE_AL1, DESCRIZIONE_AL2, OGGETTO, COLONNA) VALUES ('_REGIONE_RES','Sequenza esposizione della Regione del Comune di Residenza',NULL,NULL,'REGI_RES','nvl(REGI_RES.denominazione,''ZZ'')');
INSERT INTO relazione_attributi ( ATTRIBUTO, DESCRIZIONE, DESCRIZIONE_AL1, DESCRIZIONE_AL2, OGGETTO, COLONNA) VALUES ('QUALIFICA_MT','Codice della Qualifica ministeriale',NULL,NULL,'QUMI','QUMI.codice');
INSERT INTO relazione_attributi ( ATTRIBUTO, DESCRIZIONE, DESCRIZIONE_AL1, DESCRIZIONE_AL2, OGGETTO, COLONNA) VALUES ('QUALIFICA_MT_D','Descrizione della Qualifica Ministeriale',NULL,NULL,'QUMI','QUMI.descrizione');
INSERT INTO relazione_attributi ( ATTRIBUTO, DESCRIZIONE, DESCRIZIONE_AL1, DESCRIZIONE_AL2, OGGETTO, COLONNA) VALUES ('_QUALIFICA_MT','Sequenza di esposizione della Qualifica Ministeriale',NULL,NULL,'QUMI','nvl(to_char(QUMI.sequenza),''999999'')');
INSERT INTO relazione_attributi ( ATTRIBUTO, DESCRIZIONE, DESCRIZIONE_AL1, DESCRIZIONE_AL2, OGGETTO, COLONNA) VALUES ('VACM.06','Valore contabile mensile 06',NULL,NULL,'VACM','decode(VACM.colonna,''06'',VACM.valore,null)');
INSERT INTO relazione_attributi ( ATTRIBUTO, DESCRIZIONE, DESCRIZIONE_AL1, DESCRIZIONE_AL2, OGGETTO, COLONNA) VALUES ('VACM.07','Valore contabile mensile 07',NULL,NULL,'VACM','decode(VACM.colonna,''07'',VACM.valore,null)');
INSERT INTO relazione_attributi ( ATTRIBUTO, DESCRIZIONE, DESCRIZIONE_AL1, DESCRIZIONE_AL2, OGGETTO, COLONNA) VALUES ('VACM.09','Valore contabile mensile 09',NULL,NULL,'VACM','decode(VACM.colonna,''09'',VACM.valore,null)');
INSERT INTO relazione_attributi ( ATTRIBUTO, DESCRIZIONE, DESCRIZIONE_AL1, DESCRIZIONE_AL2, OGGETTO, COLONNA) VALUES ('_CDC','Sequenza del Centro di Costo',NULL,NULL,'CECO','nvl(CECO.codice,''ZZZZZZZZ'')');
INSERT INTO relazione_attributi ( ATTRIBUTO, DESCRIZIONE, DESCRIZIONE_AL1, DESCRIZIONE_AL2, OGGETTO, COLONNA) VALUES ('BANCA','Codice Banca e sportello di appoggio dell''Ente',NULL,NULL,'BAAP','rpad(nvl(BAAP.cab,BAAP.istituto),5)||BAAP.dipendenza');
INSERT INTO relazione_attributi ( ATTRIBUTO, DESCRIZIONE, DESCRIZIONE_AL1, DESCRIZIONE_AL2, OGGETTO, COLONNA) VALUES ('BANCA_D','Descrizione del C/C della Banca di Appoggio',NULL,NULL,'BAAP','BAAP.descrizione');
INSERT INTO relazione_attributi ( ATTRIBUTO, DESCRIZIONE, DESCRIZIONE_AL1, DESCRIZIONE_AL2, OGGETTO, COLONNA) VALUES ('NR_CI','Numero di individui',NULL,NULL,'RAGI','count(distinct RAGI.ci)');
INSERT INTO relazione_attributi ( ATTRIBUTO, DESCRIZIONE, DESCRIZIONE_AL1, DESCRIZIONE_AL2, OGGETTO, COLONNA) VALUES ('_BANCA','Sequenza di esposizione Banca di Appoggio',NULL,NULL,'BAAP','nvl(rpad(nvl(BAAP.cab,BAAP.istituto),5),''ZZZZZ'')||nvl(BAAP.dipendenza,''ZZZZZ'')');
INSERT INTO relazione_attributi ( ATTRIBUTO, DESCRIZIONE, DESCRIZIONE_AL1, DESCRIZIONE_AL2, OGGETTO, COLONNA) VALUES ('VACA.14','Valore contabile annuale 14',NULL,NULL,'VACA','decode(VACA.colonna,''14'',VACA.valore,null)');
INSERT INTO relazione_attributi ( ATTRIBUTO, DESCRIZIONE, DESCRIZIONE_AL1, DESCRIZIONE_AL2, OGGETTO, COLONNA) VALUES ('_LIVELLO','Sequenza esposizione Livello Retributivo',NULL,NULL,'QUGI','nvl(QUGI.livello,''ZZZZ'')');
INSERT INTO relazione_attributi ( ATTRIBUTO, DESCRIZIONE, DESCRIZIONE_AL1, DESCRIZIONE_AL2, OGGETTO, COLONNA) VALUES ('_NULL','Valore fisso a NULL',NULL,NULL,'ENTE','decode(ENTE.ente_id,''ENTE'',to_char(null),'''')');
INSERT INTO relazione_attributi ( ATTRIBUTO, DESCRIZIONE, DESCRIZIONE_AL1, DESCRIZIONE_AL2, OGGETTO, COLONNA) VALUES ('_ASTERISCO','Valore fisso a ''*''',NULL,NULL,'ENTE','decode(ENTE.ente_id,''ENTE'',''*'','' '')');
INSERT INTO relazione_attributi ( ATTRIBUTO, DESCRIZIONE, DESCRIZIONE_AL1, DESCRIZIONE_AL2, OGGETTO, COLONNA) VALUES ('MATRICOLA','Numero di Matricola di Libro Paga',NULL,NULL,'RARE','RARE.matricola');
INSERT INTO relazione_attributi ( ATTRIBUTO, DESCRIZIONE, DESCRIZIONE_AL1, DESCRIZIONE_AL2, OGGETTO, COLONNA) VALUES ('COMUNE_NAS','Codice Comune di Nascita',NULL,NULL,'COMU_NAS','lpad(COMU_NAS.provincia_stato,3,''0'')||lpad(COMU_NAS.comune,3,''0'')');
INSERT INTO relazione_attributi ( ATTRIBUTO, DESCRIZIONE, DESCRIZIONE_AL1, DESCRIZIONE_AL2, OGGETTO, COLONNA) VALUES ('VARE.DELIBERA','Delibera in Variabili Retributive',NULL,NULL,'VARE','VARE.delibera');
INSERT INTO relazione_attributi ( ATTRIBUTO, DESCRIZIONE, DESCRIZIONE_AL1, DESCRIZIONE_AL2, OGGETTO, COLONNA) VALUES ('VACM.01','Valore contabile mensile 01',NULL,NULL,'VACM','decode(VACM.colonna,''01'',VACM.valore,null)');
INSERT INTO relazione_attributi ( ATTRIBUTO, DESCRIZIONE, DESCRIZIONE_AL1, DESCRIZIONE_AL2, OGGETTO, COLONNA) VALUES ('VACM.02','Valore contabile mensile 02',NULL,NULL,'VACM','decode(VACM.colonna,''02'',VACM.valore,null)');
INSERT INTO relazione_attributi ( ATTRIBUTO, DESCRIZIONE, DESCRIZIONE_AL1, DESCRIZIONE_AL2, OGGETTO, COLONNA) VALUES ('VACM.03','Valore contabile mensile 03',NULL,NULL,'VACM','decode(VACM.colonna,''03'',VACM.valore,null)');
INSERT INTO relazione_attributi ( ATTRIBUTO, DESCRIZIONE, DESCRIZIONE_AL1, DESCRIZIONE_AL2, OGGETTO, COLONNA) VALUES ('VACM.04','Valore contabile mensile 04',NULL,NULL,'VACM','decode(VACM.colonna,''04'',VACM.valore,null)');
INSERT INTO relazione_attributi ( ATTRIBUTO, DESCRIZIONE, DESCRIZIONE_AL1, DESCRIZIONE_AL2, OGGETTO, COLONNA) VALUES ('_RAPPORTO','Sequenza esposizione della Classe di Rapporto con l''ente',NULL,NULL,'CLRA','nvl(to_char(CLRA.sequenza),''999999'')');
INSERT INTO relazione_attributi ( ATTRIBUTO, DESCRIZIONE, DESCRIZIONE_AL1, DESCRIZIONE_AL2, OGGETTO, COLONNA) VALUES ('RAPPORTO','Codice della Classe di Rapporto con l''ente',NULL,NULL,'CLRA','CLRA.codice');
INSERT INTO relazione_attributi ( ATTRIBUTO, DESCRIZIONE, DESCRIZIONE_AL1, DESCRIZIONE_AL2, OGGETTO, COLONNA) VALUES ('ENTE','Codice a Spazio per Totalizzazioni per ENTE',NULL,NULL,'ENTE','decode(ENTE.ente_id,''ENTE'','' '','' '')');
INSERT INTO relazione_attributi ( ATTRIBUTO, DESCRIZIONE, DESCRIZIONE_AL1, DESCRIZIONE_AL2, OGGETTO, COLONNA) VALUES ('ATTIVITA','Codice dell''Attivita` o Disciplina',NULL,NULL,'ATTI','ATTI.codice');
INSERT INTO relazione_attributi ( ATTRIBUTO, DESCRIZIONE, DESCRIZIONE_AL1, DESCRIZIONE_AL2, OGGETTO, COLONNA) VALUES ('ATTIVITA_D','Descrizione dell''Attivita` o Disciplina',NULL,NULL,'ATTI','ATTI.descrizione');
INSERT INTO relazione_attributi ( ATTRIBUTO, DESCRIZIONE, DESCRIZIONE_AL1, DESCRIZIONE_AL2, OGGETTO, COLONNA) VALUES ('_DI_RUOLO','Sequenza di esposizione Ruolo o N/Ruolo',NULL,NULL,'POSI','nvl(decode(POSI.ruolo,''SI'',''0'',''1''),''1'')');
INSERT INTO relazione_attributi ( ATTRIBUTO, DESCRIZIONE, DESCRIZIONE_AL1, DESCRIZIONE_AL2, OGGETTO, COLONNA) VALUES ('DI_RUOLO','Indicazione ''SI'' o ''NO'' per Ruolo o N/Ruolo',NULL,NULL,'POSI','decode(POSI.ruolo,''SI'',''R'',''N'')');
INSERT INTO relazione_attributi ( ATTRIBUTO, DESCRIZIONE, DESCRIZIONE_AL1, DESCRIZIONE_AL2, OGGETTO, COLONNA) VALUES ('VACM.14','Valore contabile mensile 14',NULL,NULL,'VACM','decode(VACM.colonna,''14'',VACM.valore,null)');
INSERT INTO relazione_attributi ( ATTRIBUTO, DESCRIZIONE, DESCRIZIONE_AL1, DESCRIZIONE_AL2, OGGETTO, COLONNA) VALUES ('VACA.11','Valore contabile annuale 11',NULL,NULL,'VACA','decode(VACA.colonna,''11'',VACA.valore,null)');
INSERT INTO relazione_attributi ( ATTRIBUTO, DESCRIZIONE, DESCRIZIONE_AL1, DESCRIZIONE_AL2, OGGETTO, COLONNA) VALUES ('VACA.12','Valore contabile annuale 12',NULL,NULL,'VACA','decode(VACA.colonna,''12'',VACA.valore,null)');
INSERT INTO relazione_attributi ( ATTRIBUTO, DESCRIZIONE, DESCRIZIONE_AL1, DESCRIZIONE_AL2, OGGETTO, COLONNA) VALUES ('VACA.13','Valore contabile annuale 13',NULL,NULL,'VACA','decode(VACA.colonna,''13'',VACA.valore,null)');
INSERT INTO relazione_attributi ( ATTRIBUTO, DESCRIZIONE, DESCRIZIONE_AL1, DESCRIZIONE_AL2, OGGETTO, COLONNA) VALUES ('VARE.ANNO_DEL','Anno Delibera in Variabili Retributive',NULL,NULL,'VARE','VARE.anno_del');
INSERT INTO relazione_attributi ( ATTRIBUTO, DESCRIZIONE, DESCRIZIONE_AL1, DESCRIZIONE_AL2, OGGETTO, COLONNA) VALUES ('VARE.NUMERO_DEL','Numero Delibera in Variabili Retributive',NULL,NULL,'VARE','VARE.numero_del');
INSERT INTO relazione_attributi ( ATTRIBUTO, DESCRIZIONE, DESCRIZIONE_AL1, DESCRIZIONE_AL2, OGGETTO, COLONNA) VALUES ('VARE.SEDE_DEL','Sede Deliberativa in Variabili Retributive',NULL,NULL,'VARE','VARE.sede_del');
INSERT INTO relazione_attributi ( ATTRIBUTO, DESCRIZIONE, DESCRIZIONE_AL1, DESCRIZIONE_AL2, OGGETTO, COLONNA) VALUES ('NOMINATIVO','Cognome e Nome per descrizione dell''individuo',NULL,NULL,'RAIN','RAIN.cognome||''  ''||RAIN.nome');
INSERT INTO relazione_attributi ( ATTRIBUTO, DESCRIZIONE, DESCRIZIONE_AL1, DESCRIZIONE_AL2, OGGETTO, COLONNA) VALUES ('SETTORE','Codice della Suddivisione Settoriale Elementare',NULL,NULL,'SETT','SETT.codice');
INSERT INTO relazione_attributi ( ATTRIBUTO, DESCRIZIONE, DESCRIZIONE_AL1, DESCRIZIONE_AL2, OGGETTO, COLONNA) VALUES ('_FUNZIONALE','Sequenza di esposizione di Classificazione Funzionale',NULL,NULL,'CLFU','lpad(nvl(to_char(CLFU.sequenza),''999999''),6,''0'')');
INSERT INTO relazione_attributi ( ATTRIBUTO, DESCRIZIONE, DESCRIZIONE_AL1, DESCRIZIONE_AL2, OGGETTO, COLONNA) VALUES ('FUNZIONALE','Codice di Classificazione Funzionale',NULL,NULL,'CLFU','CLFU.codice');
INSERT INTO relazione_attributi ( ATTRIBUTO, DESCRIZIONE, DESCRIZIONE_AL1, DESCRIZIONE_AL2, OGGETTO, COLONNA) VALUES ('FUNZIONALE_D','Descrizione di Classificazione Funzionale',NULL,NULL,'CLFU','CLFU.descrizione');
INSERT INTO relazione_attributi ( ATTRIBUTO, DESCRIZIONE, DESCRIZIONE_AL1, DESCRIZIONE_AL2, OGGETTO, COLONNA) VALUES ('_CONTRATTO','Sequenza di esposizione del Contratto di Lavoro',NULL,NULL,'CONT','nvl(to_char(CONT.sequenza),''999999'')');
INSERT INTO relazione_attributi ( ATTRIBUTO, DESCRIZIONE, DESCRIZIONE_AL1, DESCRIZIONE_AL2, OGGETTO, COLONNA) VALUES ('GESTIONE','Codice di Gestione dell''ente',NULL,NULL,'GEST','GEST.codice');
INSERT INTO relazione_attributi ( ATTRIBUTO, DESCRIZIONE, DESCRIZIONE_AL1, DESCRIZIONE_AL2, OGGETTO, COLONNA) VALUES ('SPORTELLO_D','Descrizione dello Sportello di appoggio individuale',NULL,NULL,'SPOR','rpad(SPOR.descrizione,30,'' '')||'' CAB ''||spor.cab');
INSERT INTO relazione_attributi ( ATTRIBUTO, DESCRIZIONE, DESCRIZIONE_AL1, DESCRIZIONE_AL2, OGGETTO, COLONNA) VALUES ('SETTORE.B_D','Descrizione della Seconda Suddivisione Settoriale',NULL,NULL,'SETTB','SETTB.descrizione');
INSERT INTO relazione_attributi ( ATTRIBUTO, DESCRIZIONE, DESCRIZIONE_AL1, DESCRIZIONE_AL2, OGGETTO, COLONNA) VALUES ('SETTORE.A','Codice della Prima Suddivisione Settoriale',NULL,NULL,'SETTA','SETTA.codice');
INSERT INTO relazione_attributi ( ATTRIBUTO, DESCRIZIONE, DESCRIZIONE_AL1, DESCRIZIONE_AL2, OGGETTO, COLONNA) VALUES ('LIVELLO.MC','Codice Livello Retributivo Mensilita` Corrente',NULL,NULL,'RAGI','RAGI.livello');
INSERT INTO relazione_attributi ( ATTRIBUTO, DESCRIZIONE, DESCRIZIONE_AL1, DESCRIZIONE_AL2, OGGETTO, COLONNA) VALUES ('SETTORE_D','Descrizione della Suddivisione Settoriale Elementare',NULL,NULL,'SETT','SETT.descrizione');
INSERT INTO relazione_attributi ( ATTRIBUTO, DESCRIZIONE, DESCRIZIONE_AL1, DESCRIZIONE_AL2, OGGETTO, COLONNA) VALUES ('DI_RUOLO_D','Descrizione ''di Ruolo'' o ''non di Ruolo''',NULL,NULL,'POSI','decode(POSI.ruolo,''SI'',''di Ruolo'',''non di Ruolo'')');
INSERT INTO relazione_attributi ( ATTRIBUTO, DESCRIZIONE, DESCRIZIONE_AL1, DESCRIZIONE_AL2, OGGETTO, COLONNA) VALUES ('_MAX_SETTORE','Suddivisione settoriale per raggruppamento',NULL,NULL,'SETT','max(SETT.codice)');
INSERT INTO relazione_attributi ( ATTRIBUTO, DESCRIZIONE, DESCRIZIONE_AL1, DESCRIZIONE_AL2, OGGETTO, COLONNA) VALUES ('CI.PERE','Codice Individuale per Mese',NULL,NULL,'PERE','PERE.ci');
INSERT INTO relazione_attributi ( ATTRIBUTO, DESCRIZIONE, DESCRIZIONE_AL1, DESCRIZIONE_AL2, OGGETTO, COLONNA) VALUES ('RUOLO','Codice del Ruolo di Bilancio',NULL,NULL,'RUOL','RUOL.codice');
INSERT INTO relazione_attributi ( ATTRIBUTO, DESCRIZIONE, DESCRIZIONE_AL1, DESCRIZIONE_AL2, OGGETTO, COLONNA) VALUES ('_QUALIFICA','Sequenza di esposizione della Qualifica Retributiva',NULL,NULL,'QUAL','nvl(to_char(QUAL.sequenza),''999999'')');
INSERT INTO relazione_attributi ( ATTRIBUTO, DESCRIZIONE, DESCRIZIONE_AL1, DESCRIZIONE_AL2, OGGETTO, COLONNA) VALUES ('QUALIFICA','Codice della Qualifica Retributiva',NULL,NULL,'QUGI','QUGI.codice');
INSERT INTO relazione_attributi ( ATTRIBUTO, DESCRIZIONE, DESCRIZIONE_AL1, DESCRIZIONE_AL2, OGGETTO, COLONNA) VALUES ('QUALIFICA_D','Descrizione della Qualifica Retributiva',NULL,NULL,'QUGI','QUGI.descrizione');
INSERT INTO relazione_attributi ( ATTRIBUTO, DESCRIZIONE, DESCRIZIONE_AL1, DESCRIZIONE_AL2, OGGETTO, COLONNA) VALUES ('SEDE_D','Descrizione della Sede fisica nell''ambito ente',NULL,NULL,'SEDE','SEDE.descrizione');
INSERT INTO relazione_attributi ( ATTRIBUTO, DESCRIZIONE, DESCRIZIONE_AL1, DESCRIZIONE_AL2, OGGETTO, COLONNA) VALUES ('_ISTITUTO','Sequenza di esposizione dell''Istituto di appoggio individ.',NULL,NULL,'ISCR','nvl(ISCR.codice,''ZZZZZ'')');
INSERT INTO relazione_attributi ( ATTRIBUTO, DESCRIZIONE, DESCRIZIONE_AL1, DESCRIZIONE_AL2, OGGETTO, COLONNA) VALUES ('GESTIONE_D','Denominazione della Gestione dell''ente',NULL,NULL,'GEST','GEST.nome');
INSERT INTO relazione_attributi ( ATTRIBUTO, DESCRIZIONE, DESCRIZIONE_AL1, DESCRIZIONE_AL2, OGGETTO, COLONNA) VALUES ('_GESTIONE','Sequenza di esposizione della Gestione dell''ente',NULL,NULL,'GEST','nvl(GEST.codice,''ZZZZ'')');
INSERT INTO relazione_attributi ( ATTRIBUTO, DESCRIZIONE, DESCRIZIONE_AL1, DESCRIZIONE_AL2, OGGETTO, COLONNA) VALUES ('ISTITUTO','Codice dell''Istituto di appoggio dell''individuo',NULL,NULL,'ISCR','ISCR.codice');
INSERT INTO relazione_attributi ( ATTRIBUTO, DESCRIZIONE, DESCRIZIONE_AL1, DESCRIZIONE_AL2, OGGETTO, COLONNA) VALUES ('GRUPPO_D','Descrizione del Gruppo di Rapporto con l''ente',NULL,NULL,'GRRA','GRRA.descrizione');
INSERT INTO relazione_attributi ( ATTRIBUTO, DESCRIZIONE, DESCRIZIONE_AL1, DESCRIZIONE_AL2, OGGETTO, COLONNA) VALUES ('VARE.ARR','Tipo Arretrati in Variabili Retributive',NULL,NULL,'VARE','VARE.arr');
INSERT INTO relazione_attributi ( ATTRIBUTO, DESCRIZIONE, DESCRIZIONE_AL1, DESCRIZIONE_AL2, OGGETTO, COLONNA) VALUES ('INAIL','Codice identificativo della Posizione INAIL',NULL,NULL,'ASIN','ASIN.codice');
INSERT INTO relazione_attributi ( ATTRIBUTO, DESCRIZIONE, DESCRIZIONE_AL1, DESCRIZIONE_AL2, OGGETTO, COLONNA) VALUES ('CONTRATTO','Codice del Contratto di Lavoro',NULL,NULL,'CONT','CONT.codice');
INSERT INTO relazione_attributi ( ATTRIBUTO, DESCRIZIONE, DESCRIZIONE_AL1, DESCRIZIONE_AL2, OGGETTO, COLONNA) VALUES ('CONTRATTO_D','Descrizione del Contratto di Lavoro',NULL,NULL,'CONT','CONT.descrizione');
INSERT INTO relazione_attributi ( ATTRIBUTO, DESCRIZIONE, DESCRIZIONE_AL1, DESCRIZIONE_AL2, OGGETTO, COLONNA) VALUES ('SETTORE.B','Codice della Seconda Suddivisione Settoriale',NULL,NULL,'SETTB','SETTB.codice');
INSERT INTO relazione_attributi ( ATTRIBUTO, DESCRIZIONE, DESCRIZIONE_AL1, DESCRIZIONE_AL2, OGGETTO, COLONNA) VALUES ('_RUOLO','Sequenza di esposizione del Ruolo di Bilancio',NULL,NULL,'RUOL','nvl(to_char(RUOL.sequenza),''999999'')');
INSERT INTO relazione_attributi ( ATTRIBUTO, DESCRIZIONE, DESCRIZIONE_AL1, DESCRIZIONE_AL2, OGGETTO, COLONNA) VALUES ('RUOLO_D','Descrizione del Ruolo di Bilancio',NULL,NULL,'RUOL','RUOL.descrizione');
INSERT INTO relazione_attributi ( ATTRIBUTO, DESCRIZIONE, DESCRIZIONE_AL1, DESCRIZIONE_AL2, OGGETTO, COLONNA) VALUES ('VARE.SUB','Sub-Voce Contabile in Variabili Retributive',NULL,NULL,'VARE','VARE.sub');
INSERT INTO relazione_attributi ( ATTRIBUTO, DESCRIZIONE, DESCRIZIONE_AL1, DESCRIZIONE_AL2, OGGETTO, COLONNA) VALUES ('ANNO','Anno retribuito da elaborazioni mensili',NULL,NULL,'PERE','PERE.anno');
INSERT INTO relazione_attributi ( ATTRIBUTO, DESCRIZIONE, DESCRIZIONE_AL1, DESCRIZIONE_AL2, OGGETTO, COLONNA) VALUES ('CI','Codice Individuale',NULL,NULL,'RAGI','RAGI.ci');
INSERT INTO relazione_attributi ( ATTRIBUTO, DESCRIZIONE, DESCRIZIONE_AL1, DESCRIZIONE_AL2, OGGETTO, COLONNA) VALUES ('VARE.ANNO','Anno in Variabili Retributive',NULL,NULL,'VARE','VARE.anno');
INSERT INTO relazione_attributi ( ATTRIBUTO, DESCRIZIONE, DESCRIZIONE_AL1, DESCRIZIONE_AL2, OGGETTO, COLONNA) VALUES ('VARE.MESE','Mese dell''anno in Variabili Retributive',NULL,NULL,'VARE','VARE.mese');
INSERT INTO relazione_attributi ( ATTRIBUTO, DESCRIZIONE, DESCRIZIONE_AL1, DESCRIZIONE_AL2, OGGETTO, COLONNA) VALUES ('VARE.CONTO','Conto di bilancio in Variabili Retributive',NULL,NULL,'VARE','VARE.conto');
INSERT INTO relazione_attributi ( ATTRIBUTO, DESCRIZIONE, DESCRIZIONE_AL1, DESCRIZIONE_AL2, OGGETTO, COLONNA) VALUES ('_MATRICOLA','Sequenza di esposizione Matricola Libro Paga',NULL,NULL,'RARE','lpad(nvl(to_char(RARE.matricola),''99999999''),8,''0'')');
INSERT INTO relazione_attributi ( ATTRIBUTO, DESCRIZIONE, DESCRIZIONE_AL1, DESCRIZIONE_AL2, OGGETTO, COLONNA) VALUES ('_NOMINATIVO','Cognome e Nome per ordinamento alfabetico',NULL,NULL,'RAIN','RAIN.cognome||'' ''||RAIN.nome');
INSERT INTO relazione_attributi ( ATTRIBUTO, DESCRIZIONE, DESCRIZIONE_AL1, DESCRIZIONE_AL2, OGGETTO, COLONNA) VALUES ('SEDE','Codice della Sede fisica nell''ambito ente',NULL,NULL,'SEDE','SEDE.codice');
INSERT INTO relazione_attributi ( ATTRIBUTO, DESCRIZIONE, DESCRIZIONE_AL1, DESCRIZIONE_AL2, OGGETTO, COLONNA) VALUES ('_DATA_NAS','Sequenza di esposizione Data di Nascita dell''individuo',NULL,NULL,'ANAG','to_number(to_char(ANAG.data_nas,''J''))');
INSERT INTO relazione_attributi ( ATTRIBUTO, DESCRIZIONE, DESCRIZIONE_AL1, DESCRIZIONE_AL2, OGGETTO, COLONNA) VALUES ('CODICE_FISCALE','Codice Fiscale dell''individuo',NULL,NULL,'ANAG','ANAG.codice_fiscale');
INSERT INTO relazione_attributi ( ATTRIBUTO, DESCRIZIONE, DESCRIZIONE_AL1, DESCRIZIONE_AL2, OGGETTO, COLONNA) VALUES ('COMUNE_RES','Codice Comune di Residenza',NULL,NULL,'COMU_RES','lpad(COMU_RES.provincia_stato,3,''0'')||lpad(COMU_RES.comune,3,''0'')');
INSERT INTO relazione_attributi ( ATTRIBUTO, DESCRIZIONE, DESCRIZIONE_AL1, DESCRIZIONE_AL2, OGGETTO, COLONNA) VALUES ('COMUNE_RES_D','Descrizione Comune di Residenza',NULL,NULL,'COMU_RES','COMU_RES.denominazione||'' ''||PROV_RES.sigla');
INSERT INTO relazione_attributi ( ATTRIBUTO, DESCRIZIONE, DESCRIZIONE_AL1, DESCRIZIONE_AL2, OGGETTO, COLONNA) VALUES ('PROVINCIA_RES','Sigla Provincia del Comune di Residenza',NULL,NULL,'PROV_RES','''(''||PROV_RES.sigla||'')''');
INSERT INTO relazione_attributi ( ATTRIBUTO, DESCRIZIONE, DESCRIZIONE_AL1, DESCRIZIONE_AL2, OGGETTO, COLONNA) VALUES ('PROVINCIA_RES_D','Descrizione Provincia del Comune di Residenza',NULL,NULL,'PROV_RES','PROV_RES.denominazione');
INSERT INTO relazione_attributi ( ATTRIBUTO, DESCRIZIONE, DESCRIZIONE_AL1, DESCRIZIONE_AL2, OGGETTO, COLONNA) VALUES ('GESTIONE_INPS','Codice di Gestione INPS',NULL,NULL,'GESI','GESI.codice');
INSERT INTO relazione_attributi ( ATTRIBUTO, DESCRIZIONE, DESCRIZIONE_AL1, DESCRIZIONE_AL2, OGGETTO, COLONNA) VALUES ('_GRUPPO','Sequenza di esposizione del Gruppo di Rapporto con l''ente',NULL,NULL,'GRRA','nvl(GRRA.gruppo,''ZZZZZZZZZZZZ'')');
INSERT INTO relazione_attributi ( ATTRIBUTO, DESCRIZIONE, DESCRIZIONE_AL1, DESCRIZIONE_AL2, OGGETTO, COLONNA) VALUES ('INAIL_D','Descrizione della Posizione INAIL',NULL,NULL,'ASIN','ASIN.descrizione');
INSERT INTO relazione_attributi ( ATTRIBUTO, DESCRIZIONE, DESCRIZIONE_AL1, DESCRIZIONE_AL2, OGGETTO, COLONNA) VALUES ('GRUPPO','Codice del Gruppo di Rapporto con l''ente',NULL,NULL,'GRRA','GRRA.gruppo');
INSERT INTO relazione_attributi ( ATTRIBUTO, DESCRIZIONE, DESCRIZIONE_AL1, DESCRIZIONE_AL2, OGGETTO, COLONNA) VALUES ('SETTORE.C','Codice della Terza Suddivisione Settoriale',NULL,NULL,'SETTC','SETTC.codice');
INSERT INTO relazione_attributi ( ATTRIBUTO, DESCRIZIONE, DESCRIZIONE_AL1, DESCRIZIONE_AL2, OGGETTO, COLONNA) VALUES ('_SETTORE.B','Sequenza esposizione della Seconda Suddivisione Settoriale',NULL,NULL,'SETTB','nvl(to_char(SETTB.sequenza),''999999'')');
INSERT INTO relazione_attributi ( ATTRIBUTO, DESCRIZIONE, DESCRIZIONE_AL1, DESCRIZIONE_AL2, OGGETTO, COLONNA) VALUES ('SETTORE.C_D','Descrizione della Terza Suddivisione Settoriale',NULL,NULL,'SETTC','SETTC.descrizione');
INSERT INTO relazione_attributi ( ATTRIBUTO, DESCRIZIONE, DESCRIZIONE_AL1, DESCRIZIONE_AL2, OGGETTO, COLONNA) VALUES ('_SETTORE.C','Sequenza esposizione della Terza Suddivisione Settoriale',NULL,NULL,'SETTC','nvl(to_char(SETTC.sequenza),''999999'')');
INSERT INTO relazione_attributi ( ATTRIBUTO, DESCRIZIONE, DESCRIZIONE_AL1, DESCRIZIONE_AL2, OGGETTO, COLONNA) VALUES ('SETTORE.G','Codice della Suddivisione Settoriale di Gestione',NULL,NULL,'SETTG','SETTG.codice');
INSERT INTO relazione_attributi ( ATTRIBUTO, DESCRIZIONE, DESCRIZIONE_AL1, DESCRIZIONE_AL2, OGGETTO, COLONNA) VALUES ('SETTORE.G_D','Descrizione della Suddivisione Settoriale di Gestione',NULL,NULL,'SETTG','SETTG.descrizione');
INSERT INTO relazione_attributi ( ATTRIBUTO, DESCRIZIONE, DESCRIZIONE_AL1, DESCRIZIONE_AL2, OGGETTO, COLONNA) VALUES ('_SETTORE','Sequenza esposizione Suddivisione Settoriale Elementare',NULL,NULL,'SETT','nvl(to_char(SETT.sequenza),''999999'')');
INSERT INTO relazione_attributi ( ATTRIBUTO, DESCRIZIONE, DESCRIZIONE_AL1, DESCRIZIONE_AL2, OGGETTO, COLONNA) VALUES ('SOCI','Codice ''SI'' o ''NO'' per Ruolo Soci',NULL,NULL,'POSI','POSI.ruolo');
INSERT INTO relazione_attributi ( ATTRIBUTO, DESCRIZIONE, DESCRIZIONE_AL1, DESCRIZIONE_AL2, OGGETTO, COLONNA) VALUES ('VARE.RIFERIMENTO','Data Riferimento in Variabili Retributive',NULL,NULL,'VARE','VARE.riferimento');
INSERT INTO relazione_attributi ( ATTRIBUTO, DESCRIZIONE, DESCRIZIONE_AL1, DESCRIZIONE_AL2, OGGETTO, COLONNA) VALUES ('VARE.TAR','Tariffa in Variabili Retributive',NULL,NULL,'VARE','nvl(VARE.tar_var,0)');
INSERT INTO relazione_attributi ( ATTRIBUTO, DESCRIZIONE, DESCRIZIONE_AL1, DESCRIZIONE_AL2, OGGETTO, COLONNA) VALUES ('VARE.VOCE','Voce Contabile in Variabili Retributive',NULL,NULL,'VARE','VARE.voce');
INSERT INTO relazione_attributi ( ATTRIBUTO, DESCRIZIONE, DESCRIZIONE_AL1, DESCRIZIONE_AL2, OGGETTO, COLONNA) VALUES ('ZERO','Valore fisso a ''0''',NULL,NULL,NULL,'''0''');
INSERT INTO relazione_attributi ( ATTRIBUTO, DESCRIZIONE, DESCRIZIONE_AL1, DESCRIZIONE_AL2, OGGETTO, COLONNA) VALUES ('_COMUNE_DOM','Sequenza esposizione del Comune di Domicilio',NULL,NULL,'COMU_DOM','nvl(COMU_DOM.denominazione,''ZZ'')');
INSERT INTO relazione_attributi ( ATTRIBUTO, DESCRIZIONE, DESCRIZIONE_AL1, DESCRIZIONE_AL2, OGGETTO, COLONNA) VALUES ('_PROVINCIA_DOM','Sequenza esposizione della Provincia del Comune di Domicilio',NULL,NULL,'PROV_DOM','nvl(PROV_DOM.sigla,''ZZZ'')');
INSERT INTO relazione_attributi ( ATTRIBUTO, DESCRIZIONE, DESCRIZIONE_AL1, DESCRIZIONE_AL2, OGGETTO, COLONNA) VALUES ('INDIRIZZO_RES','Indirizzo di Residenza dell''individuo',NULL,NULL,'ANAG','ANAG.indirizzo_res');
INSERT INTO relazione_attributi ( ATTRIBUTO, DESCRIZIONE, DESCRIZIONE_AL1, DESCRIZIONE_AL2, OGGETTO, COLONNA) VALUES ('INDIRIZZO_DOM','Indirizzo di Domicilio dell''individuo',NULL,NULL,'ANAG','decode(ANAG.presso,null,null,ANAG.presso||'' '')||ANAG.indirizzo_dom');
INSERT INTO relazione_attributi ( ATTRIBUTO, DESCRIZIONE, DESCRIZIONE_AL1, DESCRIZIONE_AL2, OGGETTO, COLONNA) VALUES ('CAP_DOM','C.A.P. del Domicilio dell''individuo',NULL,NULL,'ANAG','ANAG.cap_dom');
INSERT INTO relazione_attributi ( ATTRIBUTO, DESCRIZIONE, DESCRIZIONE_AL1, DESCRIZIONE_AL2, OGGETTO, COLONNA) VALUES ('CAP_RES','C.A.P. della Residenza dell''individuo',NULL,NULL,'ANAG','ANAG.cap_res');
INSERT INTO relazione_attributi ( ATTRIBUTO, DESCRIZIONE, DESCRIZIONE_AL1, DESCRIZIONE_AL2, OGGETTO, COLONNA) VALUES ('VACA.10','Valore contabile annuale 10',NULL,NULL,'VACA','decode(VACA.colonna,''10'',VACA.valore,null)');
INSERT INTO relazione_attributi ( ATTRIBUTO, DESCRIZIONE, DESCRIZIONE_AL1, DESCRIZIONE_AL2, OGGETTO, COLONNA) VALUES ('SESSO','Codice indentificativo Maschi o Femmine',NULL,NULL,'ANAG','ANAG.sesso');
INSERT INTO relazione_attributi ( ATTRIBUTO, DESCRIZIONE, DESCRIZIONE_AL1, DESCRIZIONE_AL2, OGGETTO, COLONNA) VALUES ('QUA_INPS','Codice della Qualifica INPS',NULL,NULL,'QUAL','QUAL.qua_inps');
INSERT INTO relazione_attributi ( ATTRIBUTO, DESCRIZIONE, DESCRIZIONE_AL1, DESCRIZIONE_AL2, OGGETTO, COLONNA) VALUES ('VACA.01','Valore contabile annuale 01',NULL,NULL,'VACA','decode(VACA.colonna,''01'',VACA.valore,null)');
INSERT INTO relazione_attributi ( ATTRIBUTO, DESCRIZIONE, DESCRIZIONE_AL1, DESCRIZIONE_AL2, OGGETTO, COLONNA) VALUES ('_SETTORE.G','Sequenza esposizione Suddivisione Settoriale di Gestione',NULL,NULL,'SETTG','nvl(to_char(SETTG.sequenza),''999999'')');
INSERT INTO relazione_attributi ( ATTRIBUTO, DESCRIZIONE, DESCRIZIONE_AL1, DESCRIZIONE_AL2, OGGETTO, COLONNA) VALUES ('_NOME_EREDE','Cognome e Nome individuo e erede per ordinamento',NULL,NULL,'RAIND','decode(RAIND.nome,'''',1,0)||RAIND.cognome||''  ''||RAIND.nome||decode(RAIND.ci,RAIN.ci,1,decode(RAIND.ci,RADI.ci,0,2))||RAIN.cognome||''  ''||RAIN.nome');
INSERT INTO relazione_attributi ( ATTRIBUTO, DESCRIZIONE, DESCRIZIONE_AL1, DESCRIZIONE_AL2, OGGETTO, COLONNA) VALUES ('_SESSO','Sequenza esposizione Maschi o Femmine',NULL,NULL,'ANAG','nvl(decode(ANAG.sesso,''M'',''1'',''F'',''2''),''0'')');
INSERT INTO relazione_attributi ( ATTRIBUTO, DESCRIZIONE, DESCRIZIONE_AL1, DESCRIZIONE_AL2, OGGETTO, COLONNA) VALUES ('_SETTORE.A','Sequenza esposizione della Prima Suddivisione Settoriale',NULL,NULL,'SETTA','nvl(to_char(SETTA.sequenza),''999999'')');
INSERT INTO relazione_attributi ( ATTRIBUTO, DESCRIZIONE, DESCRIZIONE_AL1, DESCRIZIONE_AL2, OGGETTO, COLONNA) VALUES ('_FASCIA','Sequenza di esposizione della Fascia di Gestione',NULL,NULL,'GEST','nvl(GEST.fascia,''ZZ'')');
INSERT INTO relazione_attributi ( ATTRIBUTO, DESCRIZIONE, DESCRIZIONE_AL1, DESCRIZIONE_AL2, OGGETTO, COLONNA) VALUES ('NR_DIP_SOL','Nr. dipendenti solidarieta'' per DM10/S',NULL,NULL,'VACM','decode(VACM.colonna,''05'',decode(mens.tipo,''N'',decode(nvl(VACM.valore,0),0,0,1),0),0)');
INSERT INTO relazione_attributi ( ATTRIBUTO, DESCRIZIONE, DESCRIZIONE_AL1, DESCRIZIONE_AL2, OGGETTO, COLONNA) VALUES ('NR_DIP_SSN','Nr. dipendenti ssn per DM10/S',NULL,NULL,'VACM','decode(VACM.colonna,''02'',decode(mens.tipo,''N'',decode(nvl(VACM.valore,0),0,0,1),0),0)');
INSERT INTO relazione_attributi ( ATTRIBUTO, DESCRIZIONE, DESCRIZIONE_AL1, DESCRIZIONE_AL2, OGGETTO, COLONNA) VALUES ('FASCIA','Fascia di Gestione',NULL,NULL,'GEST','GEST.fascia');
INSERT INTO relazione_attributi ( ATTRIBUTO, DESCRIZIONE, DESCRIZIONE_AL1, DESCRIZIONE_AL2, OGGETTO, COLONNA) VALUES ('GEST_BIL','Codice di Classificazione Funzionale per Bilancio',NULL,NULL,'GEST_CLFU','substr(GEST_CLFU.codice,1,4)');
INSERT INTO relazione_attributi ( ATTRIBUTO, DESCRIZIONE, DESCRIZIONE_AL1, DESCRIZIONE_AL2, OGGETTO, COLONNA) VALUES ('SEDE_3C_D','Descrizione dell''Area nell''ambito della Sede fisica',NULL,NULL,'SEDE','NULL');
INSERT INTO relazione_attributi ( ATTRIBUTO, DESCRIZIONE, DESCRIZIONE_AL1, DESCRIZIONE_AL2, OGGETTO, COLONNA) VALUES ('VACM.02S','Valore contabile mensile 02',NULL,NULL,'VACM','sum(decode(VACM.colonna,''02'',VACM.valore,null))');
INSERT INTO relazione_attributi ( ATTRIBUTO, DESCRIZIONE, DESCRIZIONE_AL1, DESCRIZIONE_AL2, OGGETTO, COLONNA) VALUES ('VACM.03S','Valore contabile mensile 03',NULL,NULL,'VACM','sum(decode(VACM.colonna,''03'',VACM.valore,null))');
INSERT INTO relazione_attributi ( ATTRIBUTO, DESCRIZIONE, DESCRIZIONE_AL1, DESCRIZIONE_AL2, OGGETTO, COLONNA) VALUES ('VACM.04S','Valore contabile mensile 04',NULL,NULL,'VACM','sum(decode(VACM.colonna,''04'',VACM.valore,null))');
INSERT INTO relazione_attributi ( ATTRIBUTO, DESCRIZIONE, DESCRIZIONE_AL1, DESCRIZIONE_AL2, OGGETTO, COLONNA) VALUES ('CONTO_CORRENTE','Corrente Bancario Dipendente',NULL,NULL,'RARE','RARE.conto_corrente');
INSERT INTO relazione_attributi ( ATTRIBUTO, DESCRIZIONE, DESCRIZIONE_AL1, DESCRIZIONE_AL2, OGGETTO, COLONNA) VALUES ('VACA.MENSILITA','Mensilita` in Valori Contabili Annuali',NULL,NULL,'VACA','VACA.mensilita');
INSERT INTO relazione_attributi ( ATTRIBUTO, DESCRIZIONE, DESCRIZIONE_AL1, DESCRIZIONE_AL2, OGGETTO, COLONNA) VALUES ('ISTITUTO_DES','Descrizione dell''Istituto dell''individuo',NULL,NULL,'ISCR','rpad(ISCR.descrizione,30,'' '')');
INSERT INTO relazione_attributi ( ATTRIBUTO, DESCRIZIONE, DESCRIZIONE_AL1, DESCRIZIONE_AL2, OGGETTO, COLONNA) VALUES ('SPORTELLO_DES','Descrizione dello sportello dell''individuo',NULL,NULL,'SPOR','rpad(SPOR.descrizione,30,'' '')');
INSERT INTO relazione_attributi ( ATTRIBUTO, DESCRIZIONE, DESCRIZIONE_AL1, DESCRIZIONE_AL2, OGGETTO, COLONNA) VALUES ('VACM.01S','Valore contabile mensile 01',NULL,NULL,'VACM','sum(decode(VACM.colonna,''01'',VACM.valore,null))');
INSERT INTO relazione_attributi ( ATTRIBUTO, DESCRIZIONE, DESCRIZIONE_AL1, DESCRIZIONE_AL2, OGGETTO, COLONNA) VALUES ('NR_DIP_DM10_S','Nr. dipendenti per DM10/S',NULL,NULL,'VACM','decode(VACM.colonna,''02'',decode(nvl(VACM.valore,0),0,0,1),0)');
INSERT INTO relazione_attributi ( ATTRIBUTO, DESCRIZIONE, DESCRIZIONE_AL1, DESCRIZIONE_AL2, OGGETTO, COLONNA) VALUES ('VACM.MENSILITA','Mensilita` in Valori Contabili Mensili',NULL,NULL,'VACM','VACM.mensilita');
INSERT INTO relazione_attributi ( ATTRIBUTO, DESCRIZIONE, DESCRIZIONE_AL1, DESCRIZIONE_AL2, OGGETTO, COLONNA) VALUES ('ANNO.INEX','Anno di denuncia fiscale',NULL,NULL,'INEX','INEX.anno');
INSERT INTO relazione_attributi ( ATTRIBUTO, DESCRIZIONE, DESCRIZIONE_AL1, DESCRIZIONE_AL2, OGGETTO, COLONNA) VALUES ('CI.RAGF','Codice Individuale per Fiscali',NULL,NULL,'RAGF','RAGF.ci');
INSERT INTO relazione_attributi ( ATTRIBUTO, DESCRIZIONE, DESCRIZIONE_AL1, DESCRIZIONE_AL2, OGGETTO, COLONNA) VALUES ('VACM.13','Valore contabile mensile 13',NULL,NULL,'VACM','decode(VACM.colonna,''13'',VACM.valore,null)');
INSERT INTO relazione_attributi ( ATTRIBUTO, DESCRIZIONE, DESCRIZIONE_AL1, DESCRIZIONE_AL2, OGGETTO, COLONNA) VALUES ('CI.RARE','Codice Individuale per Mese',NULL,NULL,'RARE','RARE.ci');
INSERT INTO relazione_attributi ( ATTRIBUTO, DESCRIZIONE, DESCRIZIONE_AL1, DESCRIZIONE_AL2, OGGETTO, COLONNA) VALUES ('VACA.02','Valore contabile annuale 02',NULL,NULL,'VACA','decode(VACA.colonna,''02'',VACA.valore,null)');
INSERT INTO relazione_attributi ( ATTRIBUTO, DESCRIZIONE, DESCRIZIONE_AL1, DESCRIZIONE_AL2, OGGETTO, COLONNA) VALUES ('VACA.03','Valore contabile annuale 03',NULL,NULL,'VACA','decode(VACA.colonna,''03'',VACA.valore,null)');
INSERT INTO relazione_attributi ( ATTRIBUTO, DESCRIZIONE, DESCRIZIONE_AL1, DESCRIZIONE_AL2, OGGETTO, COLONNA) VALUES ('VACA.04','Valore contabile annuale 04',NULL,NULL,'VACA','decode(VACA.colonna,''04'',VACA.valore,null)');
INSERT INTO relazione_attributi ( ATTRIBUTO, DESCRIZIONE, DESCRIZIONE_AL1, DESCRIZIONE_AL2, OGGETTO, COLONNA) VALUES ('VACA.05','Valore contabile annuale 05',NULL,NULL,'VACA','decode(VACA.colonna,''05'',VACA.valore,null)');
INSERT INTO relazione_attributi ( ATTRIBUTO, DESCRIZIONE, DESCRIZIONE_AL1, DESCRIZIONE_AL2, OGGETTO, COLONNA) VALUES ('VACA.06','Valore contabile annuale 06',NULL,NULL,'VACA','decode(VACA.colonna,''06'',VACA.valore,null)');
INSERT INTO relazione_attributi ( ATTRIBUTO, DESCRIZIONE, DESCRIZIONE_AL1, DESCRIZIONE_AL2, OGGETTO, COLONNA) VALUES ('VACA.07','Valore contabile annuale 07',NULL,NULL,'VACA','decode(VACA.colonna,''07'',VACA.valore,null)');
INSERT INTO relazione_attributi ( ATTRIBUTO, DESCRIZIONE, DESCRIZIONE_AL1, DESCRIZIONE_AL2, OGGETTO, COLONNA) VALUES ('VACA.08','Valore contabile annuale 08',NULL,NULL,'VACA','decode(VACA.colonna,''08'',VACA.valore,null)');
INSERT INTO relazione_attributi ( ATTRIBUTO, DESCRIZIONE, DESCRIZIONE_AL1, DESCRIZIONE_AL2, OGGETTO, COLONNA) VALUES ('VACA.09','Valore contabile annuale 09',NULL,NULL,'VACA','decode(VACA.colonna,''09'',VACA.valore,null)');
INSERT INTO relazione_attributi ( ATTRIBUTO, DESCRIZIONE, DESCRIZIONE_AL1, DESCRIZIONE_AL2, OGGETTO, COLONNA) VALUES ('NR_REG','Numero di registrazioni',NULL,NULL,NULL,'count(*)');
INSERT INTO relazione_attributi ( ATTRIBUTO, DESCRIZIONE, DESCRIZIONE_AL1, DESCRIZIONE_AL2, OGGETTO, COLONNA) VALUES ('_COMUNE_RES','Sequenza esposizione del Comune di Residenza',NULL,NULL,'COMU_RES','nvl(COMU_RES.denominazione,''ZZ'')');
INSERT INTO relazione_attributi ( ATTRIBUTO, DESCRIZIONE, DESCRIZIONE_AL1, DESCRIZIONE_AL2, OGGETTO, COLONNA) VALUES ('COMUNE_DOM','Codice Comune di Domicilio',NULL,NULL,'COMU_DOM','lpad(COMU_DOM.provincia_stato,3,''0'')||lpad(COMU_DOM.comune,3,''0'')');
INSERT INTO relazione_attributi ( ATTRIBUTO, DESCRIZIONE, DESCRIZIONE_AL1, DESCRIZIONE_AL2, OGGETTO, COLONNA) VALUES ('LIVELLO_D','Descrizione Livello Retributivo',NULL,NULL,'QUGI','''Livello ''||QUGI.livello');
INSERT INTO relazione_attributi ( ATTRIBUTO, DESCRIZIONE, DESCRIZIONE_AL1, DESCRIZIONE_AL2, OGGETTO, COLONNA) VALUES ('STATISTICO1','Primo codice statistico anagrafico',NULL,NULL,'RARE','RARE.statistico1');
INSERT INTO relazione_attributi ( ATTRIBUTO, DESCRIZIONE, DESCRIZIONE_AL1, DESCRIZIONE_AL2, OGGETTO, COLONNA) VALUES ('STATISTICO2','Secondo codice statistico anagrafico',NULL,NULL,'RARE','RARE.statistico2');
INSERT INTO relazione_attributi ( ATTRIBUTO, DESCRIZIONE, DESCRIZIONE_AL1, DESCRIZIONE_AL2, OGGETTO, COLONNA) VALUES ('STATISTICO3','Terzo codice statistico anagrafico',NULL,NULL,'RARE','RARE.statistico3');
INSERT INTO relazione_attributi ( ATTRIBUTO, DESCRIZIONE, DESCRIZIONE_AL1, DESCRIZIONE_AL2, OGGETTO, COLONNA) VALUES ('_STATISTICO1','Sequenza esposizione primo codice statistico anagrafico',NULL,NULL,'RARE','nvl(RARE.statistico1,''ZZZZZZZZZZZZ'')');
INSERT INTO relazione_attributi ( ATTRIBUTO, DESCRIZIONE, DESCRIZIONE_AL1, DESCRIZIONE_AL2, OGGETTO, COLONNA) VALUES ('_STATISTICO2','Sequenza esposizione secondo codice statistico anagrafico',NULL,NULL,'RARE','nvl(RARE.statistico2,''ZZZZZZZZZZZZ'')');
INSERT INTO relazione_attributi ( ATTRIBUTO, DESCRIZIONE, DESCRIZIONE_AL1, DESCRIZIONE_AL2, OGGETTO, COLONNA) VALUES ('_STATISTICO3','Sequenza esposizione terzo codice statistico anagrafico',NULL,NULL,'RARE','nvl(RARE.statistico3,''ZZZZZZZZZZZZ'')');
INSERT INTO relazione_attributi ( ATTRIBUTO, DESCRIZIONE, DESCRIZIONE_AL1, DESCRIZIONE_AL2, OGGETTO, COLONNA) VALUES ('_CC_INPS','Sequenza di esposizione Codice Contribuzione INPS',NULL,NULL,'TRPR','nvl(TRPR.cc,''ZZ'')');
INSERT INTO relazione_attributi ( ATTRIBUTO, DESCRIZIONE, DESCRIZIONE_AL1, DESCRIZIONE_AL2, OGGETTO, COLONNA) VALUES ('CI.RAGI','Codice Individuale per Mese (RAGI)',NULL,NULL,'RAGI','RAGI.ci');
INSERT INTO relazione_attributi ( ATTRIBUTO, DESCRIZIONE, DESCRIZIONE_AL1, DESCRIZIONE_AL2, OGGETTO, COLONNA) VALUES ('_NOMINATIVO_ST','Cognome e Nome per ordinamento alfabetico',NULL,NULL,'RAIN_ST','RAIN_ST.cognome||'' ''||RAIN_ST.nome');
INSERT INTO relazione_attributi ( ATTRIBUTO, DESCRIZIONE, DESCRIZIONE_AL1, DESCRIZIONE_AL2, OGGETTO, COLONNA) VALUES ('SINDACATO','Sindacato',NULL,NULL,'VOCI_SIN','voci_sin.codice');
INSERT INTO relazione_attributi ( ATTRIBUTO, DESCRIZIONE, DESCRIZIONE_AL1, DESCRIZIONE_AL2, OGGETTO, COLONNA) VALUES ('SINDACATO_D','Descrizione Sindacato',NULL,NULL,'VOCI_SIN','voci_sin.oggetto');
INSERT INTO relazione_attributi ( ATTRIBUTO, DESCRIZIONE, DESCRIZIONE_AL1, DESCRIZIONE_AL2, OGGETTO, COLONNA) VALUES ('POSIZIONE_D','Descrizione della Posizione Giuridica',NULL,NULL,'POSI','POSI.descrizione');
INSERT INTO relazione_attributi ( ATTRIBUTO, DESCRIZIONE, DESCRIZIONE_AL1, DESCRIZIONE_AL2, OGGETTO, COLONNA) VALUES ('_POSIZIONE','Sequenza di esposizione della Posizione Giuridica',NULL,NULL,'POSI','nvl(to_char(POSI.sequenza),''999999'')');
INSERT INTO relazione_attributi ( ATTRIBUTO, DESCRIZIONE, DESCRIZIONE_AL1, DESCRIZIONE_AL2, OGGETTO, COLONNA) VALUES ('NOMINATIVO_ST','Cognome e Nome per descrizione dell''individuo',NULL,NULL,'RAIN_ST','RAIN_ST.cognome||''  ''||RAIN_ST.nome');
INSERT INTO relazione_attributi ( ATTRIBUTO, DESCRIZIONE, DESCRIZIONE_AL1, DESCRIZIONE_AL2, OGGETTO, COLONNA) VALUES ('_SINDACATO','Ordinamento Sindacato',NULL,NULL,'VOCI_SIN','voci_sin.sequenza');
INSERT INTO relazione_attributi ( ATTRIBUTO, DESCRIZIONE, DESCRIZIONE_AL1, DESCRIZIONE_AL2, OGGETTO, COLONNA) VALUES ('POSIZIONE','Codice della Posizione Giuridica',NULL,NULL,'POSI','POSI.codice');
INSERT INTO relazione_attributi ( ATTRIBUTO, DESCRIZIONE, DESCRIZIONE_AL1, DESCRIZIONE_AL2, OGGETTO, COLONNA) VALUES ('VARE.MENSILITA','Mensilita` in Variabili Retributive',NULL,NULL,'VARE','VARE.mensilita');
INSERT INTO relazione_attributi ( ATTRIBUTO, DESCRIZIONE, DESCRIZIONE_AL1, DESCRIZIONE_AL2, OGGETTO, COLONNA) VALUES ('COMUNE_DOM_D','Descrizione Comune di Domicilio',NULL,NULL,'COMU_DOM','COMU_DOM.denominazione');
INSERT INTO relazione_attributi ( ATTRIBUTO, DESCRIZIONE, DESCRIZIONE_AL1, DESCRIZIONE_AL2, OGGETTO, COLONNA) VALUES ('_PROVINCIA_RES','Sequenza esposizione della Provincia del Comune di Residenza',NULL,NULL,'PROV_RES','nvl(PROV_RES.sigla,''ZZZ'')');
INSERT INTO relazione_attributi ( ATTRIBUTO, DESCRIZIONE, DESCRIZIONE_AL1, DESCRIZIONE_AL2, OGGETTO, COLONNA) VALUES ('PROVINCIA_DOM','Sigla Provincia del Comune di Domicilio',NULL,NULL,'PROV_DOM','''(''||PROV_DOM.sigla||'')''');
INSERT INTO relazione_attributi ( ATTRIBUTO, DESCRIZIONE, DESCRIZIONE_AL1, DESCRIZIONE_AL2, OGGETTO, COLONNA) VALUES ('PROVINCIA_DOM_D','Descrizione Provincia del Comune di Domicilio',NULL,NULL,'PROV_DOM','PROV_DOM.denominazione');
INSERT INTO relazione_attributi ( ATTRIBUTO, DESCRIZIONE, DESCRIZIONE_AL1, DESCRIZIONE_AL2, OGGETTO, COLONNA) VALUES ('GEST_BIL_D','Descrizione di Classificazione Funzionale per Bilancio',NULL,NULL,'GEST_CLFU','GEST_CLFU.descrizione');
INSERT INTO relazione_attributi ( ATTRIBUTO, DESCRIZIONE, DESCRIZIONE_AL1, DESCRIZIONE_AL2, OGGETTO, COLONNA) VALUES ('_GEST_BIL','Sequenza di esposizione di Classif. Funzionale per Bilancio',NULL,NULL,'GEST_CLFU','nvl(to_char(GEST_CLFU.sequenza),''999999'')');
INSERT INTO relazione_attributi ( ATTRIBUTO, DESCRIZIONE, DESCRIZIONE_AL1, DESCRIZIONE_AL2, OGGETTO, COLONNA) VALUES ('CC_INPS','Codice Contribuzione INPS',NULL,NULL,'TRPR','TRPR.cc');
INSERT INTO relazione_attributi ( ATTRIBUTO, DESCRIZIONE, DESCRIZIONE_AL1, DESCRIZIONE_AL2, OGGETTO, COLONNA) VALUES ('GESTIONE_INPS_D','Denominazione della Gestione INPS',NULL,NULL,'GESI','GESI.nome');
INSERT INTO relazione_attributi ( ATTRIBUTO, DESCRIZIONE, DESCRIZIONE_AL1, DESCRIZIONE_AL2, OGGETTO, COLONNA) VALUES ('_GESTIONE_INPS','Sequenza di esposizione della Gestione INPS',NULL,NULL,'GESI','nvl(GESI.codice,''ZZZZ'')');
INSERT INTO relazione_attributi ( ATTRIBUTO, DESCRIZIONE, DESCRIZIONE_AL1, DESCRIZIONE_AL2, OGGETTO, COLONNA) VALUES ('SPORTELLO','Codice dello Sportello di appoggio individuale',NULL,NULL,'SPOR','SPOR.sportello');
INSERT INTO relazione_attributi ( ATTRIBUTO, DESCRIZIONE, DESCRIZIONE_AL1, DESCRIZIONE_AL2, OGGETTO, COLONNA) VALUES ('_SPORTELLO','Sequenza esposizione dello Sportello di appoggio individuale',NULL,NULL,'SPOR','nvl(SPOR.istituto||SPOR.sportello,''ZZZZZZZZZZ'')');
INSERT INTO relazione_attributi ( ATTRIBUTO, DESCRIZIONE, DESCRIZIONE_AL1, DESCRIZIONE_AL2, OGGETTO, COLONNA) VALUES ('VACM.10','Valore contabile mensile 10',NULL,NULL,'VACM','decode(VACM.colonna,''10'',VACM.valore,null)');
INSERT INTO relazione_attributi ( ATTRIBUTO, DESCRIZIONE, DESCRIZIONE_AL1, DESCRIZIONE_AL2, OGGETTO, COLONNA) VALUES ('VACM.05','Valore contabile mensile 05',NULL,NULL,'VACM','decode(VACM.colonna,''05'',VACM.valore,null)');
INSERT INTO relazione_attributi ( ATTRIBUTO, DESCRIZIONE, DESCRIZIONE_AL1, DESCRIZIONE_AL2, OGGETTO, COLONNA) VALUES ('VACM.08','Valore contabile mensile 08',NULL,NULL,'VACM','decode(VACM.colonna,''08'',VACM.valore,null)');
INSERT INTO relazione_attributi ( ATTRIBUTO, DESCRIZIONE, DESCRIZIONE_AL1, DESCRIZIONE_AL2, OGGETTO, COLONNA) VALUES ('VARE.ARTICOLO','Articolo di bilancio in Variabili Retributive',NULL,NULL,'VARE','VARE.articolo');
INSERT INTO relazione_attributi ( ATTRIBUTO, DESCRIZIONE, DESCRIZIONE_AL1, DESCRIZIONE_AL2, OGGETTO, COLONNA) VALUES ('VARE.CAPITOLO','Capitolo di bilancio in Variabili Retributive',NULL,NULL,'VARE','VARE.capitolo');
INSERT INTO relazione_attributi ( ATTRIBUTO, DESCRIZIONE, DESCRIZIONE_AL1, DESCRIZIONE_AL2, OGGETTO, COLONNA) VALUES ('VARE.IMP','Importo in Variabili Retributive',NULL,NULL,'VARE','nvl(VARE.imp_var,0)');
INSERT INTO relazione_attributi ( ATTRIBUTO, DESCRIZIONE, DESCRIZIONE_AL1, DESCRIZIONE_AL2, OGGETTO, COLONNA) VALUES ('_INAIL','Sequenza di esposizione della Posizione INAIL',NULL,NULL,'ASIN','nvl(to_char(ASIN.sequenza),''999999'')');
INSERT INTO relazione_attributi ( ATTRIBUTO, DESCRIZIONE, DESCRIZIONE_AL1, DESCRIZIONE_AL2, OGGETTO, COLONNA) VALUES ('ISTITUTO_D','Descrizione dell''Istituto di appoggio dell''individuo',NULL,NULL,'ISCR','rpad(ISCR.descrizione,30,'' '')||'' ABI ''||rpad(ISCR.codice_abi,5)||decode(SOGG.codice_fiscale,null,null,'' C.F. ''||SOGG.codice_fiscale)');
INSERT INTO relazione_attributi ( ATTRIBUTO, DESCRIZIONE, DESCRIZIONE_AL1, DESCRIZIONE_AL2, OGGETTO, COLONNA) VALUES ('LIVELLO','Codice Livello Retributivo',NULL,NULL,'QUGI','QUGI.livello');
INSERT INTO relazione_attributi ( ATTRIBUTO, DESCRIZIONE, DESCRIZIONE_AL1, DESCRIZIONE_AL2, OGGETTO, COLONNA) VALUES ('MESE','Mese retribuito da elaborazioni mensili',NULL,NULL,'PERE','PERE.mese');
INSERT INTO relazione_attributi ( ATTRIBUTO, DESCRIZIONE, DESCRIZIONE_AL1, DESCRIZIONE_AL2, OGGETTO, COLONNA) VALUES ('_QUA_INPS','Sequenza di esposizione della Qualifica INPS',NULL,NULL,'QUAL','nvl(to_char(QUAL.qua_inps),''Z'')');
INSERT INTO relazione_attributi ( ATTRIBUTO, DESCRIZIONE, DESCRIZIONE_AL1, DESCRIZIONE_AL2, OGGETTO, COLONNA) VALUES ('_SEDE','Sequenza esposizione della Sede fisica nell''ambito ente',NULL,NULL,'SEDE','nvl(to_char(SEDE.sequenza),''999999'')');
INSERT INTO relazione_attributi ( ATTRIBUTO, DESCRIZIONE, DESCRIZIONE_AL1, DESCRIZIONE_AL2, OGGETTO, COLONNA) VALUES ('SETTORE.A_D','Descrizione della Prima Suddivisione Settoriale',NULL,NULL,'SETTA','SETTA.descrizione');
INSERT INTO relazione_attributi ( ATTRIBUTO, DESCRIZIONE, DESCRIZIONE_AL1, DESCRIZIONE_AL2, OGGETTO, COLONNA) VALUES ('VARE.QTA','Quantita` in Variabili Retributive',NULL,NULL,'VARE','nvl(VARE.qta_var,0)');
INSERT INTO relazione_attributi ( ATTRIBUTO, DESCRIZIONE, DESCRIZIONE_AL1, DESCRIZIONE_AL2, OGGETTO, COLONNA) VALUES ('CAAF_ADD_REG_DIC','Codice per add. Regionale da 730',NULL,NULL,'CAAF','caaf.cod_reg_dic_db');
INSERT INTO relazione_attributi ( ATTRIBUTO, DESCRIZIONE, DESCRIZIONE_AL1, DESCRIZIONE_AL2, OGGETTO, COLONNA) VALUES ('_CAAF_ADD_REG_DIC','Codice per add. Regionale da 730',NULL,NULL,'CAAF','caaf.cod_reg_dic_db');
INSERT INTO relazione_attributi ( ATTRIBUTO, DESCRIZIONE, DESCRIZIONE_AL1, DESCRIZIONE_AL2, OGGETTO, COLONNA) VALUES ('CAAF_ADD_REG_CON','Codice per add. Regionale da 730',NULL,NULL,'CAAF','caaf.cod_reg_con_db');
INSERT INTO relazione_attributi ( ATTRIBUTO, DESCRIZIONE, DESCRIZIONE_AL1, DESCRIZIONE_AL2, OGGETTO, COLONNA) VALUES ('_CAAF_ADD_REG_CON','Codice per add. Regionale da 730',NULL,NULL,'CAAF','caaf.cod_reg_con_db');
INSERT INTO relazione_attributi ( ATTRIBUTO, DESCRIZIONE, DESCRIZIONE_AL1, DESCRIZIONE_AL2, OGGETTO, COLONNA) VALUES ('VACM.RIFERIMENTO','Riferimento della Voce',NULL,NULL,'VACM','nvl(VACM.riferimento,sysdate)');
INSERT INTO relazione_attributi ( ATTRIBUTO, DESCRIZIONE, DESCRIZIONE_AL1, DESCRIZIONE_AL2, OGGETTO, COLONNA) VALUES ('CDC_BIL','Codice del Centro di Costo per Bilancio',NULL,NULL,'CECO_BIL','CECO_BIL.codice');
INSERT INTO relazione_attributi ( ATTRIBUTO, DESCRIZIONE, DESCRIZIONE_AL1, DESCRIZIONE_AL2, OGGETTO, COLONNA) VALUES ('CDC_BIL_D','Descrizione del Centro di Costo per Bilancio',NULL,NULL,'CECO_BIL','CECO_BIL.descrizione');
INSERT INTO relazione_attributi ( ATTRIBUTO, DESCRIZIONE, DESCRIZIONE_AL1, DESCRIZIONE_AL2, OGGETTO, COLONNA) VALUES ('_CDC_BIL','Sequenza del Centro di Costo per Bilancio',NULL,NULL,'CECO_BIL','nvl(CECO_BIL.codice,''ZZZZZZZZ'')');
INSERT INTO relazione_attributi ( ATTRIBUTO, DESCRIZIONE, DESCRIZIONE_AL1, DESCRIZIONE_AL2, OGGETTO, COLONNA) VALUES ('VACM.ANNO','Anno della Voce',NULL,NULL,'VACM','VACM.anno');
INSERT INTO relazione_attributi ( ATTRIBUTO, DESCRIZIONE, DESCRIZIONE_AL1, DESCRIZIONE_AL2, OGGETTO, COLONNA) VALUES ('VACM.MESE','Mese della Voce',NULL,NULL,'VACM','VACM.mese');
INSERT INTO relazione_attributi ( ATTRIBUTO, DESCRIZIONE, DESCRIZIONE_AL1, DESCRIZIONE_AL2, OGGETTO, COLONNA) VALUES ('DATA_NAS','Codice Data di Nascita dell''individuo',NULL,NULL,'ANAG','to_char(ANAG.data_nas,''dd/mm/yyyy'')');
INSERT INTO relazione_attributi ( ATTRIBUTO, DESCRIZIONE, DESCRIZIONE_AL1, DESCRIZIONE_AL2, OGGETTO, COLONNA) VALUES ('DATA_NAS_D','Descrizione Data di Nascita dell''individuo',NULL,NULL,'ANAG','to_char(ANAG.data_nas,''dd/mm/yyyy'')');
INSERT INTO relazione_attributi ( ATTRIBUTO, DESCRIZIONE, DESCRIZIONE_AL1, DESCRIZIONE_AL2, OGGETTO, COLONNA) VALUES ('FIGURA','Codice della Figura Retributiva',NULL,NULL,'FIGI','FIGI.numero');
INSERT INTO relazione_attributi ( ATTRIBUTO, DESCRIZIONE, DESCRIZIONE_AL1, DESCRIZIONE_AL2, OGGETTO, COLONNA) VALUES ('FIGURA_D','Descrizione della Figura Retributiva',NULL,NULL,'FIGI','FIGI.descrizione');
INSERT INTO relazione_attributi ( ATTRIBUTO, DESCRIZIONE, DESCRIZIONE_AL1, DESCRIZIONE_AL2, OGGETTO, COLONNA) VALUES ('_FIGURA','Sequenza di esposizione della Figura',NULL,NULL,'FIGI','FIGI.codice');
INSERT INTO relazione_attributi ( ATTRIBUTO, DESCRIZIONE, DESCRIZIONE_AL1, DESCRIZIONE_AL2, OGGETTO, COLONNA) VALUES ('ANNO_NAS','Codice Anno di Nascita dell''individuo',NULL,NULL,'ANAG','to_char(ANAG.data_nas,''yyyy'')');
INSERT INTO relazione_attributi ( ATTRIBUTO, DESCRIZIONE, DESCRIZIONE_AL1, DESCRIZIONE_AL2, OGGETTO, COLONNA) VALUES ('ANNO_NAS_D','Descrizione Anno di Nascita dell''individuo',NULL,NULL,'ANAG','to_char(ANAG.data_nas,''yyyy'')');
INSERT INTO relazione_attributi ( ATTRIBUTO, DESCRIZIONE, DESCRIZIONE_AL1, DESCRIZIONE_AL2, OGGETTO, COLONNA) VALUES ('_ANNO_NAS','Sequenza di esposizione Anno di Nascita dell''individuo',NULL,NULL,'ANAG','to_char(ANAG.data_nas,''yyyy'')');
INSERT INTO relazione_attributi ( ATTRIBUTO, DESCRIZIONE, DESCRIZIONE_AL1, DESCRIZIONE_AL2, OGGETTO, COLONNA) VALUES ('DAL','Data di inizio decorrenza dei periodi_giuridici',NULL,NULL,'PEGI','PEGI.dal');
INSERT INTO relazione_attributi ( ATTRIBUTO, DESCRIZIONE, DESCRIZIONE_AL1, DESCRIZIONE_AL2, OGGETTO, COLONNA) VALUES ('AL','Data di fine decorrenza dei periodi_giuridici',NULL,NULL,'PEGI','pegi.al');
INSERT INTO relazione_attributi ( ATTRIBUTO, DESCRIZIONE, DESCRIZIONE_AL1, DESCRIZIONE_AL2, OGGETTO, COLONNA) VALUES ('PROVVEDIMENTO','Provvedimento relativo ai periodi giuridici',NULL,NULL,'PEGI','pegi.sede_del||''-''||pegi.numero_del||''/''||pegi.anno_del');
INSERT INTO relazione_attributi ( ATTRIBUTO, DESCRIZIONE, DESCRIZIONE_AL1, DESCRIZIONE_AL2, OGGETTO, COLONNA) VALUES ('QUALIFICA_PEGI','Codice della Qualifica Retributiva',NULL,NULL,'QUGI_PEGI','QUGI_PEGI.codice');
INSERT INTO relazione_attributi ( ATTRIBUTO, DESCRIZIONE, DESCRIZIONE_AL1, DESCRIZIONE_AL2, OGGETTO, COLONNA) VALUES ('ANNO.RIRE','Anno di riferimento economico',NULL,NULL,'RIRE','RIRE.anno');
INSERT INTO relazione_attributi ( ATTRIBUTO, DESCRIZIONE, DESCRIZIONE_AL1, DESCRIZIONE_AL2, OGGETTO, COLONNA) VALUES ('MESE.RIRE','Mese di riferimento economico',NULL,NULL,'RIRE','RIRE.mese');
INSERT INTO relazione_attributi ( ATTRIBUTO, DESCRIZIONE, DESCRIZIONE_AL1, DESCRIZIONE_AL2, OGGETTO, COLONNA) VALUES ('VACM.05S','Valore contabile mensile 05',NULL,NULL,'VACM','sum(decode(VACM.colonna,''05'',VACM.valore,null))');
INSERT INTO relazione_attributi ( ATTRIBUTO, DESCRIZIONE, DESCRIZIONE_AL1, DESCRIZIONE_AL2, OGGETTO, COLONNA) VALUES ('VACM.06S','Valore contabile mensile 06',NULL,NULL,'VACM','sum(decode(VACM.colonna,''06'',VACM.valore,null))');
INSERT INTO relazione_attributi ( ATTRIBUTO, DESCRIZIONE, DESCRIZIONE_AL1, DESCRIZIONE_AL2, OGGETTO, COLONNA) VALUES ('VACM.07S','Valore contabile mensile 07',NULL,NULL,'VACM','sum(decode(VACM.colonna,''07'',VACM.valore,null))');
INSERT INTO relazione_attributi ( ATTRIBUTO, DESCRIZIONE, DESCRIZIONE_AL1, DESCRIZIONE_AL2, OGGETTO, COLONNA) VALUES ('VACM.08S','Valore contabile mensile 08',NULL,NULL,'VACM','sum(decode(VACM.colonna,''08'',VACM.valore,null))');
INSERT INTO relazione_attributi ( ATTRIBUTO, DESCRIZIONE, DESCRIZIONE_AL1, DESCRIZIONE_AL2, OGGETTO, COLONNA) VALUES ('VACM.09S','Valore contabile mensile 09',NULL,NULL,'VACM','sum(decode(VACM.colonna,''09'',VACM.valore,null))');
INSERT INTO relazione_attributi ( ATTRIBUTO, DESCRIZIONE, DESCRIZIONE_AL1, DESCRIZIONE_AL2, OGGETTO, COLONNA) VALUES ('VACM.10S','Valore contabile mensile 10',NULL,NULL,'VACM','sum(decode(VACM.colonna,''10'',VACM.valore,null))');
INSERT INTO relazione_attributi ( ATTRIBUTO, DESCRIZIONE, DESCRIZIONE_AL1, DESCRIZIONE_AL2, OGGETTO, COLONNA) VALUES ('VACM.11S','Valore contabile mensile 11',NULL,NULL,'VACM','sum(decode(VACM.colonna,''11'',VACM.valore,null))');
INSERT INTO relazione_attributi ( ATTRIBUTO, DESCRIZIONE, DESCRIZIONE_AL1, DESCRIZIONE_AL2, OGGETTO, COLONNA) VALUES ('VACM.12S','Valore contabile mensile 12',NULL,NULL,'VACM','sum(decode(VACM.colonna,''12'',VACM.valore,null))');
INSERT INTO relazione_attributi ( ATTRIBUTO, DESCRIZIONE, DESCRIZIONE_AL1, DESCRIZIONE_AL2, OGGETTO, COLONNA) VALUES ('VACM.13S','Valore contabile mensile 13',NULL,NULL,'VACM','sum(decode(VACM.colonna,''13'',VACM.valore,null))');
INSERT INTO relazione_attributi ( ATTRIBUTO, DESCRIZIONE, DESCRIZIONE_AL1, DESCRIZIONE_AL2, OGGETTO, COLONNA) VALUES ('VACM.14S','Valore contabile mensile 14',NULL,NULL,'VACM','sum(decode(VACM.colonna,''14'',VACM.valore,null))');
INSERT INTO relazione_attributi ( ATTRIBUTO, DESCRIZIONE, DESCRIZIONE_AL1, DESCRIZIONE_AL2, OGGETTO, COLONNA) VALUES ('TRATTAMENTO_RARE','Trattamento Previdenziale per Giuridico',NULL,NULL,'RARE','RARE.trattamento');
INSERT INTO relazione_attributi ( ATTRIBUTO, DESCRIZIONE, DESCRIZIONE_AL1, DESCRIZIONE_AL2, OGGETTO, COLONNA) VALUES ('VACM.01S1000','Valore contabile mensile 01',NULL,NULL,'VACM','decode(greatest(1000,abs(sum(decode(VACM.colonna,''01'',VACM.valore,null)))),1000,0,sum(decode(VACM.colonna,''01'',VACM.valore,null)))');
INSERT INTO relazione_attributi ( ATTRIBUTO, DESCRIZIONE, DESCRIZIONE_AL1, DESCRIZIONE_AL2, OGGETTO, COLONNA) VALUES ('TRATTAMENTO_PERE','Trattamento Previdenziale per Economico',NULL,NULL,'PERE','PERE.trattamento');
INSERT INTO relazione_attributi ( ATTRIBUTO, DESCRIZIONE, DESCRIZIONE_AL1, DESCRIZIONE_AL2, OGGETTO, COLONNA) VALUES ('TRATTAMENTO_D','Trattamento Previdenziale',NULL,NULL,'TRPR','TRPR.descrizione');
INSERT INTO relazione_attributi ( ATTRIBUTO, DESCRIZIONE, DESCRIZIONE_AL1, DESCRIZIONE_AL2, OGGETTO, COLONNA) VALUES ('_TRATTAMENTO','Sequenza di Esposizione',NULL,NULL,'TRPR','TRPR.sequenza');
INSERT INTO relazione_attributi ( ATTRIBUTO, DESCRIZIONE, DESCRIZIONE_AL1, DESCRIZIONE_AL2, OGGETTO, COLONNA) VALUES ('PERE.ORE','Ore dei Periodi Retributivi',NULL,NULL,'PERE','nvl(PERE.ore,36)');
INSERT INTO relazione_attributi ( ATTRIBUTO, DESCRIZIONE, DESCRIZIONE_AL1, DESCRIZIONE_AL2, OGGETTO, COLONNA) VALUES ('TIPO_RAPPORTO','Tipo di Rapporto',NULL,NULL,'RAGI','RAGI.tipo_rapporto');
INSERT INTO relazione_attributi ( ATTRIBUTO, DESCRIZIONE, DESCRIZIONE_AL1, DESCRIZIONE_AL2, OGGETTO, COLONNA) VALUES ('RAIN.DAL','Data di Inizio del Rapporto Individuale',NULL,NULL,'RAIN','RAIN.dal');
INSERT INTO relazione_attributi ( ATTRIBUTO, DESCRIZIONE, DESCRIZIONE_AL1, DESCRIZIONE_AL2, OGGETTO, COLONNA) VALUES ('TITOLO_STUDIO','Titolo di Studio',NULL,NULL,'TIST','tist.codice');
INSERT INTO relazione_attributi ( ATTRIBUTO, DESCRIZIONE, DESCRIZIONE_AL1, DESCRIZIONE_AL2, OGGETTO, COLONNA) VALUES ('REGIONE_RES_ST','Codice Regione del Comune di Residenza Storico',NULL,NULL,'REGI_RESST','decode(PROV_RESST.provincia,21,''2100'',22,''2200'',to_char(REGI_RESST.Regione))');
INSERT INTO relazione_attributi ( ATTRIBUTO, DESCRIZIONE, DESCRIZIONE_AL1, DESCRIZIONE_AL2, OGGETTO, COLONNA) VALUES ('REGIONE_RES_D_ST','Descrizione Regione del Comune di Residenza Storica',NULL,NULL,'REGI_RESST','decode(PROV_RESST.provincia,21,''Prov.Autonoma BOLZANO'',22,''Prov.Autonoma TRENTO'',REGI_RESST.denominazione)');
INSERT INTO relazione_attributi ( ATTRIBUTO, DESCRIZIONE, DESCRIZIONE_AL1, DESCRIZIONE_AL2, OGGETTO, COLONNA) VALUES ('_REGIONE_RES_ST','Sequenza esposizione della Regione del Comune di Residenza O',NULL,NULL,'REGI_RESST','nvl(REGI_RESST.denominazione,''ZZ'')');
INSERT INTO relazione_attributi ( ATTRIBUTO, DESCRIZIONE, DESCRIZIONE_AL1, DESCRIZIONE_AL2, OGGETTO, COLONNA) VALUES ('DAL_P','Data di inizio decorrenza dei periodi_giuridici',NULL,NULL,'PEGI_P','to_char(pegi_p.dal,''dd/mm/yyyy'')');
INSERT INTO relazione_attributi ( ATTRIBUTO, DESCRIZIONE, DESCRIZIONE_AL1, DESCRIZIONE_AL2, OGGETTO, COLONNA) VALUES ('AL_P','Data di fine decorrenza dei periodi_giuridici',NULL,NULL,'PEGI_P','to_char(pegi_p.al,''dd/mm/yyyy'')');
INSERT INTO relazione_attributi ( ATTRIBUTO, DESCRIZIONE, DESCRIZIONE_AL1, DESCRIZIONE_AL2, OGGETTO, COLONNA) VALUES ('VARE.IMPEGNO','Impegno in Variabili Retributive',NULL,NULL,'VARE','VARE.impegno');
INSERT INTO relazione_attributi ( ATTRIBUTO, DESCRIZIONE, DESCRIZIONE_AL1, DESCRIZIONE_AL2, OGGETTO, COLONNA) VALUES ('VARE.RIS_INT','Risorsa / Intervento in Variabili Retributive',NULL,NULL,'VARE','VARE.risorsa_intervento');
INSERT INTO relazione_attributi ( ATTRIBUTO, DESCRIZIONE, DESCRIZIONE_AL1, DESCRIZIONE_AL2, OGGETTO, COLONNA) VALUES ('VARE.ANNO_IMPEGNO','Impegno in Variabili Retributive',NULL,NULL,'VARE','VARE.anno_impegno');
INSERT INTO relazione_attributi ( ATTRIBUTO, DESCRIZIONE, DESCRIZIONE_AL1, DESCRIZIONE_AL2, OGGETTO, COLONNA) VALUES ('VARE.ANNO_SUB_IMP','Impegno in Variabili Retributive',NULL,NULL,'VARE','VARE.anno_sub_impegno');
INSERT INTO relazione_attributi ( ATTRIBUTO, DESCRIZIONE, DESCRIZIONE_AL1, DESCRIZIONE_AL2, OGGETTO, COLONNA) VALUES ('VARE.SUB_IMPEGNO','Impegno in Variabili Retributive',NULL,NULL,'VARE','VARE.sub_impegno');
INSERT INTO relazione_attributi ( ATTRIBUTO, DESCRIZIONE, DESCRIZIONE_AL1, DESCRIZIONE_AL2, OGGETTO, COLONNA) VALUES ('REIN.CONTO','Conto o capitolo delle retribuzioni inail',NULL,NULL,'REIN','REIN.CAPITOLO||''/''||REIN.ARTICOLO||''-''||REIN.CONTO');
INSERT INTO relazione_attributi ( ATTRIBUTO, DESCRIZIONE, DESCRIZIONE_AL1, DESCRIZIONE_AL2, OGGETTO, COLONNA) VALUES ('REIN.CI','Codice Individuale',NULL,NULL,'REIN','REIN.CI');
INSERT INTO relazione_attributi ( ATTRIBUTO, DESCRIZIONE, DESCRIZIONE_AL1, DESCRIZIONE_AL2, OGGETTO, COLONNA) VALUES ('REIN.ANNO','Anno di retribuzione INAIL',NULL,NULL,'REIN','REIN.anno');
INSERT INTO relazione_attributi ( ATTRIBUTO, DESCRIZIONE, DESCRIZIONE_AL1, DESCRIZIONE_AL2, OGGETTO, COLONNA) VALUES ('REIN.GESTIONE','Codice di Gestione dell''ente',NULL,NULL,'REIN','REIN.GESTIONE');
INSERT INTO relazione_attributi ( ATTRIBUTO, DESCRIZIONE, DESCRIZIONE_AL1, DESCRIZIONE_AL2, OGGETTO, COLONNA) VALUES ('REIN.POSIZIONE_INAIL','Posizione INAIL',NULL,NULL,'REIN','REIN.POSIZIONE_INAIL');
INSERT INTO relazione_attributi ( ATTRIBUTO, DESCRIZIONE, DESCRIZIONE_AL1, DESCRIZIONE_AL2, OGGETTO, COLONNA) VALUES ('REIN.ESENZIONE','Esenzione INAIL',NULL,NULL,'REIN','REIN.ESENZIONE');
INSERT INTO relazione_attributi ( ATTRIBUTO, DESCRIZIONE, DESCRIZIONE_AL1, DESCRIZIONE_AL2, OGGETTO, COLONNA) VALUES ('REIN.CDC','Centro di Costo',NULL,NULL,'REIN','REIN.CDC');
INSERT INTO relazione_attributi ( ATTRIBUTO, DESCRIZIONE, DESCRIZIONE_AL1, DESCRIZIONE_AL2, OGGETTO, COLONNA) VALUES ('REIN.TIPO_IPN','Tipo di retribuzione INAIL',NULL,NULL,'REIN','REIN.TIPO_IPN');
INSERT INTO relazione_attributi ( ATTRIBUTO, DESCRIZIONE, DESCRIZIONE_AL1, DESCRIZIONE_AL2, OGGETTO, COLONNA) VALUES ('REIN.IMPONIBILE','Retribuzione INAIL',NULL,NULL,'REIN','REIN.IMPONIBILE');
INSERT INTO relazione_attributi ( ATTRIBUTO, DESCRIZIONE, DESCRIZIONE_AL1, DESCRIZIONE_AL2, OGGETTO, COLONNA) VALUES ('REIN.PREMIO','Premio INAIL',NULL,NULL,'REIN','REIN.PREMIO');
INSERT INTO relazione_attributi ( ATTRIBUTO, DESCRIZIONE, DESCRIZIONE_AL1, DESCRIZIONE_AL2, OGGETTO, COLONNA) VALUES ('REIN.RUOLO','Ruolo',NULL,NULL,'REIN','REIN.RUOLO');
INSERT INTO relazione_attributi ( ATTRIBUTO, DESCRIZIONE, DESCRIZIONE_AL1, DESCRIZIONE_AL2, OGGETTO, COLONNA) VALUES ('REIN.FUNZIONALE','Funzionale',NULL,NULL,'REIN','REIN.FUNZIONALE');
INSERT INTO relazione_attributi ( ATTRIBUTO, DESCRIZIONE, DESCRIZIONE_AL1, DESCRIZIONE_AL2, OGGETTO, COLONNA) VALUES ('CODICE_SIOPE','Codice Siope',NULL,NULL,'VARE','VARE.CODICE_SIOPE');
INSERT INTO relazione_attributi ( ATTRIBUTO, DESCRIZIONE, DESCRIZIONE_AL1, DESCRIZIONE_AL2, OGGETTO, COLONNA) VALUES ('CDC_REIN','Codice del Centro di Costo',NULL,NULL,'CECO_REIN','CECO_REIN.codice');
INSERT INTO relazione_attributi ( ATTRIBUTO, DESCRIZIONE, DESCRIZIONE_AL1, DESCRIZIONE_AL2, OGGETTO, COLONNA) VALUES ('CDC_D_REIN','Descrizione del Centro di Costo',NULL,NULL,'CECO_REIN','CECO_REIN.descrizione');
INSERT INTO relazione_attributi ( ATTRIBUTO, DESCRIZIONE, DESCRIZIONE_AL1, DESCRIZIONE_AL2, OGGETTO, COLONNA) VALUES ('_CDC_REIN','Sequenza del Centro di Costo',NULL,NULL,'CECO_REIN','nvl(CECO_REIN.codice,''ZZZZZZZZ'')');
INSERT INTO relazione_attributi ( ATTRIBUTO, DESCRIZIONE, DESCRIZIONE_AL1, DESCRIZIONE_AL2, OGGETTO, COLONNA) VALUES ('REIN.CONTO_F','Conto delle retribuzioni inai per contabilita finanziarial',NULL,NULL,'REIN','REIN.RISORSA_INTERVENTO||''.''||REIN.CAPITOLO||''/''||REIN.ARTICOLO||''-''||REIN.CONTO||'' ''||REIN.IMPEGNO||''/''||REIN.ANNO_IMPEGNO||'' ''||REIN.SUB_IMPEGNO||''/''||REIN.ANNO_SUB_IMPEGNO||'' ''||REIN.CODICE_SIOPE');
INSERT INTO relazione_attributi ( ATTRIBUTO, DESCRIZIONE, DESCRIZIONE_AL1, DESCRIZIONE_AL2, OGGETTO, COLONNA) VALUES ('_PRONTA_CASSA','Sequenza di esposizione del tipo di accredito',NULL,NULL,'ISCR','decode(nvl(ISCR.pronta_cassa,''NO''),''NO'',1,2)');
INSERT INTO relazione_attributi ( ATTRIBUTO, DESCRIZIONE, DESCRIZIONE_AL1, DESCRIZIONE_AL2, OGGETTO, COLONNA) VALUES ('PRONTA_CASSA','Tipo di accredito',NULL,NULL,'ISCR','ISCR.pronta_cassa');
INSERT INTO relazione_attributi ( ATTRIBUTO, DESCRIZIONE, DESCRIZIONE_AL1, DESCRIZIONE_AL2, OGGETTO, COLONNA) VALUES ('PRONTA_CASSA_D','Descrizione del tipo di accredito',NULL,NULL,'ISCR','decode( nvl(ISCR.pronta_cassa,''NO''), ''NO'', ''Accredito in c/c'', ''Pronta Cassa'')');
INSERT INTO relazione_attributi ( ATTRIBUTO, DESCRIZIONE, DESCRIZIONE_AL1, DESCRIZIONE_AL2, OGGETTO, COLONNA) VALUES ('INAIL_REIN','Codice identificativo della Posizione INAIL',NULL,NULL,'ASIN_REIN','ASIN_REIN.codice');
INSERT INTO relazione_attributi ( ATTRIBUTO, DESCRIZIONE, DESCRIZIONE_AL1, DESCRIZIONE_AL2, OGGETTO, COLONNA) VALUES ('INAIL_REIN_D','Descrizione della Posizione INAIL',NULL,NULL,'ASIN_REIN','ASIN_REIN.descrizione');
INSERT INTO relazione_attributi ( ATTRIBUTO, DESCRIZIONE, DESCRIZIONE_AL1, DESCRIZIONE_AL2, OGGETTO, COLONNA) VALUES ('_INAIL_REIN','Sequenza di esposizione della Posizione INAIL',NULL,NULL,'ASIN_REIN','nvl(to_char(ASIN_REIN.sequenza),''999999'')');

WHENEVER SQLERROR EXIT

ALTER TABLE relazione_attributi ENABLE ALL TRIGGERS;


REM ============================================================
REM    Extract TABLE :   RELAZIONE_CHIAVI
REM ============================================================

WHENEVER SQLERROR EXIT

ALTER TABLE relazione_chiavi DISABLE ALL TRIGGERS;

WHENEVER SQLERROR CONTINUE

INSERT INTO relazione_chiavi ( CHIAVE, DESCRIZIONE, DESCRIZIONE_AL1, DESCRIZIONE_AL2, NOME, NOME_AL1, NOME_AL2) VALUES ('FUNZIONALE','Classificazione Funzionale di Servizio',NULL,NULL,'Class.Funz.le',NULL,NULL);
INSERT INTO relazione_chiavi ( CHIAVE, DESCRIZIONE, DESCRIZIONE_AL1, DESCRIZIONE_AL2, NOME, NOME_AL1, NOME_AL2) VALUES ('DI_RUOLO','Inquadramento di Ruolo o fuori Ruolo',NULL,NULL,'Di Ruolo',NULL,NULL);
INSERT INTO relazione_chiavi ( CHIAVE, DESCRIZIONE, DESCRIZIONE_AL1, DESCRIZIONE_AL2, NOME, NOME_AL1, NOME_AL2) VALUES ('RUOLO_SOCI','Ruolo Soci o non Soci',NULL,NULL,'Soci',NULL,NULL);
INSERT INTO relazione_chiavi ( CHIAVE, DESCRIZIONE, DESCRIZIONE_AL1, DESCRIZIONE_AL2, NOME, NOME_AL1, NOME_AL2) VALUES ('ALFAEREDE','Ordinamento alfabetico su individui ed eredi',NULL,NULL,'Erede',NULL,NULL);
INSERT INTO relazione_chiavi ( CHIAVE, DESCRIZIONE, DESCRIZIONE_AL1, DESCRIZIONE_AL2, NOME, NOME_AL1, NOME_AL2) VALUES ('ATTIVITA','Area di Attivita o Disciplina',NULL,NULL,'Attivita`',NULL,NULL);
INSERT INTO relazione_chiavi ( CHIAVE, DESCRIZIONE, DESCRIZIONE_AL1, DESCRIZIONE_AL2, NOME, NOME_AL1, NOME_AL2) VALUES ('CC_INPS','Codice Contribuzione INPS',NULL,NULL,'CC_INPS',NULL,NULL);
INSERT INTO relazione_chiavi ( CHIAVE, DESCRIZIONE, DESCRIZIONE_AL1, DESCRIZIONE_AL2, NOME, NOME_AL1, NOME_AL2) VALUES ('SINDACATO','Sindacato di appartenenza',NULL,NULL,'Sindacato',NULL,NULL);
INSERT INTO relazione_chiavi ( CHIAVE, DESCRIZIONE, DESCRIZIONE_AL1, DESCRIZIONE_AL2, NOME, NOME_AL1, NOME_AL2) VALUES ('POSIZIONE','Posizione Giuridica',NULL,NULL,'Posizione',NULL,NULL);
INSERT INTO relazione_chiavi ( CHIAVE, DESCRIZIONE, DESCRIZIONE_AL1, DESCRIZIONE_AL2, NOME, NOME_AL1, NOME_AL2) VALUES ('ALFABETICO_ST','Ordinamento alfabetico storico',NULL,NULL,'Nominativo',NULL,NULL);
INSERT INTO relazione_chiavi ( CHIAVE, DESCRIZIONE, DESCRIZIONE_AL1, DESCRIZIONE_AL2, NOME, NOME_AL1, NOME_AL2) VALUES ('SPORTELLO','Sportello di accredito dell''individuo',NULL,NULL,'Sportello',NULL,NULL);
INSERT INTO relazione_chiavi ( CHIAVE, DESCRIZIONE, DESCRIZIONE_AL1, DESCRIZIONE_AL2, NOME, NOME_AL1, NOME_AL2) VALUES ('RAPPORTO','Classe di Rapporto con l''ente',NULL,NULL,'Rapporto',NULL,NULL);
INSERT INTO relazione_chiavi ( CHIAVE, DESCRIZIONE, DESCRIZIONE_AL1, DESCRIZIONE_AL2, NOME, NOME_AL1, NOME_AL2) VALUES ('GRUPPO','Gruppo di Rapporto con l''ente',NULL,NULL,'Gruppo',NULL,NULL);
INSERT INTO relazione_chiavi ( CHIAVE, DESCRIZIONE, DESCRIZIONE_AL1, DESCRIZIONE_AL2, NOME, NOME_AL1, NOME_AL2) VALUES ('CONTRATTO','Contratto di lavoro',NULL,NULL,'Contratto',NULL,NULL);
INSERT INTO relazione_chiavi ( CHIAVE, DESCRIZIONE, DESCRIZIONE_AL1, DESCRIZIONE_AL2, NOME, NOME_AL1, NOME_AL2) VALUES ('QUALIFICA','Qualifica retributiva',NULL,NULL,'Qualifica',NULL,NULL);
INSERT INTO relazione_chiavi ( CHIAVE, DESCRIZIONE, DESCRIZIONE_AL1, DESCRIZIONE_AL2, NOME, NOME_AL1, NOME_AL2) VALUES ('ALFABETICO','Ordinamento alfabetico',NULL,NULL,'Nominativo',NULL,NULL);
INSERT INTO relazione_chiavi ( CHIAVE, DESCRIZIONE, DESCRIZIONE_AL1, DESCRIZIONE_AL2, NOME, NOME_AL1, NOME_AL2) VALUES ('MATRICOLA','Matricola Libro Paga',NULL,NULL,'Matricola',NULL,NULL);
INSERT INTO relazione_chiavi ( CHIAVE, DESCRIZIONE, DESCRIZIONE_AL1, DESCRIZIONE_AL2, NOME, NOME_AL1, NOME_AL2) VALUES ('NULLA','-',NULL,NULL,NULL,NULL,NULL);
INSERT INTO relazione_chiavi ( CHIAVE, DESCRIZIONE, DESCRIZIONE_AL1, DESCRIZIONE_AL2, NOME, NOME_AL1, NOME_AL2) VALUES ('ENTE','Totalizzazione per Ente',NULL,NULL,'Ente',NULL,NULL);
INSERT INTO relazione_chiavi ( CHIAVE, DESCRIZIONE, DESCRIZIONE_AL1, DESCRIZIONE_AL2, NOME, NOME_AL1, NOME_AL2) VALUES ('SESSO','Ordinamento per Maschi e Femmine',NULL,NULL,'Sesso',NULL,NULL);
INSERT INTO relazione_chiavi ( CHIAVE, DESCRIZIONE, DESCRIZIONE_AL1, DESCRIZIONE_AL2, NOME, NOME_AL1, NOME_AL2) VALUES ('QUA_INPS','Codice Qualifica INPS',NULL,NULL,'Qual.INPS',NULL,NULL);
INSERT INTO relazione_chiavi ( CHIAVE, DESCRIZIONE, DESCRIZIONE_AL1, DESCRIZIONE_AL2, NOME, NOME_AL1, NOME_AL2) VALUES ('STATISTICO1','Primo Codice Statistico individuale',NULL,NULL,'Stat.1',NULL,NULL);
INSERT INTO relazione_chiavi ( CHIAVE, DESCRIZIONE, DESCRIZIONE_AL1, DESCRIZIONE_AL2, NOME, NOME_AL1, NOME_AL2) VALUES ('STATISTICO2','Secondo Codice Statistico individuale',NULL,NULL,'Stat.2',NULL,NULL);
INSERT INTO relazione_chiavi ( CHIAVE, DESCRIZIONE, DESCRIZIONE_AL1, DESCRIZIONE_AL2, NOME, NOME_AL1, NOME_AL2) VALUES ('STATISTICO3','Terzo Codice Statistico individuale',NULL,NULL,'Stat.3',NULL,NULL);
INSERT INTO relazione_chiavi ( CHIAVE, DESCRIZIONE, DESCRIZIONE_AL1, DESCRIZIONE_AL2, NOME, NOME_AL1, NOME_AL2) VALUES ('LIVELLO','Livello retributivo',NULL,NULL,'Livello',NULL,NULL);
INSERT INTO relazione_chiavi ( CHIAVE, DESCRIZIONE, DESCRIZIONE_AL1, DESCRIZIONE_AL2, NOME, NOME_AL1, NOME_AL2) VALUES ('ISTITUTO','Istituto di accredito all''individuo',NULL,NULL,'Istituto',NULL,NULL);
INSERT INTO relazione_chiavi ( CHIAVE, DESCRIZIONE, DESCRIZIONE_AL1, DESCRIZIONE_AL2, NOME, NOME_AL1, NOME_AL2) VALUES ('SEDE_1C','Sede fisica di assegnazione',NULL,NULL,'Sede',NULL,NULL);
INSERT INTO relazione_chiavi ( CHIAVE, DESCRIZIONE, DESCRIZIONE_AL1, DESCRIZIONE_AL2, NOME, NOME_AL1, NOME_AL2) VALUES ('SEDE_3C','Area nell''ambito della Sede fisica di assegnazione',NULL,NULL,'Area',NULL,NULL);
INSERT INTO relazione_chiavi ( CHIAVE, DESCRIZIONE, DESCRIZIONE_AL1, DESCRIZIONE_AL2, NOME, NOME_AL1, NOME_AL2) VALUES ('SEDE_4C','Ripartizione nell''ambito dell''area di assegnazione',NULL,NULL,'Ripartizione',NULL,NULL);
INSERT INTO relazione_chiavi ( CHIAVE, DESCRIZIONE, DESCRIZIONE_AL1, DESCRIZIONE_AL2, NOME, NOME_AL1, NOME_AL2) VALUES ('FASCIA','Fascia di Gestione',NULL,NULL,'Fascia',NULL,NULL);
INSERT INTO relazione_chiavi ( CHIAVE, DESCRIZIONE, DESCRIZIONE_AL1, DESCRIZIONE_AL2, NOME, NOME_AL1, NOME_AL2) VALUES ('GEST_BIL','Classificazione Funzionale per Bilancio',NULL,NULL,'Bilancio',NULL,NULL);
INSERT INTO relazione_chiavi ( CHIAVE, DESCRIZIONE, DESCRIZIONE_AL1, DESCRIZIONE_AL2, NOME, NOME_AL1, NOME_AL2) VALUES ('CDC','Centro di Costo di imputazione',NULL,NULL,'C.d.C.',NULL,NULL);
INSERT INTO relazione_chiavi ( CHIAVE, DESCRIZIONE, DESCRIZIONE_AL1, DESCRIZIONE_AL2, NOME, NOME_AL1, NOME_AL2) VALUES ('COMUNE','Ordinamento per Comune',NULL,NULL,'Comune',NULL,NULL);
INSERT INTO relazione_chiavi ( CHIAVE, DESCRIZIONE, DESCRIZIONE_AL1, DESCRIZIONE_AL2, NOME, NOME_AL1, NOME_AL2) VALUES ('PROVINCIA','Ordinamento per Provincia del Comune',NULL,NULL,'Provincia',NULL,NULL);
INSERT INTO relazione_chiavi ( CHIAVE, DESCRIZIONE, DESCRIZIONE_AL1, DESCRIZIONE_AL2, NOME, NOME_AL1, NOME_AL2) VALUES ('SETTOREC','Suddivisione Settoriale di assegnazione "C"',NULL,NULL,'Sudd.Settoriale C',NULL,NULL);
INSERT INTO relazione_chiavi ( CHIAVE, DESCRIZIONE, DESCRIZIONE_AL1, DESCRIZIONE_AL2, NOME, NOME_AL1, NOME_AL2) VALUES ('REGIONE','Ordinamento per Regione del Comune di Residenza',NULL,NULL,'Regione',NULL,NULL);
INSERT INTO relazione_chiavi ( CHIAVE, DESCRIZIONE, DESCRIZIONE_AL1, DESCRIZIONE_AL2, NOME, NOME_AL1, NOME_AL2) VALUES ('GESTIONE_INPS','Gestione INPS',NULL,NULL,'Gestione',NULL,NULL);
INSERT INTO relazione_chiavi ( CHIAVE, DESCRIZIONE, DESCRIZIONE_AL1, DESCRIZIONE_AL2, NOME, NOME_AL1, NOME_AL2) VALUES ('QUALIFICA_MT','Qualifica Ministeriale',NULL,NULL,'Qualifica',NULL,NULL);
INSERT INTO relazione_chiavi ( CHIAVE, DESCRIZIONE, DESCRIZIONE_AL1, DESCRIZIONE_AL2, NOME, NOME_AL1, NOME_AL2) VALUES ('GESTIONE_N','Gestione dell''ente senza intestazione stampa',NULL,NULL,'Gestione',NULL,NULL);
INSERT INTO relazione_chiavi ( CHIAVE, DESCRIZIONE, DESCRIZIONE_AL1, DESCRIZIONE_AL2, NOME, NOME_AL1, NOME_AL2) VALUES ('SETTOREA','Suddivisione Settoriale di assegnazione "A"',NULL,NULL,'Sudd.Settoriale A',NULL,NULL);
INSERT INTO relazione_chiavi ( CHIAVE, DESCRIZIONE, DESCRIZIONE_AL1, DESCRIZIONE_AL2, NOME, NOME_AL1, NOME_AL2) VALUES ('SETTOREB','Suddivisione Settoriale di assegnazione "B"',NULL,NULL,'Sudd.Settoriale B',NULL,NULL);
INSERT INTO relazione_chiavi ( CHIAVE, DESCRIZIONE, DESCRIZIONE_AL1, DESCRIZIONE_AL2, NOME, NOME_AL1, NOME_AL2) VALUES ('SETTORE','Suddivisione Settoriale di assegnazione',NULL,NULL,'Sudd.Settoriale',NULL,NULL);
INSERT INTO relazione_chiavi ( CHIAVE, DESCRIZIONE, DESCRIZIONE_AL1, DESCRIZIONE_AL2, NOME, NOME_AL1, NOME_AL2) VALUES ('GESTIONE','Gestione dell''ente',NULL,NULL,'Gestione',NULL,NULL);
INSERT INTO relazione_chiavi ( CHIAVE, DESCRIZIONE, DESCRIZIONE_AL1, DESCRIZIONE_AL2, NOME, NOME_AL1, NOME_AL2) VALUES ('RUOLO','Ruolo di Bilancio o Servizio',NULL,NULL,'Ruolo',NULL,NULL);
INSERT INTO relazione_chiavi ( CHIAVE, DESCRIZIONE, DESCRIZIONE_AL1, DESCRIZIONE_AL2, NOME, NOME_AL1, NOME_AL2) VALUES ('SEDE','Sede fisica di assegnazione',NULL,NULL,'Sede',NULL,NULL);
INSERT INTO relazione_chiavi ( CHIAVE, DESCRIZIONE, DESCRIZIONE_AL1, DESCRIZIONE_AL2, NOME, NOME_AL1, NOME_AL2) VALUES ('INAIL','Posizione INAIL',NULL,NULL,'I.N.A.I.L.',NULL,NULL);
INSERT INTO relazione_chiavi ( CHIAVE, DESCRIZIONE, DESCRIZIONE_AL1, DESCRIZIONE_AL2, NOME, NOME_AL1, NOME_AL2) VALUES ('BANCA','Banca di appoggio dell''ente',NULL,NULL,'Banca',NULL,NULL);
INSERT INTO relazione_chiavi ( CHIAVE, DESCRIZIONE, DESCRIZIONE_AL1, DESCRIZIONE_AL2, NOME, NOME_AL1, NOME_AL2) VALUES ('COD_REG_DIC','Cod. regione per add. IRPEF da 730 (dichiarante)',NULL,NULL,NULL,NULL,NULL);
INSERT INTO relazione_chiavi ( CHIAVE, DESCRIZIONE, DESCRIZIONE_AL1, DESCRIZIONE_AL2, NOME, NOME_AL1, NOME_AL2) VALUES ('COD_REG_CON','Cod. regione per add. IRPEF da 730 (coniuge)',NULL,NULL,NULL,NULL,NULL);
INSERT INTO relazione_chiavi ( CHIAVE, DESCRIZIONE, DESCRIZIONE_AL1, DESCRIZIONE_AL2, NOME, NOME_AL1, NOME_AL2) VALUES ('COMUNE_RES','Ordinamento per Comune di residenza',NULL,NULL,'Comune di Residenza',NULL,NULL);
INSERT INTO relazione_chiavi ( CHIAVE, DESCRIZIONE, DESCRIZIONE_AL1, DESCRIZIONE_AL2, NOME, NOME_AL1, NOME_AL2) VALUES ('CDC_BIL','Centro di Costo di imputazione per Bilancio',NULL,NULL,'C.d.C.',NULL,NULL);
INSERT INTO relazione_chiavi ( CHIAVE, DESCRIZIONE, DESCRIZIONE_AL1, DESCRIZIONE_AL2, NOME, NOME_AL1, NOME_AL2) VALUES ('DATA_NAS','Data di Nascita Dell''Individuo',NULL,NULL,'Data di Nascita',NULL,NULL);
INSERT INTO relazione_chiavi ( CHIAVE, DESCRIZIONE, DESCRIZIONE_AL1, DESCRIZIONE_AL2, NOME, NOME_AL1, NOME_AL2) VALUES ('FIGURA','Figura Giuridica Dell''Individuo',NULL,NULL,'Figura',NULL,NULL);
INSERT INTO relazione_chiavi ( CHIAVE, DESCRIZIONE, DESCRIZIONE_AL1, DESCRIZIONE_AL2, NOME, NOME_AL1, NOME_AL2) VALUES ('ANNO_NAS','Anno di Nascita Dell''Individuo',NULL,NULL,'Anno di Nascita',NULL,NULL);
INSERT INTO relazione_chiavi ( CHIAVE, DESCRIZIONE, DESCRIZIONE_AL1, DESCRIZIONE_AL2, NOME, NOME_AL1, NOME_AL2) VALUES ('TRATTAMENTO_RARE','Trattamento Previdenziale per Giuridico',NULL,NULL,'TRATTAMENTO_RARE',NULL,NULL);
INSERT INTO relazione_chiavi ( CHIAVE, DESCRIZIONE, DESCRIZIONE_AL1, DESCRIZIONE_AL2, NOME, NOME_AL1, NOME_AL2) VALUES ('TRATTAMENTO_PERE','Trattamento Previdenziale per Economico',NULL,NULL,'TRATTAMENTO_PERE',NULL,NULL);
INSERT INTO relazione_chiavi ( CHIAVE, DESCRIZIONE, DESCRIZIONE_AL1, DESCRIZIONE_AL2, NOME, NOME_AL1, NOME_AL2) VALUES ('PERE.ORE','Ore dei Periodi Retributivi',NULL,NULL,'ORE',NULL,NULL);
INSERT INTO relazione_chiavi ( CHIAVE, DESCRIZIONE, DESCRIZIONE_AL1, DESCRIZIONE_AL2, NOME, NOME_AL1, NOME_AL2) VALUES ('TIPO_RAPPORTO','Tipo Rapporto',NULL,NULL,'Tipo Rapporto',NULL,NULL);
INSERT INTO relazione_chiavi ( CHIAVE, DESCRIZIONE, DESCRIZIONE_AL1, DESCRIZIONE_AL2, NOME, NOME_AL1, NOME_AL2) VALUES ('REGIONE_ST','Ordinamento per Regione del Comune di Residenza',NULL,NULL,'Regione Storica',NULL,NULL);
INSERT INTO relazione_chiavi ( CHIAVE, DESCRIZIONE, DESCRIZIONE_AL1, DESCRIZIONE_AL2, NOME, NOME_AL1, NOME_AL2) VALUES ('CONTO_INAIL','Conto di contabilita per retribuzioni INAIL',NULL,NULL,'Conto inail',NULL,NULL);
INSERT INTO relazione_chiavi ( CHIAVE, DESCRIZIONE, DESCRIZIONE_AL1, DESCRIZIONE_AL2, NOME, NOME_AL1, NOME_AL2) VALUES ('CDC_REIN','Centro di Costo di imputazione',NULL,NULL,'C.d.C.',NULL,NULL);
INSERT INTO relazione_chiavi ( CHIAVE, DESCRIZIONE, DESCRIZIONE_AL1, DESCRIZIONE_AL2, NOME, NOME_AL1, NOME_AL2) VALUES ('PRONTA_CASSA','Tipo di Accredito',NULL,NULL,'Pronta Cassa',NULL,NULL);
INSERT INTO relazione_chiavi ( CHIAVE, DESCRIZIONE, DESCRIZIONE_AL1, DESCRIZIONE_AL2, NOME, NOME_AL1, NOME_AL2) VALUES ('INAIL_REIN','Posizione INAIL ( per Autoliquidazione )',NULL,NULL,'I.N.A.I.L.',NULL,NULL);

WHENEVER SQLERROR EXIT

ALTER TABLE relazione_chiavi ENABLE ALL TRIGGERS;


REM ============================================================
REM    Extract TABLE :   RELAZIONE_CHIAVI_ESTRAZIONE
REM ============================================================

WHENEVER SQLERROR EXIT

ALTER TABLE relazione_chiavi_estrazione DISABLE ALL TRIGGERS;

WHENEVER SQLERROR CONTINUE

INSERT INTO relazione_chiavi_estrazione ( ESTRAZIONE, SEQUENZA, CHIAVE) VALUES ('RIEPILOGO_CP',4,'NULLA');
INSERT INTO relazione_chiavi_estrazione ( ESTRAZIONE, SEQUENZA, CHIAVE) VALUES ('RIEPILOGO_CP',5,'NULLA');
INSERT INTO relazione_chiavi_estrazione ( ESTRAZIONE, SEQUENZA, CHIAVE) VALUES ('RIEPILOGO_CP',6,'NULLA');
INSERT INTO relazione_chiavi_estrazione ( ESTRAZIONE, SEQUENZA, CHIAVE) VALUES ('LISTA_INAIL',1,'GESTIONE');
INSERT INTO relazione_chiavi_estrazione ( ESTRAZIONE, SEQUENZA, CHIAVE) VALUES ('LISTA_INAIL',2,'INAIL');
INSERT INTO relazione_chiavi_estrazione ( ESTRAZIONE, SEQUENZA, CHIAVE) VALUES ('LISTA_INAIL',3,'NULLA');
INSERT INTO relazione_chiavi_estrazione ( ESTRAZIONE, SEQUENZA, CHIAVE) VALUES ('LISTA_INAIL',4,'NULLA');
INSERT INTO relazione_chiavi_estrazione ( ESTRAZIONE, SEQUENZA, CHIAVE) VALUES ('LISTA_INAIL',5,'ALFABETICO');
INSERT INTO relazione_chiavi_estrazione ( ESTRAZIONE, SEQUENZA, CHIAVE) VALUES ('LISTA_INAIL',6,'NULLA');
INSERT INTO relazione_chiavi_estrazione ( ESTRAZIONE, SEQUENZA, CHIAVE) VALUES ('LISTA_SETT',1,'GESTIONE');
INSERT INTO relazione_chiavi_estrazione ( ESTRAZIONE, SEQUENZA, CHIAVE) VALUES ('LISTA_SETT',2,'FIGURA');
INSERT INTO relazione_chiavi_estrazione ( ESTRAZIONE, SEQUENZA, CHIAVE) VALUES ('LISTA_SETT',3,'NULLA');
INSERT INTO relazione_chiavi_estrazione ( ESTRAZIONE, SEQUENZA, CHIAVE) VALUES ('LISTA_SETT',4,'NULLA');
INSERT INTO relazione_chiavi_estrazione ( ESTRAZIONE, SEQUENZA, CHIAVE) VALUES ('LISTA_SETT',5,'ALFABETICO');
INSERT INTO relazione_chiavi_estrazione ( ESTRAZIONE, SEQUENZA, CHIAVE) VALUES ('LISTA_SETT',6,'NULLA');
INSERT INTO relazione_chiavi_estrazione ( ESTRAZIONE, SEQUENZA, CHIAVE) VALUES ('RIEPILOGO_CP',1,'GESTIONE');
INSERT INTO relazione_chiavi_estrazione ( ESTRAZIONE, SEQUENZA, CHIAVE) VALUES ('RIEPILOGO_CP',2,'NULLA');
INSERT INTO relazione_chiavi_estrazione ( ESTRAZIONE, SEQUENZA, CHIAVE) VALUES ('RIEPILOGO_CP',3,'NULLA');
INSERT INTO relazione_chiavi_estrazione ( ESTRAZIONE, SEQUENZA, CHIAVE) VALUES ('LIQUIDAZIONE',5,'NULLA');
INSERT INTO relazione_chiavi_estrazione ( ESTRAZIONE, SEQUENZA, CHIAVE) VALUES ('LIQUIDAZIONE',4,'NULLA');
INSERT INTO relazione_chiavi_estrazione ( ESTRAZIONE, SEQUENZA, CHIAVE) VALUES ('LIQUIDAZIONE',3,'NULLA');
INSERT INTO relazione_chiavi_estrazione ( ESTRAZIONE, SEQUENZA, CHIAVE) VALUES ('LIQUIDAZIONE',2,'NULLA');
INSERT INTO relazione_chiavi_estrazione ( ESTRAZIONE, SEQUENZA, CHIAVE) VALUES ('LIQUIDAZIONE',1,'GESTIONE');
INSERT INTO relazione_chiavi_estrazione ( ESTRAZIONE, SEQUENZA, CHIAVE) VALUES ('FISCALE_ANNO',3,'NULLA');
INSERT INTO relazione_chiavi_estrazione ( ESTRAZIONE, SEQUENZA, CHIAVE) VALUES ('FISCALE_ANNO',2,'NULLA');
INSERT INTO relazione_chiavi_estrazione ( ESTRAZIONE, SEQUENZA, CHIAVE) VALUES ('FISCALE_ANNO',1,'GESTIONE');
INSERT INTO relazione_chiavi_estrazione ( ESTRAZIONE, SEQUENZA, CHIAVE) VALUES ('ESTRAZIONE_MENSILE',6,'NULLA');
INSERT INTO relazione_chiavi_estrazione ( ESTRAZIONE, SEQUENZA, CHIAVE) VALUES ('ESTRAZIONE_MENSILE',5,'ALFABETICO');
INSERT INTO relazione_chiavi_estrazione ( ESTRAZIONE, SEQUENZA, CHIAVE) VALUES ('ESTRAZIONE_MENSILE',4,'NULLA');
INSERT INTO relazione_chiavi_estrazione ( ESTRAZIONE, SEQUENZA, CHIAVE) VALUES ('ESTRAZIONE_MENSILE',3,'NULLA');
INSERT INTO relazione_chiavi_estrazione ( ESTRAZIONE, SEQUENZA, CHIAVE) VALUES ('ESTRAZIONE_MENSILE',2,'NULLA');
INSERT INTO relazione_chiavi_estrazione ( ESTRAZIONE, SEQUENZA, CHIAVE) VALUES ('ESTRAZIONE_MENSILE',1,'GESTIONE');
INSERT INTO relazione_chiavi_estrazione ( ESTRAZIONE, SEQUENZA, CHIAVE) VALUES ('ESTRAZIONE_ANNUALE',6,'NULLA');
INSERT INTO relazione_chiavi_estrazione ( ESTRAZIONE, SEQUENZA, CHIAVE) VALUES ('ESTRAZIONE_ANNUALE',4,'NULLA');
INSERT INTO relazione_chiavi_estrazione ( ESTRAZIONE, SEQUENZA, CHIAVE) VALUES ('ESTRAZIONE_ANNUALE',2,'NULLA');
INSERT INTO relazione_chiavi_estrazione ( ESTRAZIONE, SEQUENZA, CHIAVE) VALUES ('ESTRAZIONE_ANNUALE',1,'ENTE');
INSERT INTO relazione_chiavi_estrazione ( ESTRAZIONE, SEQUENZA, CHIAVE) VALUES ('TOTALI',4,'NULLA');
INSERT INTO relazione_chiavi_estrazione ( ESTRAZIONE, SEQUENZA, CHIAVE) VALUES ('TOTALI',3,'NULLA');
INSERT INTO relazione_chiavi_estrazione ( ESTRAZIONE, SEQUENZA, CHIAVE) VALUES ('TOTALI',2,'GESTIONE');
INSERT INTO relazione_chiavi_estrazione ( ESTRAZIONE, SEQUENZA, CHIAVE) VALUES ('TOTALI',1,'ENTE');
INSERT INTO relazione_chiavi_estrazione ( ESTRAZIONE, SEQUENZA, CHIAVE) VALUES ('TFR',6,'NULLA');
INSERT INTO relazione_chiavi_estrazione ( ESTRAZIONE, SEQUENZA, CHIAVE) VALUES ('TFR',5,'ALFABETICO');
INSERT INTO relazione_chiavi_estrazione ( ESTRAZIONE, SEQUENZA, CHIAVE) VALUES ('TFR',4,'LIVELLO');
INSERT INTO relazione_chiavi_estrazione ( ESTRAZIONE, SEQUENZA, CHIAVE) VALUES ('TFR',3,'CONTRATTO');
INSERT INTO relazione_chiavi_estrazione ( ESTRAZIONE, SEQUENZA, CHIAVE) VALUES ('TFR',2,'GESTIONE');
INSERT INTO relazione_chiavi_estrazione ( ESTRAZIONE, SEQUENZA, CHIAVE) VALUES ('TFR',1,'ENTE');
INSERT INTO relazione_chiavi_estrazione ( ESTRAZIONE, SEQUENZA, CHIAVE) VALUES ('FISCALE',6,'NULLA');
INSERT INTO relazione_chiavi_estrazione ( ESTRAZIONE, SEQUENZA, CHIAVE) VALUES ('FISCALE',5,'ALFABETICO');
INSERT INTO relazione_chiavi_estrazione ( ESTRAZIONE, SEQUENZA, CHIAVE) VALUES ('FISCALE',4,'NULLA');
INSERT INTO relazione_chiavi_estrazione ( ESTRAZIONE, SEQUENZA, CHIAVE) VALUES ('FISCALE',3,'NULLA');
INSERT INTO relazione_chiavi_estrazione ( ESTRAZIONE, SEQUENZA, CHIAVE) VALUES ('FISCALE',2,'NULLA');
INSERT INTO relazione_chiavi_estrazione ( ESTRAZIONE, SEQUENZA, CHIAVE) VALUES ('FISCALE',1,'ENTE');
INSERT INTO relazione_chiavi_estrazione ( ESTRAZIONE, SEQUENZA, CHIAVE) VALUES ('RIEPILOGO_ANNO',4,'NULLA');
INSERT INTO relazione_chiavi_estrazione ( ESTRAZIONE, SEQUENZA, CHIAVE) VALUES ('RIEPILOGO_ANNO',2,'NULLA');
INSERT INTO relazione_chiavi_estrazione ( ESTRAZIONE, SEQUENZA, CHIAVE) VALUES ('CONTRIBUTI',1,'ENTE');
INSERT INTO relazione_chiavi_estrazione ( ESTRAZIONE, SEQUENZA, CHIAVE) VALUES ('CONTRIBUTI',2,'GESTIONE');
INSERT INTO relazione_chiavi_estrazione ( ESTRAZIONE, SEQUENZA, CHIAVE) VALUES ('RIEPILOGO',4,'RUOLO');
INSERT INTO relazione_chiavi_estrazione ( ESTRAZIONE, SEQUENZA, CHIAVE) VALUES ('RIEPILOGO',3,'FUNZIONALE');
INSERT INTO relazione_chiavi_estrazione ( ESTRAZIONE, SEQUENZA, CHIAVE) VALUES ('RIEPILOGO',2,'CONTRATTO');
INSERT INTO relazione_chiavi_estrazione ( ESTRAZIONE, SEQUENZA, CHIAVE) VALUES ('RIEPILOGO',1,'GESTIONE');
INSERT INTO relazione_chiavi_estrazione ( ESTRAZIONE, SEQUENZA, CHIAVE) VALUES ('CEDOLINO',6,'NULLA');
INSERT INTO relazione_chiavi_estrazione ( ESTRAZIONE, SEQUENZA, CHIAVE) VALUES ('CEDOLINO',5,'NULLA');
INSERT INTO relazione_chiavi_estrazione ( ESTRAZIONE, SEQUENZA, CHIAVE) VALUES ('CEDOLINO',4,'NULLA');
INSERT INTO relazione_chiavi_estrazione ( ESTRAZIONE, SEQUENZA, CHIAVE) VALUES ('CEDOLINO',3,'ALFABETICO');
INSERT INTO relazione_chiavi_estrazione ( ESTRAZIONE, SEQUENZA, CHIAVE) VALUES ('CEDOLINO',2,'RUOLO');
INSERT INTO relazione_chiavi_estrazione ( ESTRAZIONE, SEQUENZA, CHIAVE) VALUES ('CEDOLINO',1,'GESTIONE');
INSERT INTO relazione_chiavi_estrazione ( ESTRAZIONE, SEQUENZA, CHIAVE) VALUES ('CEDOLINO_ANNO',6,'NULLA');
INSERT INTO relazione_chiavi_estrazione ( ESTRAZIONE, SEQUENZA, CHIAVE) VALUES ('CEDOLINO_ANNO',4,'NULLA');
INSERT INTO relazione_chiavi_estrazione ( ESTRAZIONE, SEQUENZA, CHIAVE) VALUES ('CEDOLINO_ANNO',3,'NULLA');
INSERT INTO relazione_chiavi_estrazione ( ESTRAZIONE, SEQUENZA, CHIAVE) VALUES ('CEDOLINO_ANNO',1,'GESTIONE');
INSERT INTO relazione_chiavi_estrazione ( ESTRAZIONE, SEQUENZA, CHIAVE) VALUES ('LIQUIDAZIONE',6,'NULLA');
INSERT INTO relazione_chiavi_estrazione ( ESTRAZIONE, SEQUENZA, CHIAVE) VALUES ('ANAGRAFICI',6,'NULLA');
INSERT INTO relazione_chiavi_estrazione ( ESTRAZIONE, SEQUENZA, CHIAVE) VALUES ('ANAGRAFICI',5,'ALFABETICO');
INSERT INTO relazione_chiavi_estrazione ( ESTRAZIONE, SEQUENZA, CHIAVE) VALUES ('ANAGRAFICI',4,'NULLA');
INSERT INTO relazione_chiavi_estrazione ( ESTRAZIONE, SEQUENZA, CHIAVE) VALUES ('ANAGRAFICI',3,'NULLA');
INSERT INTO relazione_chiavi_estrazione ( ESTRAZIONE, SEQUENZA, CHIAVE) VALUES ('ANAGRAFICI',2,'NULLA');
INSERT INTO relazione_chiavi_estrazione ( ESTRAZIONE, SEQUENZA, CHIAVE) VALUES ('ANAGRAFICI',1,'GESTIONE');
INSERT INTO relazione_chiavi_estrazione ( ESTRAZIONE, SEQUENZA, CHIAVE) VALUES ('FINE_ANNO',6,'NULLA');
INSERT INTO relazione_chiavi_estrazione ( ESTRAZIONE, SEQUENZA, CHIAVE) VALUES ('CEDOLINO_ANNO',2,'ALFABETICO');
INSERT INTO relazione_chiavi_estrazione ( ESTRAZIONE, SEQUENZA, CHIAVE) VALUES ('ELENCO_DELIBERA',1,'GESTIONE');
INSERT INTO relazione_chiavi_estrazione ( ESTRAZIONE, SEQUENZA, CHIAVE) VALUES ('ELENCO_VOCI',6,'NULLA');
INSERT INTO relazione_chiavi_estrazione ( ESTRAZIONE, SEQUENZA, CHIAVE) VALUES ('ELENCO_VOCI',5,'ALFABETICO');
INSERT INTO relazione_chiavi_estrazione ( ESTRAZIONE, SEQUENZA, CHIAVE) VALUES ('ELENCO_VOCI',4,'NULLA');
INSERT INTO relazione_chiavi_estrazione ( ESTRAZIONE, SEQUENZA, CHIAVE) VALUES ('ELENCO_VOCI',3,'NULLA');
INSERT INTO relazione_chiavi_estrazione ( ESTRAZIONE, SEQUENZA, CHIAVE) VALUES ('ELENCO_VOCI',2,'NULLA');
INSERT INTO relazione_chiavi_estrazione ( ESTRAZIONE, SEQUENZA, CHIAVE) VALUES ('ELENCO_VOCI',1,'GESTIONE');
INSERT INTO relazione_chiavi_estrazione ( ESTRAZIONE, SEQUENZA, CHIAVE) VALUES ('ONERI',6,'NULLA');
INSERT INTO relazione_chiavi_estrazione ( ESTRAZIONE, SEQUENZA, CHIAVE) VALUES ('ONERI',5,'ALFABETICO');
INSERT INTO relazione_chiavi_estrazione ( ESTRAZIONE, SEQUENZA, CHIAVE) VALUES ('ONERI',4,'NULLA');
INSERT INTO relazione_chiavi_estrazione ( ESTRAZIONE, SEQUENZA, CHIAVE) VALUES ('ONERI',3,'NULLA');
INSERT INTO relazione_chiavi_estrazione ( ESTRAZIONE, SEQUENZA, CHIAVE) VALUES ('ONERI',2,'GESTIONE');
INSERT INTO relazione_chiavi_estrazione ( ESTRAZIONE, SEQUENZA, CHIAVE) VALUES ('ONERI',1,'ENTE');
INSERT INTO relazione_chiavi_estrazione ( ESTRAZIONE, SEQUENZA, CHIAVE) VALUES ('QUIETANZE',6,'NULLA');
INSERT INTO relazione_chiavi_estrazione ( ESTRAZIONE, SEQUENZA, CHIAVE) VALUES ('QUIETANZE',5,'ALFABETICO');
INSERT INTO relazione_chiavi_estrazione ( ESTRAZIONE, SEQUENZA, CHIAVE) VALUES ('QUIETANZE',4,'NULLA');
INSERT INTO relazione_chiavi_estrazione ( ESTRAZIONE, SEQUENZA, CHIAVE) VALUES ('QUIETANZE',3,'SPORTELLO');
INSERT INTO relazione_chiavi_estrazione ( ESTRAZIONE, SEQUENZA, CHIAVE) VALUES ('QUIETANZE',2,'ISTITUTO');
INSERT INTO relazione_chiavi_estrazione ( ESTRAZIONE, SEQUENZA, CHIAVE) VALUES ('QUIETANZE',1,'ENTE');
INSERT INTO relazione_chiavi_estrazione ( ESTRAZIONE, SEQUENZA, CHIAVE) VALUES ('DM10_S',1,'GESTIONE');
INSERT INTO relazione_chiavi_estrazione ( ESTRAZIONE, SEQUENZA, CHIAVE) VALUES ('DM10_S',2,'REGIONE');
INSERT INTO relazione_chiavi_estrazione ( ESTRAZIONE, SEQUENZA, CHIAVE) VALUES ('CEDOLINO_ANNO',5,'NULLA');
INSERT INTO relazione_chiavi_estrazione ( ESTRAZIONE, SEQUENZA, CHIAVE) VALUES ('RIEPILOGO_ANNO',1,'GRUPPO');
INSERT INTO relazione_chiavi_estrazione ( ESTRAZIONE, SEQUENZA, CHIAVE) VALUES ('RIEPILOGO_ANNO',3,'NULLA');
INSERT INTO relazione_chiavi_estrazione ( ESTRAZIONE, SEQUENZA, CHIAVE) VALUES ('ESTRAZIONE_ANNUALE',3,'NULLA');
INSERT INTO relazione_chiavi_estrazione ( ESTRAZIONE, SEQUENZA, CHIAVE) VALUES ('ESTRAZIONE_ANNUALE',5,'ALFABETICO');
INSERT INTO relazione_chiavi_estrazione ( ESTRAZIONE, SEQUENZA, CHIAVE) VALUES ('FISCALE_ANNO',4,'NULLA');
INSERT INTO relazione_chiavi_estrazione ( ESTRAZIONE, SEQUENZA, CHIAVE) VALUES ('FISCALE_ANNO',5,'ALFAEREDE');
INSERT INTO relazione_chiavi_estrazione ( ESTRAZIONE, SEQUENZA, CHIAVE) VALUES ('FISCALE_ANNO',6,'NULLA');
INSERT INTO relazione_chiavi_estrazione ( ESTRAZIONE, SEQUENZA, CHIAVE) VALUES ('ELENCO',1,'GESTIONE');
INSERT INTO relazione_chiavi_estrazione ( ESTRAZIONE, SEQUENZA, CHIAVE) VALUES ('ELENCO',2,'RAPPORTO');
INSERT INTO relazione_chiavi_estrazione ( ESTRAZIONE, SEQUENZA, CHIAVE) VALUES ('ELENCO',3,'NULLA');
INSERT INTO relazione_chiavi_estrazione ( ESTRAZIONE, SEQUENZA, CHIAVE) VALUES ('ELENCO',4,'NULLA');
INSERT INTO relazione_chiavi_estrazione ( ESTRAZIONE, SEQUENZA, CHIAVE) VALUES ('ELENCO',5,'ALFABETICO');
INSERT INTO relazione_chiavi_estrazione ( ESTRAZIONE, SEQUENZA, CHIAVE) VALUES ('ELENCO',6,'NULLA');
INSERT INTO relazione_chiavi_estrazione ( ESTRAZIONE, SEQUENZA, CHIAVE) VALUES ('DM10_S',3,'NULLA');
INSERT INTO relazione_chiavi_estrazione ( ESTRAZIONE, SEQUENZA, CHIAVE) VALUES ('DM10_S',4,'NULLA');
INSERT INTO relazione_chiavi_estrazione ( ESTRAZIONE, SEQUENZA, CHIAVE) VALUES ('DM10_S',5,'NULLA');
INSERT INTO relazione_chiavi_estrazione ( ESTRAZIONE, SEQUENZA, CHIAVE) VALUES ('DM10_S',6,'NULLA');
INSERT INTO relazione_chiavi_estrazione ( ESTRAZIONE, SEQUENZA, CHIAVE) VALUES ('LISTA_ANAGRAFICA',1,'GESTIONE');
INSERT INTO relazione_chiavi_estrazione ( ESTRAZIONE, SEQUENZA, CHIAVE) VALUES ('LISTA_ANAGRAFICA',2,'NULLA');
INSERT INTO relazione_chiavi_estrazione ( ESTRAZIONE, SEQUENZA, CHIAVE) VALUES ('LISTA_ANAGRAFICA',3,'NULLA');
INSERT INTO relazione_chiavi_estrazione ( ESTRAZIONE, SEQUENZA, CHIAVE) VALUES ('LISTA_ANAGRAFICA',4,'NULLA');
INSERT INTO relazione_chiavi_estrazione ( ESTRAZIONE, SEQUENZA, CHIAVE) VALUES ('LISTA_ANAGRAFICA',5,'ALFABETICO');
INSERT INTO relazione_chiavi_estrazione ( ESTRAZIONE, SEQUENZA, CHIAVE) VALUES ('LISTA_ANAGRAFICA',6,'NULLA');
INSERT INTO relazione_chiavi_estrazione ( ESTRAZIONE, SEQUENZA, CHIAVE) VALUES ('FINE_ANNO',5,'ALFABETICO');
INSERT INTO relazione_chiavi_estrazione ( ESTRAZIONE, SEQUENZA, CHIAVE) VALUES ('FINE_ANNO',4,'NULLA');
INSERT INTO relazione_chiavi_estrazione ( ESTRAZIONE, SEQUENZA, CHIAVE) VALUES ('FINE_ANNO',3,'NULLA');
INSERT INTO relazione_chiavi_estrazione ( ESTRAZIONE, SEQUENZA, CHIAVE) VALUES ('FINE_ANNO',2,'NULLA');
INSERT INTO relazione_chiavi_estrazione ( ESTRAZIONE, SEQUENZA, CHIAVE) VALUES ('FINE_ANNO',1,'GESTIONE');
INSERT INTO relazione_chiavi_estrazione ( ESTRAZIONE, SEQUENZA, CHIAVE) VALUES ('TOTALI_ANNO',4,'NULLA');
INSERT INTO relazione_chiavi_estrazione ( ESTRAZIONE, SEQUENZA, CHIAVE) VALUES ('TOTALI_ANNO',3,'NULLA');
INSERT INTO relazione_chiavi_estrazione ( ESTRAZIONE, SEQUENZA, CHIAVE) VALUES ('TOTALI_ANNO',2,'GESTIONE');
INSERT INTO relazione_chiavi_estrazione ( ESTRAZIONE, SEQUENZA, CHIAVE) VALUES ('TOTALI_ANNO',1,'ENTE');
INSERT INTO relazione_chiavi_estrazione ( ESTRAZIONE, SEQUENZA, CHIAVE) VALUES ('DEBITORIE',1,'GESTIONE');
INSERT INTO relazione_chiavi_estrazione ( ESTRAZIONE, SEQUENZA, CHIAVE) VALUES ('DEBITORIE',2,'NULLA');
INSERT INTO relazione_chiavi_estrazione ( ESTRAZIONE, SEQUENZA, CHIAVE) VALUES ('DEBITORIE',3,'ALFABETICO');
INSERT INTO relazione_chiavi_estrazione ( ESTRAZIONE, SEQUENZA, CHIAVE) VALUES ('DEBITORIE',4,'NULLA');
INSERT INTO relazione_chiavi_estrazione ( ESTRAZIONE, SEQUENZA, CHIAVE) VALUES ('SINDACALI',1,'ENTE');
INSERT INTO relazione_chiavi_estrazione ( ESTRAZIONE, SEQUENZA, CHIAVE) VALUES ('SINDACALI',2,'NULLA');
INSERT INTO relazione_chiavi_estrazione ( ESTRAZIONE, SEQUENZA, CHIAVE) VALUES ('SINDACALI',3,'ALFABETICO');
INSERT INTO relazione_chiavi_estrazione ( ESTRAZIONE, SEQUENZA, CHIAVE) VALUES ('SINDACALI',4,'NULLA');
INSERT INTO relazione_chiavi_estrazione ( ESTRAZIONE, SEQUENZA, CHIAVE) VALUES ('LISTA_CDC',1,'GESTIONE');
INSERT INTO relazione_chiavi_estrazione ( ESTRAZIONE, SEQUENZA, CHIAVE) VALUES ('LISTA_CDC',2,'CDC');
INSERT INTO relazione_chiavi_estrazione ( ESTRAZIONE, SEQUENZA, CHIAVE) VALUES ('LISTA_CDC',3,'NULLA');
INSERT INTO relazione_chiavi_estrazione ( ESTRAZIONE, SEQUENZA, CHIAVE) VALUES ('LISTA_CDC',4,'NULLA');
INSERT INTO relazione_chiavi_estrazione ( ESTRAZIONE, SEQUENZA, CHIAVE) VALUES ('LISTA_CDC',5,'ALFABETICO');
INSERT INTO relazione_chiavi_estrazione ( ESTRAZIONE, SEQUENZA, CHIAVE) VALUES ('LISTA_CDC',6,'NULLA');
INSERT INTO relazione_chiavi_estrazione ( ESTRAZIONE, SEQUENZA, CHIAVE) VALUES ('ELENCO_SSN',1,'GESTIONE');
INSERT INTO relazione_chiavi_estrazione ( ESTRAZIONE, SEQUENZA, CHIAVE) VALUES ('ELENCO_SSN',2,'SETTORE');
INSERT INTO relazione_chiavi_estrazione ( ESTRAZIONE, SEQUENZA, CHIAVE) VALUES ('ELENCO_SSN',3,'QUALIFICA');
INSERT INTO relazione_chiavi_estrazione ( ESTRAZIONE, SEQUENZA, CHIAVE) VALUES ('ELENCO_SSN',4,'REGIONE');
INSERT INTO relazione_chiavi_estrazione ( ESTRAZIONE, SEQUENZA, CHIAVE) VALUES ('ELENCO_SSN',5,'ALFABETICO');
INSERT INTO relazione_chiavi_estrazione ( ESTRAZIONE, SEQUENZA, CHIAVE) VALUES ('ELENCO_SSN',6,'NULLA');
INSERT INTO relazione_chiavi_estrazione ( ESTRAZIONE, SEQUENZA, CHIAVE) VALUES ('ESTR_STR',1,'GESTIONE');
INSERT INTO relazione_chiavi_estrazione ( ESTRAZIONE, SEQUENZA, CHIAVE) VALUES ('ESTR_STR',2,'CONTRATTO');
INSERT INTO relazione_chiavi_estrazione ( ESTRAZIONE, SEQUENZA, CHIAVE) VALUES ('ESTR_STR',3,'RUOLO');
INSERT INTO relazione_chiavi_estrazione ( ESTRAZIONE, SEQUENZA, CHIAVE) VALUES ('ESTR_STR',4,'NULLA');
INSERT INTO relazione_chiavi_estrazione ( ESTRAZIONE, SEQUENZA, CHIAVE) VALUES ('ESTR_STR',5,'NULLA');
INSERT INTO relazione_chiavi_estrazione ( ESTRAZIONE, SEQUENZA, CHIAVE) VALUES ('ESTR_STR',6,'NULLA');
INSERT INTO relazione_chiavi_estrazione ( ESTRAZIONE, SEQUENZA, CHIAVE) VALUES ('LISTA_ENPAM',1,'GESTIONE');
INSERT INTO relazione_chiavi_estrazione ( ESTRAZIONE, SEQUENZA, CHIAVE) VALUES ('LISTA_ENPAM',2,'NULLA');
INSERT INTO relazione_chiavi_estrazione ( ESTRAZIONE, SEQUENZA, CHIAVE) VALUES ('LISTA_ENPAM',3,'NULLA');
INSERT INTO relazione_chiavi_estrazione ( ESTRAZIONE, SEQUENZA, CHIAVE) VALUES ('LISTA_ENPAM',4,'NULLA');
INSERT INTO relazione_chiavi_estrazione ( ESTRAZIONE, SEQUENZA, CHIAVE) VALUES ('LISTA_ENPAM',5,'ALFABETICO');
INSERT INTO relazione_chiavi_estrazione ( ESTRAZIONE, SEQUENZA, CHIAVE) VALUES ('LISTA_ENPAM',6,'NULLA');
INSERT INTO relazione_chiavi_estrazione ( ESTRAZIONE, SEQUENZA, CHIAVE) VALUES ('770_ABIS',1,'GESTIONE');
INSERT INTO relazione_chiavi_estrazione ( ESTRAZIONE, SEQUENZA, CHIAVE) VALUES ('770_ABIS',2,'RUOLO');
INSERT INTO relazione_chiavi_estrazione ( ESTRAZIONE, SEQUENZA, CHIAVE) VALUES ('770_ABIS',3,'NULLA');
INSERT INTO relazione_chiavi_estrazione ( ESTRAZIONE, SEQUENZA, CHIAVE) VALUES ('770_ABIS',4,'NULLA');
INSERT INTO relazione_chiavi_estrazione ( ESTRAZIONE, SEQUENZA, CHIAVE) VALUES ('770_ABIS',5,'ALFABETICO');
INSERT INTO relazione_chiavi_estrazione ( ESTRAZIONE, SEQUENZA, CHIAVE) VALUES ('770_ABIS',6,'NULLA');
INSERT INTO relazione_chiavi_estrazione ( ESTRAZIONE, SEQUENZA, CHIAVE) VALUES ('ADDIZIONALE_IRPEF',1,'REGIONE');
INSERT INTO relazione_chiavi_estrazione ( ESTRAZIONE, SEQUENZA, CHIAVE) VALUES ('ADDIZIONALE_IRPEF',2,'NULLA');
INSERT INTO relazione_chiavi_estrazione ( ESTRAZIONE, SEQUENZA, CHIAVE) VALUES ('ADDIZIONALE_IRPEF',3,'NULLA');
INSERT INTO relazione_chiavi_estrazione ( ESTRAZIONE, SEQUENZA, CHIAVE) VALUES ('ADDIZIONALE_IRPEF',4,'NULLA');
INSERT INTO relazione_chiavi_estrazione ( ESTRAZIONE, SEQUENZA, CHIAVE) VALUES ('ADDIZIONALE_IRPEF',5,'ALFABETICO_ST');
INSERT INTO relazione_chiavi_estrazione ( ESTRAZIONE, SEQUENZA, CHIAVE) VALUES ('ADDIZIONALE_IRPEF',6,'NULLA');
INSERT INTO relazione_chiavi_estrazione ( ESTRAZIONE, SEQUENZA, CHIAVE) VALUES ('LISTA_MEDICI',1,'CONTRATTO');
INSERT INTO relazione_chiavi_estrazione ( ESTRAZIONE, SEQUENZA, CHIAVE) VALUES ('LISTA_MEDICI',2,'SEDE');
INSERT INTO relazione_chiavi_estrazione ( ESTRAZIONE, SEQUENZA, CHIAVE) VALUES ('LISTA_MEDICI',3,'QUALIFICA');
INSERT INTO relazione_chiavi_estrazione ( ESTRAZIONE, SEQUENZA, CHIAVE) VALUES ('LISTA_MEDICI',4,'NULLA');
INSERT INTO relazione_chiavi_estrazione ( ESTRAZIONE, SEQUENZA, CHIAVE) VALUES ('LISTA_MEDICI',5,'ALFABETICO');
INSERT INTO relazione_chiavi_estrazione ( ESTRAZIONE, SEQUENZA, CHIAVE) VALUES ('LISTA_MEDICI',6,'NULLA');
INSERT INTO relazione_chiavi_estrazione ( ESTRAZIONE, SEQUENZA, CHIAVE) VALUES ('LISTA_CASSAMALATTIA',1,'GESTIONE');
INSERT INTO relazione_chiavi_estrazione ( ESTRAZIONE, SEQUENZA, CHIAVE) VALUES ('LISTA_CASSAMALATTIA',2,'NULLA');
INSERT INTO relazione_chiavi_estrazione ( ESTRAZIONE, SEQUENZA, CHIAVE) VALUES ('LISTA_CASSAMALATTIA',3,'NULLA');
INSERT INTO relazione_chiavi_estrazione ( ESTRAZIONE, SEQUENZA, CHIAVE) VALUES ('LISTA_CASSAMALATTIA',4,'NULLA');
INSERT INTO relazione_chiavi_estrazione ( ESTRAZIONE, SEQUENZA, CHIAVE) VALUES ('LISTA_CASSAMALATTIA',5,'ALFABETICO');
INSERT INTO relazione_chiavi_estrazione ( ESTRAZIONE, SEQUENZA, CHIAVE) VALUES ('LISTA_CASSAMALATTIA',6,'NULLA');
INSERT INTO relazione_chiavi_estrazione ( ESTRAZIONE, SEQUENZA, CHIAVE) VALUES ('ELENCO_DELIBERA',2,'NULLA');
INSERT INTO relazione_chiavi_estrazione ( ESTRAZIONE, SEQUENZA, CHIAVE) VALUES ('ELENCO_DELIBERA',3,'NULLA');
INSERT INTO relazione_chiavi_estrazione ( ESTRAZIONE, SEQUENZA, CHIAVE) VALUES ('ELENCO_DELIBERA',4,'NULLA');
INSERT INTO relazione_chiavi_estrazione ( ESTRAZIONE, SEQUENZA, CHIAVE) VALUES ('ELENCO_DELIBERA',5,'ALFABETICO');
INSERT INTO relazione_chiavi_estrazione ( ESTRAZIONE, SEQUENZA, CHIAVE) VALUES ('ELENCO_DELIBERA',6,'NULLA');
INSERT INTO relazione_chiavi_estrazione ( ESTRAZIONE, SEQUENZA, CHIAVE) VALUES ('DENUNCIA_ENPAM',1,'NULLA');
INSERT INTO relazione_chiavi_estrazione ( ESTRAZIONE, SEQUENZA, CHIAVE) VALUES ('DENUNCIA_ENPAM',2,'NULLA');
INSERT INTO relazione_chiavi_estrazione ( ESTRAZIONE, SEQUENZA, CHIAVE) VALUES ('DENUNCIA_ENPAM',3,'NULLA');
INSERT INTO relazione_chiavi_estrazione ( ESTRAZIONE, SEQUENZA, CHIAVE) VALUES ('DENUNCIA_ENPAM',4,'NULLA');
INSERT INTO relazione_chiavi_estrazione ( ESTRAZIONE, SEQUENZA, CHIAVE) VALUES ('DENUNCIA_ENPAM',5,'ALFABETICO');
INSERT INTO relazione_chiavi_estrazione ( ESTRAZIONE, SEQUENZA, CHIAVE) VALUES ('DENUNCIA_ENPAM',6,'NULLA');
INSERT INTO relazione_chiavi_estrazione ( ESTRAZIONE, SEQUENZA, CHIAVE) VALUES ('ESTRAZIONE_GIAF',1,'ENTE');
INSERT INTO relazione_chiavi_estrazione ( ESTRAZIONE, SEQUENZA, CHIAVE) VALUES ('ESTRAZIONE_GIAF',2,'GESTIONE');
INSERT INTO relazione_chiavi_estrazione ( ESTRAZIONE, SEQUENZA, CHIAVE) VALUES ('ESTRAZIONE_GIAF',3,'FIGURA');
INSERT INTO relazione_chiavi_estrazione ( ESTRAZIONE, SEQUENZA, CHIAVE) VALUES ('ESTRAZIONE_GIAF',4,'NULLA');
INSERT INTO relazione_chiavi_estrazione ( ESTRAZIONE, SEQUENZA, CHIAVE) VALUES ('ESTRAZIONE_GIAF',5,'ALFABETICO');
INSERT INTO relazione_chiavi_estrazione ( ESTRAZIONE, SEQUENZA, CHIAVE) VALUES ('ESTRAZIONE_GIAF',6,'NULLA');
INSERT INTO relazione_chiavi_estrazione ( ESTRAZIONE, SEQUENZA, CHIAVE) VALUES ('ADDIZIONALE_COMUNALE',1,'COMUNE_RES');
INSERT INTO relazione_chiavi_estrazione ( ESTRAZIONE, SEQUENZA, CHIAVE) VALUES ('ADDIZIONALE_COMUNALE',2,'NULLA');
INSERT INTO relazione_chiavi_estrazione ( ESTRAZIONE, SEQUENZA, CHIAVE) VALUES ('ADDIZIONALE_COMUNALE',3,'NULLA');
INSERT INTO relazione_chiavi_estrazione ( ESTRAZIONE, SEQUENZA, CHIAVE) VALUES ('ADDIZIONALE_COMUNALE',4,'NULLA');
INSERT INTO relazione_chiavi_estrazione ( ESTRAZIONE, SEQUENZA, CHIAVE) VALUES ('ADDIZIONALE_COMUNALE',5,'ALFABETICO_ST');
INSERT INTO relazione_chiavi_estrazione ( ESTRAZIONE, SEQUENZA, CHIAVE) VALUES ('ADDIZIONALE_COMUNALE',6,'NULLA');
INSERT INTO relazione_chiavi_estrazione ( ESTRAZIONE, SEQUENZA, CHIAVE) VALUES ('VERIFICHE_CEDOLINO',1,'GESTIONE');
INSERT INTO relazione_chiavi_estrazione ( ESTRAZIONE, SEQUENZA, CHIAVE) VALUES ('VERIFICHE_CEDOLINO',2,'NULLA');
INSERT INTO relazione_chiavi_estrazione ( ESTRAZIONE, SEQUENZA, CHIAVE) VALUES ('VERIFICHE_CEDOLINO',3,'NULLA');
INSERT INTO relazione_chiavi_estrazione ( ESTRAZIONE, SEQUENZA, CHIAVE) VALUES ('VERIFICHE_CEDOLINO',4,'NULLA');
INSERT INTO relazione_chiavi_estrazione ( ESTRAZIONE, SEQUENZA, CHIAVE) VALUES ('VERIFICHE_CEDOLINO',5,'ALFABETICO');
INSERT INTO relazione_chiavi_estrazione ( ESTRAZIONE, SEQUENZA, CHIAVE) VALUES ('VERIFICHE_CEDOLINO',6,'NULLA');
INSERT INTO relazione_chiavi_estrazione ( ESTRAZIONE, SEQUENZA, CHIAVE) VALUES ('CONTRIBUTI',3,'NULLA');
INSERT INTO relazione_chiavi_estrazione ( ESTRAZIONE, SEQUENZA, CHIAVE) VALUES ('CONTRIBUTI',4,'NULLA');
INSERT INTO relazione_chiavi_estrazione ( ESTRAZIONE, SEQUENZA, CHIAVE) VALUES ('LIS_AUTOLIQUIDAZIONE',1,'GESTIONE');
INSERT INTO relazione_chiavi_estrazione ( ESTRAZIONE, SEQUENZA, CHIAVE) VALUES ('LIS_AUTOLIQUIDAZIONE',2,'NULLA');
INSERT INTO relazione_chiavi_estrazione ( ESTRAZIONE, SEQUENZA, CHIAVE) VALUES ('LIS_AUTOLIQUIDAZIONE',3,'NULLA');
INSERT INTO relazione_chiavi_estrazione ( ESTRAZIONE, SEQUENZA, CHIAVE) VALUES ('LIS_AUTOLIQUIDAZIONE',4,'NULLA');
INSERT INTO relazione_chiavi_estrazione ( ESTRAZIONE, SEQUENZA, CHIAVE) VALUES ('LIS_AUTOLIQUIDAZIONE',5,'ALFABETICO');
INSERT INTO relazione_chiavi_estrazione ( ESTRAZIONE, SEQUENZA, CHIAVE) VALUES ('LIS_AUTOLIQUIDAZIONE',6,'NULLA');
INSERT INTO relazione_chiavi_estrazione ( ESTRAZIONE, SEQUENZA, CHIAVE) VALUES ('QUADRATURA_INAIL',1,'GESTIONE');
INSERT INTO relazione_chiavi_estrazione ( ESTRAZIONE, SEQUENZA, CHIAVE) VALUES ('QUADRATURA_INAIL',2,'CONTO_INAIL');
INSERT INTO relazione_chiavi_estrazione ( ESTRAZIONE, SEQUENZA, CHIAVE) VALUES ('QUADRATURA_INAIL',3,'NULLA');
INSERT INTO relazione_chiavi_estrazione ( ESTRAZIONE, SEQUENZA, CHIAVE) VALUES ('QUADRATURA_INAIL',4,'NULLA');
INSERT INTO relazione_chiavi_estrazione ( ESTRAZIONE, SEQUENZA, CHIAVE) VALUES ('QUADRATURA_INAIL',5,'ALFABETICO');
INSERT INTO relazione_chiavi_estrazione ( ESTRAZIONE, SEQUENZA, CHIAVE) VALUES ('QUADRATURA_INAIL',6,'NULLA');
INSERT INTO relazione_chiavi_estrazione ( ESTRAZIONE, SEQUENZA, CHIAVE) VALUES ('ADD_IRPEF_2007',1,'ENTE');
INSERT INTO relazione_chiavi_estrazione ( ESTRAZIONE, SEQUENZA, CHIAVE) VALUES ('ADD_IRPEF_2007',2,'GESTIONE');
INSERT INTO relazione_chiavi_estrazione ( ESTRAZIONE, SEQUENZA, CHIAVE) VALUES ('ADD_IRPEF_2007',3,'NULLA');
INSERT INTO relazione_chiavi_estrazione ( ESTRAZIONE, SEQUENZA, CHIAVE) VALUES ('ADD_IRPEF_2007',4,'NULLA');
INSERT INTO relazione_chiavi_estrazione ( ESTRAZIONE, SEQUENZA, CHIAVE) VALUES ('ADD_IRPEF_2007',5,'ALFABETICO');
INSERT INTO relazione_chiavi_estrazione ( ESTRAZIONE, SEQUENZA, CHIAVE) VALUES ('ADD_IRPEF_2007',6,'NULLA');

WHENEVER SQLERROR EXIT

ALTER TABLE relazione_chiavi_estrazione ENABLE ALL TRIGGERS;


REM ============================================================
REM    Extract TABLE :   RELAZIONE_COND_ESTRAZIONE
REM ============================================================

WHENEVER SQLERROR EXIT

ALTER TABLE relazione_cond_estrazione DISABLE ALL TRIGGERS;

WHENEVER SQLERROR CONTINUE

INSERT INTO relazione_cond_estrazione ( ESTRAZIONE, OGGETTO, SEQUENZA, CONDIZIONE) VALUES ('TOTALI','PERE',1,'and PERE.competenza = ''A''');
INSERT INTO relazione_cond_estrazione ( ESTRAZIONE, OGGETTO, SEQUENZA, CONDIZIONE) VALUES ('LISTA_INAIL','RAIN',1,'and RAIN.al is null');
INSERT INTO relazione_cond_estrazione ( ESTRAZIONE, OGGETTO, SEQUENZA, CONDIZIONE) VALUES ('LISTA_INAIL','RIFA',2,'and exists');
INSERT INTO relazione_cond_estrazione ( ESTRAZIONE, OGGETTO, SEQUENZA, CONDIZIONE) VALUES ('LISTA_INAIL','RIFA',3,'   (select ''x''');
INSERT INTO relazione_cond_estrazione ( ESTRAZIONE, OGGETTO, SEQUENZA, CONDIZIONE) VALUES ('LISTA_INAIL','RIFA',4,'      from periodi_retributivi');
INSERT INTO relazione_cond_estrazione ( ESTRAZIONE, OGGETTO, SEQUENZA, CONDIZIONE) VALUES ('LISTA_INAIL','RIFA',5,'     where anno = RIFA.anno');
INSERT INTO relazione_cond_estrazione ( ESTRAZIONE, OGGETTO, SEQUENZA, CONDIZIONE) VALUES ('LISTA_INAIL','RIFA',6,'       and ci   = RAIN.ci');
INSERT INTO relazione_cond_estrazione ( ESTRAZIONE, OGGETTO, SEQUENZA, CONDIZIONE) VALUES ('LISTA_INAIL','RIFA',7,'   )');
INSERT INTO relazione_cond_estrazione ( ESTRAZIONE, OGGETTO, SEQUENZA, CONDIZIONE) VALUES ('LISTA_INAIL','RIFA',1,'and RIFA.rifa_id = ''RIFA''');
INSERT INTO relazione_cond_estrazione ( ESTRAZIONE, OGGETTO, SEQUENZA, CONDIZIONE) VALUES ('DM10_S','RAIN_ST',7,'               and dal > to_date( ''01''||to_char(PERE.anno)');
INSERT INTO relazione_cond_estrazione ( ESTRAZIONE, OGGETTO, SEQUENZA, CONDIZIONE) VALUES ('DM10_S','RAIN_ST',8,'                                , ''mmyyyy''');
INSERT INTO relazione_cond_estrazione ( ESTRAZIONE, OGGETTO, SEQUENZA, CONDIZIONE) VALUES ('DM10_S','RAIN_ST',9,'                                )');
INSERT INTO relazione_cond_estrazione ( ESTRAZIONE, OGGETTO, SEQUENZA, CONDIZIONE) VALUES ('DM10_S','RAIN_ST',10,'           )');
INSERT INTO relazione_cond_estrazione ( ESTRAZIONE, OGGETTO, SEQUENZA, CONDIZIONE) VALUES ('DM10_S','RAIN_ST',11,'        and not exists');
INSERT INTO relazione_cond_estrazione ( ESTRAZIONE, OGGETTO, SEQUENZA, CONDIZIONE) VALUES ('DM10_S','RAIN_ST',12,'           (select ''x''');
INSERT INTO relazione_cond_estrazione ( ESTRAZIONE, OGGETTO, SEQUENZA, CONDIZIONE) VALUES ('DM10_S','RAIN_ST',13,'              from anagrafici');
INSERT INTO relazione_cond_estrazione ( ESTRAZIONE, OGGETTO, SEQUENZA, CONDIZIONE) VALUES ('DM10_S','RAIN_ST',14,'             where ni = RAIN_ST.ni');
INSERT INTO relazione_cond_estrazione ( ESTRAZIONE, OGGETTO, SEQUENZA, CONDIZIONE) VALUES ('DM10_S','RAIN_ST',15,'              and to_date(''01''||to_char(PERE.anno),''mmyyyy'')');
INSERT INTO relazione_cond_estrazione ( ESTRAZIONE, OGGETTO, SEQUENZA, CONDIZIONE) VALUES ('DM10_S','RAIN_ST',16,'                 between dal');
INSERT INTO relazione_cond_estrazione ( ESTRAZIONE, OGGETTO, SEQUENZA, CONDIZIONE) VALUES ('DM10_S','RAIN_ST',17,'                     and nvl(al,to_date(''3333333'',''j''))');
INSERT INTO relazione_cond_estrazione ( ESTRAZIONE, OGGETTO, SEQUENZA, CONDIZIONE) VALUES ('DM10_S','RAIN_ST',18,'           ))');
INSERT INTO relazione_cond_estrazione ( ESTRAZIONE, OGGETTO, SEQUENZA, CONDIZIONE) VALUES ('DM10_S','RAIN_ST',19,'   )');
INSERT INTO relazione_cond_estrazione ( ESTRAZIONE, OGGETTO, SEQUENZA, CONDIZIONE) VALUES ('DM10_S','RAIN_ST',20,'and RAIN_ST.ci = PERE.ci');
INSERT INTO relazione_cond_estrazione ( ESTRAZIONE, OGGETTO, SEQUENZA, CONDIZIONE) VALUES ('ESTRAZIONE_MENSILE','VACM',1,'and VACM.estrazione = ''ESTRAZIONE_MENSILE''');
INSERT INTO relazione_cond_estrazione ( ESTRAZIONE, OGGETTO, SEQUENZA, CONDIZIONE) VALUES ('ESTRAZIONE_ANNUALE','VACA',1,'and VACA.estrazione = ''ESTRAZIONE_ANNUALE''');
INSERT INTO relazione_cond_estrazione ( ESTRAZIONE, OGGETTO, SEQUENZA, CONDIZIONE) VALUES ('ELENCO_DELIBERA','VARE',1,'and VARE.input in (''D'',''B'')');
INSERT INTO relazione_cond_estrazione ( ESTRAZIONE, OGGETTO, SEQUENZA, CONDIZIONE) VALUES ('ELENCO','PERE',1,'and PERE.competenza = ''A''');
INSERT INTO relazione_cond_estrazione ( ESTRAZIONE, OGGETTO, SEQUENZA, CONDIZIONE) VALUES ('DM10_S','VACM',1,'and VACM.estrazione = ''DM10_S''');
INSERT INTO relazione_cond_estrazione ( ESTRAZIONE, OGGETTO, SEQUENZA, CONDIZIONE) VALUES ('DM10_S','PERE',1,'and PERE.competenza = ''A''');
INSERT INTO relazione_cond_estrazione ( ESTRAZIONE, OGGETTO, SEQUENZA, CONDIZIONE) VALUES ('LISTA_ANAGRAFICA','RAIN',1,'and RAIN.al is null');
INSERT INTO relazione_cond_estrazione ( ESTRAZIONE, OGGETTO, SEQUENZA, CONDIZIONE) VALUES ('FISCALE','PERE',1,'and PERE.competenza = ''A''');
INSERT INTO relazione_cond_estrazione ( ESTRAZIONE, OGGETTO, SEQUENZA, CONDIZIONE) VALUES ('TFR','PERE',1,'and PERE.competenza = ''A''');
INSERT INTO relazione_cond_estrazione ( ESTRAZIONE, OGGETTO, SEQUENZA, CONDIZIONE) VALUES ('TOTALI_ANNO','PERE',1,'and PERE.competenza = ''A''');
INSERT INTO relazione_cond_estrazione ( ESTRAZIONE, OGGETTO, SEQUENZA, CONDIZIONE) VALUES ('ELENCO_DELIBERA','VARE',2,'and VARE.delibera is not null');
INSERT INTO relazione_cond_estrazione ( ESTRAZIONE, OGGETTO, SEQUENZA, CONDIZIONE) VALUES ('ELENCO_VOCI','PERE',1,'and PERE.competenza = ''A''');
INSERT INTO relazione_cond_estrazione ( ESTRAZIONE, OGGETTO, SEQUENZA, CONDIZIONE) VALUES ('ESTRAZIONE_ANNUALE','PERE',1,'and PERE.competenza = ''A''');
INSERT INTO relazione_cond_estrazione ( ESTRAZIONE, OGGETTO, SEQUENZA, CONDIZIONE) VALUES ('CEDOLINO','PERE',1,'and PERE.competenza = ''A''');
INSERT INTO relazione_cond_estrazione ( ESTRAZIONE, OGGETTO, SEQUENZA, CONDIZIONE) VALUES ('CEDOLINO_ANNO','PERE',1,'and PERE.competenza = ''A''');
INSERT INTO relazione_cond_estrazione ( ESTRAZIONE, OGGETTO, SEQUENZA, CONDIZIONE) VALUES ('CONTRIBUTI','PERE',1,'and PERE.competenza = ''A''');
INSERT INTO relazione_cond_estrazione ( ESTRAZIONE, OGGETTO, SEQUENZA, CONDIZIONE) VALUES ('ESTRAZIONE_MENSILE','PERE',1,'and PERE.competenza = ''A''');
INSERT INTO relazione_cond_estrazione ( ESTRAZIONE, OGGETTO, SEQUENZA, CONDIZIONE) VALUES ('ONERI','PERE',1,'and PERE.competenza = ''A''');
INSERT INTO relazione_cond_estrazione ( ESTRAZIONE, OGGETTO, SEQUENZA, CONDIZIONE) VALUES ('QUIETANZE','PERE',1,'and PERE.competenza = ''A''');
INSERT INTO relazione_cond_estrazione ( ESTRAZIONE, OGGETTO, SEQUENZA, CONDIZIONE) VALUES ('LIQUIDAZIONE','PERE',1,'and PERE.competenza = ''A''');
INSERT INTO relazione_cond_estrazione ( ESTRAZIONE, OGGETTO, SEQUENZA, CONDIZIONE) VALUES ('RIEPILOGO','PERE',1,'and PERE.competenza = ''A''');
INSERT INTO relazione_cond_estrazione ( ESTRAZIONE, OGGETTO, SEQUENZA, CONDIZIONE) VALUES ('RIEPILOGO_ANNO','PERE',1,'and PERE.competenza = ''A''');
INSERT INTO relazione_cond_estrazione ( ESTRAZIONE, OGGETTO, SEQUENZA, CONDIZIONE) VALUES ('DM10_S','RAIN_ST',1,'and(to_date(''01''||to_char(PERE.anno),''mmyyyy'')');
INSERT INTO relazione_cond_estrazione ( ESTRAZIONE, OGGETTO, SEQUENZA, CONDIZIONE) VALUES ('DM10_S','RAIN_ST',2,'    between ANAG.dal and nvl(ANAG.al,to_date(''3333333'',''j''))');
INSERT INTO relazione_cond_estrazione ( ESTRAZIONE, OGGETTO, SEQUENZA, CONDIZIONE) VALUES ('DM10_S','RAIN_ST',3,'    or (    ANAG.dal =');
INSERT INTO relazione_cond_estrazione ( ESTRAZIONE, OGGETTO, SEQUENZA, CONDIZIONE) VALUES ('DM10_S','RAIN_ST',4,'           (select min(dal)');
INSERT INTO relazione_cond_estrazione ( ESTRAZIONE, OGGETTO, SEQUENZA, CONDIZIONE) VALUES ('DM10_S','RAIN_ST',5,'              from anagrafici');
INSERT INTO relazione_cond_estrazione ( ESTRAZIONE, OGGETTO, SEQUENZA, CONDIZIONE) VALUES ('DM10_S','RAIN_ST',6,'             where ni = RAIN_ST.ni');
INSERT INTO relazione_cond_estrazione ( ESTRAZIONE, OGGETTO, SEQUENZA, CONDIZIONE) VALUES ('LISTA_SETT','RAIN',1,'and RAIN.al is null');
INSERT INTO relazione_cond_estrazione ( ESTRAZIONE, OGGETTO, SEQUENZA, CONDIZIONE) VALUES ('DM10_S','MENS',1,'and MENS.mese      = VACM.mese');
INSERT INTO relazione_cond_estrazione ( ESTRAZIONE, OGGETTO, SEQUENZA, CONDIZIONE) VALUES ('DM10_S','MENS',2,'and MENS.mensilita = VACM.mensilita');
INSERT INTO relazione_cond_estrazione ( ESTRAZIONE, OGGETTO, SEQUENZA, CONDIZIONE) VALUES ('SINDACALI','PERE',1,'and PERE.competenza = ''A''');
INSERT INTO relazione_cond_estrazione ( ESTRAZIONE, OGGETTO, SEQUENZA, CONDIZIONE) VALUES ('DEBITORIE','PERE',1,'and PERE.competenza = ''A''');
INSERT INTO relazione_cond_estrazione ( ESTRAZIONE, OGGETTO, SEQUENZA, CONDIZIONE) VALUES ('LISTA_CDC','RAIN',1,'and RAIN.al is null');
INSERT INTO relazione_cond_estrazione ( ESTRAZIONE, OGGETTO, SEQUENZA, CONDIZIONE) VALUES ('QUIETANZE','SOGG',1,'and SOGG.soggetto (+) = ISCR.soggetto');
INSERT INTO relazione_cond_estrazione ( ESTRAZIONE, OGGETTO, SEQUENZA, CONDIZIONE) VALUES ('ELENCO_SSN','PERE',1,'and PERE.competenza = ''A''');
INSERT INTO relazione_cond_estrazione ( ESTRAZIONE, OGGETTO, SEQUENZA, CONDIZIONE) VALUES ('ELENCO_SSN','VACM',1,'and VACM.estrazione = ''ELENCO_SSN''');
INSERT INTO relazione_cond_estrazione ( ESTRAZIONE, OGGETTO, SEQUENZA, CONDIZIONE) VALUES ('ESTR_STR','PERE',1,'and PERE.competenza = ''A''');
INSERT INTO relazione_cond_estrazione ( ESTRAZIONE, OGGETTO, SEQUENZA, CONDIZIONE) VALUES ('ESTR_STR','VACM',1,'and VACM.estrazione = ''ESTR_STR''');
INSERT INTO relazione_cond_estrazione ( ESTRAZIONE, OGGETTO, SEQUENZA, CONDIZIONE) VALUES ('LISTA_ENPAM','PERE',1,'and PERE.competenza = ''A''');
INSERT INTO relazione_cond_estrazione ( ESTRAZIONE, OGGETTO, SEQUENZA, CONDIZIONE) VALUES ('LISTA_ENPAM','VACM',1,'and VACM.estrazione = ''LISTA_ENPAM''');
INSERT INTO relazione_cond_estrazione ( ESTRAZIONE, OGGETTO, SEQUENZA, CONDIZIONE) VALUES ('LISTA_ENPAM','VACM',2,'and (VACM.anno,VACM.mese,VACM.mensilita) =');
INSERT INTO relazione_cond_estrazione ( ESTRAZIONE, OGGETTO, SEQUENZA, CONDIZIONE) VALUES ('LISTA_ENPAM','VACM',3,'  (select anno,mese,mensilita');
INSERT INTO relazione_cond_estrazione ( ESTRAZIONE, OGGETTO, SEQUENZA, CONDIZIONE) VALUES ('LISTA_ENPAM','VACM',4,'     from riferimento_retribuzione)');
INSERT INTO relazione_cond_estrazione ( ESTRAZIONE, OGGETTO, SEQUENZA, CONDIZIONE) VALUES ('ADDIZIONALE_IRPEF','RAIN_ST',1,'and( least( to_date(''3112''||to_char(PERE.anno),''ddmmyyyy'')');
INSERT INTO relazione_cond_estrazione ( ESTRAZIONE, OGGETTO, SEQUENZA, CONDIZIONE) VALUES ('ADDIZIONALE_IRPEF','RAIN_ST',2,'          , pere.periodo');
INSERT INTO relazione_cond_estrazione ( ESTRAZIONE, OGGETTO, SEQUENZA, CONDIZIONE) VALUES ('ADDIZIONALE_IRPEF','RAIN_ST',3,'          )');
INSERT INTO relazione_cond_estrazione ( ESTRAZIONE, OGGETTO, SEQUENZA, CONDIZIONE) VALUES ('ADDIZIONALE_IRPEF','RAIN_ST',4,'    between ANAG.dal and nvl(ANAG.al,to_date(''3333333'',''j''))');
INSERT INTO relazione_cond_estrazione ( ESTRAZIONE, OGGETTO, SEQUENZA, CONDIZIONE) VALUES ('ADDIZIONALE_IRPEF','RAIN_ST',5,'    or (    ANAG.dal =');
INSERT INTO relazione_cond_estrazione ( ESTRAZIONE, OGGETTO, SEQUENZA, CONDIZIONE) VALUES ('ADDIZIONALE_IRPEF','RAIN_ST',6,'           (select max(dal)');
INSERT INTO relazione_cond_estrazione ( ESTRAZIONE, OGGETTO, SEQUENZA, CONDIZIONE) VALUES ('ADDIZIONALE_IRPEF','RAIN_ST',7,'              from anagrafici');
INSERT INTO relazione_cond_estrazione ( ESTRAZIONE, OGGETTO, SEQUENZA, CONDIZIONE) VALUES ('ADDIZIONALE_IRPEF','RAIN_ST',8,'             where ni = RAIN_ST.ni');
INSERT INTO relazione_cond_estrazione ( ESTRAZIONE, OGGETTO, SEQUENZA, CONDIZIONE) VALUES ('ADDIZIONALE_IRPEF','RAIN_ST',9,'            )');
INSERT INTO relazione_cond_estrazione ( ESTRAZIONE, OGGETTO, SEQUENZA, CONDIZIONE) VALUES ('ADDIZIONALE_IRPEF','RAIN_ST',10,'          and not exists');
INSERT INTO relazione_cond_estrazione ( ESTRAZIONE, OGGETTO, SEQUENZA, CONDIZIONE) VALUES ('ADDIZIONALE_IRPEF','RAIN_ST',11,'             (select ''x''');
INSERT INTO relazione_cond_estrazione ( ESTRAZIONE, OGGETTO, SEQUENZA, CONDIZIONE) VALUES ('ADDIZIONALE_IRPEF','RAIN_ST',12,'                from anagrafici');
INSERT INTO relazione_cond_estrazione ( ESTRAZIONE, OGGETTO, SEQUENZA, CONDIZIONE) VALUES ('ADDIZIONALE_IRPEF','RAIN_ST',13,'                where ni = RAIN_ST.ni');
INSERT INTO relazione_cond_estrazione ( ESTRAZIONE, OGGETTO, SEQUENZA, CONDIZIONE) VALUES ('ADDIZIONALE_IRPEF','RAIN_ST',14,'              and least( to_date(''3112''||to_char(PERE.anno)');
INSERT INTO relazione_cond_estrazione ( ESTRAZIONE, OGGETTO, SEQUENZA, CONDIZIONE) VALUES ('ADDIZIONALE_IRPEF','RAIN_ST',15,'                                , ''ddmmyyyy'')');
INSERT INTO relazione_cond_estrazione ( ESTRAZIONE, OGGETTO, SEQUENZA, CONDIZIONE) VALUES ('ADDIZIONALE_IRPEF','RAIN_ST',16,'                         , pere.periodo)');
INSERT INTO relazione_cond_estrazione ( ESTRAZIONE, OGGETTO, SEQUENZA, CONDIZIONE) VALUES ('ADDIZIONALE_IRPEF','RAIN_ST',17,'                    between dal');
INSERT INTO relazione_cond_estrazione ( ESTRAZIONE, OGGETTO, SEQUENZA, CONDIZIONE) VALUES ('ADDIZIONALE_IRPEF','RAIN_ST',18,'                         and nvl(al,to_date(''3333333'',''j''))');
INSERT INTO relazione_cond_estrazione ( ESTRAZIONE, OGGETTO, SEQUENZA, CONDIZIONE) VALUES ('ADDIZIONALE_IRPEF','RAIN_ST',19,'              ))');
INSERT INTO relazione_cond_estrazione ( ESTRAZIONE, OGGETTO, SEQUENZA, CONDIZIONE) VALUES ('ADDIZIONALE_IRPEF','RAIN_ST',20,'    )');
INSERT INTO relazione_cond_estrazione ( ESTRAZIONE, OGGETTO, SEQUENZA, CONDIZIONE) VALUES ('ADDIZIONALE_IRPEF','RAIN_ST',21,'and RAIN_ST.ci = PERE.ci');
INSERT INTO relazione_cond_estrazione ( ESTRAZIONE, OGGETTO, SEQUENZA, CONDIZIONE) VALUES ('LISTA_MEDICI','RAIN',1,'and RAIN.al is null');
INSERT INTO relazione_cond_estrazione ( ESTRAZIONE, OGGETTO, SEQUENZA, CONDIZIONE) VALUES ('LISTA_MEDICI','PEGI',1,'and rain.ci in (select ci from periodi_giuridici');
INSERT INTO relazione_cond_estrazione ( ESTRAZIONE, OGGETTO, SEQUENZA, CONDIZIONE) VALUES ('LISTA_MEDICI','PEGI',2,'where rilevanza = ''P''');
INSERT INTO relazione_cond_estrazione ( ESTRAZIONE, OGGETTO, SEQUENZA, CONDIZIONE) VALUES ('LISTA_MEDICI','PEGI',3,'and pegi.dal >= ''01-JAN-91''');
INSERT INTO relazione_cond_estrazione ( ESTRAZIONE, OGGETTO, SEQUENZA, CONDIZIONE) VALUES ('LISTA_MEDICI','PEGI',4,'and nvl(al,to_date(''31-DEC-94'')) <= ''31-DEC-94'')');
INSERT INTO relazione_cond_estrazione ( ESTRAZIONE, OGGETTO, SEQUENZA, CONDIZIONE) VALUES ('ESTRAZIONE_GIAF','PERE',1,'and PERE.competenza = ''A''');
INSERT INTO relazione_cond_estrazione ( ESTRAZIONE, OGGETTO, SEQUENZA, CONDIZIONE) VALUES ('LISTA_CASSAMALATTIA','PERE',1,'and PERE.competenza = ''A''');
INSERT INTO relazione_cond_estrazione ( ESTRAZIONE, OGGETTO, SEQUENZA, CONDIZIONE) VALUES ('LISTA_CASSAMALATTIA','VACM',1,'and VACM.estrazione = ''LISTA_CASSAMALATTIA''');
INSERT INTO relazione_cond_estrazione ( ESTRAZIONE, OGGETTO, SEQUENZA, CONDIZIONE) VALUES ('LISTA_CASSAMALATTIA','VACM',2,'and (VACM.anno,VACM.mese,VACM.mensilita) =');
INSERT INTO relazione_cond_estrazione ( ESTRAZIONE, OGGETTO, SEQUENZA, CONDIZIONE) VALUES ('LISTA_CASSAMALATTIA','VACM',3,'  (select anno,mese,mensilita');
INSERT INTO relazione_cond_estrazione ( ESTRAZIONE, OGGETTO, SEQUENZA, CONDIZIONE) VALUES ('LISTA_CASSAMALATTIA','VACM',4,'     from riferimento_retribuzione)');
INSERT INTO relazione_cond_estrazione ( ESTRAZIONE, OGGETTO, SEQUENZA, CONDIZIONE) VALUES ('DENUNCIA_ENPAM','PERE',1,'and PERE.competenza = ''A''');
INSERT INTO relazione_cond_estrazione ( ESTRAZIONE, OGGETTO, SEQUENZA, CONDIZIONE) VALUES ('DENUNCIA_ENPAM','VACM',1,'and VACM.estrazione = ''DENUNCIA_ENPAM''');
INSERT INTO relazione_cond_estrazione ( ESTRAZIONE, OGGETTO, SEQUENZA, CONDIZIONE) VALUES ('DENUNCIA_ENPAM','VACM',2,'and (VACM.anno,VACM.mese,VACM.mensilita) =');
INSERT INTO relazione_cond_estrazione ( ESTRAZIONE, OGGETTO, SEQUENZA, CONDIZIONE) VALUES ('DENUNCIA_ENPAM','VACM',3,'  (select anno,mese,mensilita');
INSERT INTO relazione_cond_estrazione ( ESTRAZIONE, OGGETTO, SEQUENZA, CONDIZIONE) VALUES ('DENUNCIA_ENPAM','VACM',4,'     from riferimento_retribuzione)');
INSERT INTO relazione_cond_estrazione ( ESTRAZIONE, OGGETTO, SEQUENZA, CONDIZIONE) VALUES ('ESTRAZIONE_GIAF','VACM',1,'and VACM.estrazione = ''ESTRAZIONE_GIAF''');
INSERT INTO relazione_cond_estrazione ( ESTRAZIONE, OGGETTO, SEQUENZA, CONDIZIONE) VALUES ('QUIETANZE','RARE',10,'and rare.istituto != ''PC''');
INSERT INTO relazione_cond_estrazione ( ESTRAZIONE, OGGETTO, SEQUENZA, CONDIZIONE) VALUES ('ADDIZIONALE_IRPEF','MENS',1,'and MENS.mese = VACM.mese');
INSERT INTO relazione_cond_estrazione ( ESTRAZIONE, OGGETTO, SEQUENZA, CONDIZIONE) VALUES ('ADDIZIONALE_IRPEF','MENS',2,'and MENS.mensilita = VACM.mensilita');
INSERT INTO relazione_cond_estrazione ( ESTRAZIONE, OGGETTO, SEQUENZA, CONDIZIONE) VALUES ('ADDIZIONALE_IRPEF','PERE',1,'and PERE.competenza = ''A''');
INSERT INTO relazione_cond_estrazione ( ESTRAZIONE, OGGETTO, SEQUENZA, CONDIZIONE) VALUES ('ADDIZIONALE_COMUNALE','MENS',1,'and MENS.mese = VACM.mese');
INSERT INTO relazione_cond_estrazione ( ESTRAZIONE, OGGETTO, SEQUENZA, CONDIZIONE) VALUES ('ADDIZIONALE_COMUNALE','MENS',2,'and MENS.mensilita = VACM.mensilita');
INSERT INTO relazione_cond_estrazione ( ESTRAZIONE, OGGETTO, SEQUENZA, CONDIZIONE) VALUES ('ADDIZIONALE_COMUNALE','PERE',1,'and PERE.competenza = ''A''');
INSERT INTO relazione_cond_estrazione ( ESTRAZIONE, OGGETTO, SEQUENZA, CONDIZIONE) VALUES ('ADDIZIONALE_COMUNALE','RAIN_ST',1,'and( least( to_date(''3112''||to_char(PERE.anno),''ddmmyyyy'')');
INSERT INTO relazione_cond_estrazione ( ESTRAZIONE, OGGETTO, SEQUENZA, CONDIZIONE) VALUES ('ADDIZIONALE_COMUNALE','RAIN_ST',2,'          , pere.periodo');
INSERT INTO relazione_cond_estrazione ( ESTRAZIONE, OGGETTO, SEQUENZA, CONDIZIONE) VALUES ('ADDIZIONALE_COMUNALE','RAIN_ST',3,'          )');
INSERT INTO relazione_cond_estrazione ( ESTRAZIONE, OGGETTO, SEQUENZA, CONDIZIONE) VALUES ('ADDIZIONALE_COMUNALE','RAIN_ST',4,'    between ANAG.dal and nvl(ANAG.al,to_date(''3333333'',''j''))');
INSERT INTO relazione_cond_estrazione ( ESTRAZIONE, OGGETTO, SEQUENZA, CONDIZIONE) VALUES ('ADDIZIONALE_COMUNALE','RAIN_ST',5,'    or (    ANAG.dal =');
INSERT INTO relazione_cond_estrazione ( ESTRAZIONE, OGGETTO, SEQUENZA, CONDIZIONE) VALUES ('ADDIZIONALE_COMUNALE','RAIN_ST',6,'           (select max(dal)');
INSERT INTO relazione_cond_estrazione ( ESTRAZIONE, OGGETTO, SEQUENZA, CONDIZIONE) VALUES ('ADDIZIONALE_COMUNALE','RAIN_ST',7,'              from anagrafici');
INSERT INTO relazione_cond_estrazione ( ESTRAZIONE, OGGETTO, SEQUENZA, CONDIZIONE) VALUES ('ADDIZIONALE_COMUNALE','RAIN_ST',8,'             where ni = RAIN_ST.ni');
INSERT INTO relazione_cond_estrazione ( ESTRAZIONE, OGGETTO, SEQUENZA, CONDIZIONE) VALUES ('ADDIZIONALE_COMUNALE','RAIN_ST',9,'            )');
INSERT INTO relazione_cond_estrazione ( ESTRAZIONE, OGGETTO, SEQUENZA, CONDIZIONE) VALUES ('ADDIZIONALE_COMUNALE','RAIN_ST',10,'          and not exists');
INSERT INTO relazione_cond_estrazione ( ESTRAZIONE, OGGETTO, SEQUENZA, CONDIZIONE) VALUES ('ADDIZIONALE_COMUNALE','RAIN_ST',11,'             (select ''x''');
INSERT INTO relazione_cond_estrazione ( ESTRAZIONE, OGGETTO, SEQUENZA, CONDIZIONE) VALUES ('ADDIZIONALE_COMUNALE','RAIN_ST',12,'                from anagrafici');
INSERT INTO relazione_cond_estrazione ( ESTRAZIONE, OGGETTO, SEQUENZA, CONDIZIONE) VALUES ('ADDIZIONALE_COMUNALE','RAIN_ST',13,'                where ni = RAIN_ST.ni');
INSERT INTO relazione_cond_estrazione ( ESTRAZIONE, OGGETTO, SEQUENZA, CONDIZIONE) VALUES ('ADDIZIONALE_COMUNALE','RAIN_ST',14,'              and least( to_date(''3112''||to_char(PERE.anno)');
INSERT INTO relazione_cond_estrazione ( ESTRAZIONE, OGGETTO, SEQUENZA, CONDIZIONE) VALUES ('ADDIZIONALE_COMUNALE','RAIN_ST',15,'                                , ''ddmmyyyy'')');
INSERT INTO relazione_cond_estrazione ( ESTRAZIONE, OGGETTO, SEQUENZA, CONDIZIONE) VALUES ('ADDIZIONALE_COMUNALE','RAIN_ST',16,'                         , pere.periodo)');
INSERT INTO relazione_cond_estrazione ( ESTRAZIONE, OGGETTO, SEQUENZA, CONDIZIONE) VALUES ('ADDIZIONALE_COMUNALE','RAIN_ST',17,'                    between dal');
INSERT INTO relazione_cond_estrazione ( ESTRAZIONE, OGGETTO, SEQUENZA, CONDIZIONE) VALUES ('ADDIZIONALE_COMUNALE','RAIN_ST',18,'                         and nvl(al,to_date(''3333333'',''j''))');
INSERT INTO relazione_cond_estrazione ( ESTRAZIONE, OGGETTO, SEQUENZA, CONDIZIONE) VALUES ('ADDIZIONALE_COMUNALE','RAIN_ST',19,'              ))');
INSERT INTO relazione_cond_estrazione ( ESTRAZIONE, OGGETTO, SEQUENZA, CONDIZIONE) VALUES ('ADDIZIONALE_COMUNALE','RAIN_ST',20,'    )');
INSERT INTO relazione_cond_estrazione ( ESTRAZIONE, OGGETTO, SEQUENZA, CONDIZIONE) VALUES ('ADDIZIONALE_COMUNALE','RAIN_ST',21,'and RAIN_ST.ci = PERE.ci');
INSERT INTO relazione_cond_estrazione ( ESTRAZIONE, OGGETTO, SEQUENZA, CONDIZIONE) VALUES ('VERIFICHE_CEDOLINO','PERE',1,'and PERE.competenza = ''A''');
INSERT INTO relazione_cond_estrazione ( ESTRAZIONE, OGGETTO, SEQUENZA, CONDIZIONE) VALUES ('ADD_IRPEF_2007','PERE',1,'and PERE.competenza = ''A''');

WHENEVER SQLERROR EXIT

ALTER TABLE relazione_cond_estrazione ENABLE ALL TRIGGERS;


REM ============================================================
REM    Extract TABLE :   RELAZIONE_COND_OGGETTO
REM ============================================================

WHENEVER SQLERROR EXIT

ALTER TABLE relazione_cond_oggetto DISABLE ALL TRIGGERS;

WHENEVER SQLERROR CONTINUE

INSERT INTO relazione_cond_oggetto ( OGGETTO, RIFERIMENTO, SEQUENZA, RELAZIONE) VALUES ('MOCO','PERE',7,'         )     between PERE.dal');
INSERT INTO relazione_cond_oggetto ( OGGETTO, RIFERIMENTO, SEQUENZA, RELAZIONE) VALUES ('MOCO','PERE',9,'and PERE.competenza in (''C'',''A'')');
INSERT INTO relazione_cond_oggetto ( OGGETTO, RIFERIMENTO, SEQUENZA, RELAZIONE) VALUES ('PERE','MOCO',1,'and PERE.periodo     = last_day(to_date( MORE.anno||');
INSERT INTO relazione_cond_oggetto ( OGGETTO, RIFERIMENTO, SEQUENZA, RELAZIONE) VALUES ('COMU_NAS','ANAG',2,'and COMU_NAS.comune (+)          = ANAG.comune_nas');
INSERT INTO relazione_cond_oggetto ( OGGETTO, RIFERIMENTO, SEQUENZA, RELAZIONE) VALUES ('SOGG','ISCR',1,'and SOGG.soggetto (+) = ISCR.soggetto');
INSERT INTO relazione_cond_oggetto ( OGGETTO, RIFERIMENTO, SEQUENZA, RELAZIONE) VALUES ('ISCR','SOGG',1,'and SOGG.soggetto (+) = ISCR.soggetto');
INSERT INTO relazione_cond_oggetto ( OGGETTO, RIFERIMENTO, SEQUENZA, RELAZIONE) VALUES ('PERE','RAGI',1,'and PERE.ci = RAGI.ci');
INSERT INTO relazione_cond_oggetto ( OGGETTO, RIFERIMENTO, SEQUENZA, RELAZIONE) VALUES ('RAGI','PERE',1,'and PERE.ci = RAGI.ci');
INSERT INTO relazione_cond_oggetto ( OGGETTO, RIFERIMENTO, SEQUENZA, RELAZIONE) VALUES ('RARE','RAGI',1,'and RARE.ci = RAGI.ci');
INSERT INTO relazione_cond_oggetto ( OGGETTO, RIFERIMENTO, SEQUENZA, RELAZIONE) VALUES ('VARE','RAGI',1,'and RAGI.ci = VARE.ci');
INSERT INTO relazione_cond_oggetto ( OGGETTO, RIFERIMENTO, SEQUENZA, RELAZIONE) VALUES ('POSI','PERE',1,'and POSI.codice (+) = PERE.posizione');
INSERT INTO relazione_cond_oggetto ( OGGETTO, RIFERIMENTO, SEQUENZA, RELAZIONE) VALUES ('PERE','POSI',1,'and POSI.codice (+) = PERE.posizione');
INSERT INTO relazione_cond_oggetto ( OGGETTO, RIFERIMENTO, SEQUENZA, RELAZIONE) VALUES ('RARE','PRCO',1,'and RARE.ci = PRCO.ci');
INSERT INTO relazione_cond_oggetto ( OGGETTO, RIFERIMENTO, SEQUENZA, RELAZIONE) VALUES ('GESI','GEST',1,'and GESI.codice = decode( substr(GEST.csc_dm10,1,1)');
INSERT INTO relazione_cond_oggetto ( OGGETTO, RIFERIMENTO, SEQUENZA, RELAZIONE) VALUES ('GEST','GESI',1,'and GESI.codice = decode( substr(GEST.csc_dm10,1,1)');
INSERT INTO relazione_cond_oggetto ( OGGETTO, RIFERIMENTO, SEQUENZA, RELAZIONE) VALUES ('GESI','GEST',2,'                        , ''>'', substr(GEST.csc_dm10,2,4)');
INSERT INTO relazione_cond_oggetto ( OGGETTO, RIFERIMENTO, SEQUENZA, RELAZIONE) VALUES ('GEST','GESI',2,'                        , ''>'', substr(GEST.csc_dm10,2,4)');
INSERT INTO relazione_cond_oggetto ( OGGETTO, RIFERIMENTO, SEQUENZA, RELAZIONE) VALUES ('GESI','GEST',3,'                             , GEST.codice');
INSERT INTO relazione_cond_oggetto ( OGGETTO, RIFERIMENTO, SEQUENZA, RELAZIONE) VALUES ('GEST','GESI',3,'                             , GEST.codice');
INSERT INTO relazione_cond_oggetto ( OGGETTO, RIFERIMENTO, SEQUENZA, RELAZIONE) VALUES ('GESI','GEST',4,'                        )');
INSERT INTO relazione_cond_oggetto ( OGGETTO, RIFERIMENTO, SEQUENZA, RELAZIONE) VALUES ('GEST','GESI',4,'                        )');
INSERT INTO relazione_cond_oggetto ( OGGETTO, RIFERIMENTO, SEQUENZA, RELAZIONE) VALUES ('ATTI','RAGI',1,'and ATTI.codice (+) = RAGI.attivita');
INSERT INTO relazione_cond_oggetto ( OGGETTO, RIFERIMENTO, SEQUENZA, RELAZIONE) VALUES ('RAGI','ATTI',1,'and ATTI.codice (+) = RAGI.attivita');
INSERT INTO relazione_cond_oggetto ( OGGETTO, RIFERIMENTO, SEQUENZA, RELAZIONE) VALUES ('QUAL','RAGI',1,'and QUAL.numero (+) = RAGI.qualifica');
INSERT INTO relazione_cond_oggetto ( OGGETTO, RIFERIMENTO, SEQUENZA, RELAZIONE) VALUES ('RAGI','QUAL',1,'and QUAL.numero (+) = RAGI.qualifica');
INSERT INTO relazione_cond_oggetto ( OGGETTO, RIFERIMENTO, SEQUENZA, RELAZIONE) VALUES ('MOCO','PERE',1,'and PERE.periodo     = last_day(to_date( MOCO.anno||');
INSERT INTO relazione_cond_oggetto ( OGGETTO, RIFERIMENTO, SEQUENZA, RELAZIONE) VALUES ('MOCO','PERE',2,'                                         MOCO.mese');
INSERT INTO relazione_cond_oggetto ( OGGETTO, RIFERIMENTO, SEQUENZA, RELAZIONE) VALUES ('MOCO','PERE',4,'and PERE.ci          = MOCO.ci');
INSERT INTO relazione_cond_oggetto ( OGGETTO, RIFERIMENTO, SEQUENZA, RELAZIONE) VALUES ('MOCO','PERE',5,'and least( MOCO.riferimento');
INSERT INTO relazione_cond_oggetto ( OGGETTO, RIFERIMENTO, SEQUENZA, RELAZIONE) VALUES ('MOCO','PERE',6,'         , nvl( RAGI.al,to_date(''3333333'',''j''))');
INSERT INTO relazione_cond_oggetto ( OGGETTO, RIFERIMENTO, SEQUENZA, RELAZIONE) VALUES ('RAGF','RAIND',7,'                             , nvl(RADI.ci_erede,RAGF.ci))');
INSERT INTO relazione_cond_oggetto ( OGGETTO, RIFERIMENTO, SEQUENZA, RELAZIONE) VALUES ('RARE','RAIN',1,'and RAIN.ci = RARE.ci');
INSERT INTO relazione_cond_oggetto ( OGGETTO, RIFERIMENTO, SEQUENZA, RELAZIONE) VALUES ('PERA','PERA',40,'                           to_char(nvl(PERA.anno,RIFA.anno))');
INSERT INTO relazione_cond_oggetto ( OGGETTO, RIFERIMENTO, SEQUENZA, RELAZIONE) VALUES ('PERA','PERA',41,'                                  , ''ddmmyyyy'' )');
INSERT INTO relazione_cond_oggetto ( OGGETTO, RIFERIMENTO, SEQUENZA, RELAZIONE) VALUES ('PERA','PERA',42,'       and anno    = PERA.anno)');
INSERT INTO relazione_cond_oggetto ( OGGETTO, RIFERIMENTO, SEQUENZA, RELAZIONE) VALUES ('GEST_CLFU','RIFU',1,'and GEST_CLFU.codice (+) = substr(RIFU.funzionale,1,4)');
INSERT INTO relazione_cond_oggetto ( OGGETTO, RIFERIMENTO, SEQUENZA, RELAZIONE) VALUES ('RIFU','GEST_CLFU',1,'and GEST_CLFU.codice (+) = substr(RIFU.funzionale,1,4)');
INSERT INTO relazione_cond_oggetto ( OGGETTO, RIFERIMENTO, SEQUENZA, RELAZIONE) VALUES ('PERA','PERA',33,'   (select nvl(max(mese),0)');
INSERT INTO relazione_cond_oggetto ( OGGETTO, RIFERIMENTO, SEQUENZA, RELAZIONE) VALUES ('PERA','PERA',34,'      from periodi_retributivi');
INSERT INTO relazione_cond_oggetto ( OGGETTO, RIFERIMENTO, SEQUENZA, RELAZIONE) VALUES ('PERE','VACA',7,'     where mese = PERE.mese');
INSERT INTO relazione_cond_oggetto ( OGGETTO, RIFERIMENTO, SEQUENZA, RELAZIONE) VALUES ('VACA','PERE',8,'       and tipo in (''S'',''N'',''A''))');
INSERT INTO relazione_cond_oggetto ( OGGETTO, RIFERIMENTO, SEQUENZA, RELAZIONE) VALUES ('PERE','VACA',8,'       and tipo in (''S'',''N'',''A''))');
INSERT INTO relazione_cond_oggetto ( OGGETTO, RIFERIMENTO, SEQUENZA, RELAZIONE) VALUES ('RAGF','PERE',1,'and PERE.ci   (+) = INEX.ci');
INSERT INTO relazione_cond_oggetto ( OGGETTO, RIFERIMENTO, SEQUENZA, RELAZIONE) VALUES ('PERE','RAGF',1,'and PERE.ci   (+) = INEX.ci');
INSERT INTO relazione_cond_oggetto ( OGGETTO, RIFERIMENTO, SEQUENZA, RELAZIONE) VALUES ('RAGF','PERE',2,'and PERE.anno (+) = INEX.anno');
INSERT INTO relazione_cond_oggetto ( OGGETTO, RIFERIMENTO, SEQUENZA, RELAZIONE) VALUES ('PERE','RAGF',2,'and PERE.anno (+) = INEX.anno');
INSERT INTO relazione_cond_oggetto ( OGGETTO, RIFERIMENTO, SEQUENZA, RELAZIONE) VALUES ('RAGF','INEX',1,'and INEX.ci = RAGID.ci');
INSERT INTO relazione_cond_oggetto ( OGGETTO, RIFERIMENTO, SEQUENZA, RELAZIONE) VALUES ('INEX','RAGF',1,'and INEX.ci = RAGID.ci');
INSERT INTO relazione_cond_oggetto ( OGGETTO, RIFERIMENTO, SEQUENZA, RELAZIONE) VALUES ('RAGF','RAIND',1,'and RARE.ci  = RAIN.ci+0');
INSERT INTO relazione_cond_oggetto ( OGGETTO, RIFERIMENTO, SEQUENZA, RELAZIONE) VALUES ('RAIND','RAGF',1,'and RARE.ci  = RAIN.ci+0');
INSERT INTO relazione_cond_oggetto ( OGGETTO, RIFERIMENTO, SEQUENZA, RELAZIONE) VALUES ('RAGF','RAIND',2,'and RAIND.ni =');
INSERT INTO relazione_cond_oggetto ( OGGETTO, RIFERIMENTO, SEQUENZA, RELAZIONE) VALUES ('RAIND','RAGF',2,'and RAIND.ni =');
INSERT INTO relazione_cond_oggetto ( OGGETTO, RIFERIMENTO, SEQUENZA, RELAZIONE) VALUES ('RAGF','RAIND',3,'   (select ni from rapporti_individuali');
INSERT INTO relazione_cond_oggetto ( OGGETTO, RIFERIMENTO, SEQUENZA, RELAZIONE) VALUES ('RAIND','RAGF',3,'   (select ni from rapporti_individuali');
INSERT INTO relazione_cond_oggetto ( OGGETTO, RIFERIMENTO, SEQUENZA, RELAZIONE) VALUES ('RAGF','RAIND',4,'     where ci = nvl(RADI.ci_erede,RARE.ci))');
INSERT INTO relazione_cond_oggetto ( OGGETTO, RIFERIMENTO, SEQUENZA, RELAZIONE) VALUES ('RAIND','RAGF',4,'     where ci = nvl(RADI.ci_erede,RARE.ci))');
INSERT INTO relazione_cond_oggetto ( OGGETTO, RIFERIMENTO, SEQUENZA, RELAZIONE) VALUES ('RAGF','RAIND',5,'and RAIND.ci  = decode( RAGF.ci');
INSERT INTO relazione_cond_oggetto ( OGGETTO, RIFERIMENTO, SEQUENZA, RELAZIONE) VALUES ('RAIND','RAGF',5,'and RAIND.ci  = decode( RAGF.ci');
INSERT INTO relazione_cond_oggetto ( OGGETTO, RIFERIMENTO, SEQUENZA, RELAZIONE) VALUES ('RAGF','RAIND',6,'                      , RADI.ci_erede,RARE.ci');
INSERT INTO relazione_cond_oggetto ( OGGETTO, RIFERIMENTO, SEQUENZA, RELAZIONE) VALUES ('RAIND','RAGF',6,'                      , RADI.ci_erede,RARE.ci');
INSERT INTO relazione_cond_oggetto ( OGGETTO, RIFERIMENTO, SEQUENZA, RELAZIONE) VALUES ('INRE','COVO',2,'and INRE.sub  = COVO.sub');
INSERT INTO relazione_cond_oggetto ( OGGETTO, RIFERIMENTO, SEQUENZA, RELAZIONE) VALUES ('PERE','VARE',2,'and VARE.anno      = PERE.anno');
INSERT INTO relazione_cond_oggetto ( OGGETTO, RIFERIMENTO, SEQUENZA, RELAZIONE) VALUES ('VARE','PERE',3,'and VARE.mese      = PERE.mese');
INSERT INTO relazione_cond_oggetto ( OGGETTO, RIFERIMENTO, SEQUENZA, RELAZIONE) VALUES ('PERE','VARE',3,'and VARE.mese      = PERE.mese');
INSERT INTO relazione_cond_oggetto ( OGGETTO, RIFERIMENTO, SEQUENZA, RELAZIONE) VALUES ('RAIN','RARE',1,'and RAIN.ci = RARE.ci');
INSERT INTO relazione_cond_oggetto ( OGGETTO, RIFERIMENTO, SEQUENZA, RELAZIONE) VALUES ('RAIND','RAGF',7,'                             , nvl(RADI.ci_erede,RAGF.ci))');
INSERT INTO relazione_cond_oggetto ( OGGETTO, RIFERIMENTO, SEQUENZA, RELAZIONE) VALUES ('PERA','PERA',32,'and nvl(PERA.mese,0) =');
INSERT INTO relazione_cond_oggetto ( OGGETTO, RIFERIMENTO, SEQUENZA, RELAZIONE) VALUES ('PERA','PERA',35,'     where ci      = PERA.ci');
INSERT INTO relazione_cond_oggetto ( OGGETTO, RIFERIMENTO, SEQUENZA, RELAZIONE) VALUES ('PERA','PERA',36,'       and periodo between to_date( ''0101''||');
INSERT INTO relazione_cond_oggetto ( OGGETTO, RIFERIMENTO, SEQUENZA, RELAZIONE) VALUES ('PERA','PERA',37,'                           to_char(nvl(PERA.anno,RIFA.anno))');
INSERT INTO relazione_cond_oggetto ( OGGETTO, RIFERIMENTO, SEQUENZA, RELAZIONE) VALUES ('PERA','PERA',38,'                                  , ''ddmmyyyy'' )');
INSERT INTO relazione_cond_oggetto ( OGGETTO, RIFERIMENTO, SEQUENZA, RELAZIONE) VALUES ('PERA','PERA',39,'                       and to_date( ''3112''||');
INSERT INTO relazione_cond_oggetto ( OGGETTO, RIFERIMENTO, SEQUENZA, RELAZIONE) VALUES ('VARE','PERE',2,'and VARE.anno      = PERE.anno');
INSERT INTO relazione_cond_oggetto ( OGGETTO, RIFERIMENTO, SEQUENZA, RELAZIONE) VALUES ('RAIN','PERE',1,'and PERE.ci = RAIN.ci');
INSERT INTO relazione_cond_oggetto ( OGGETTO, RIFERIMENTO, SEQUENZA, RELAZIONE) VALUES ('PERE','RARE',1,'and PERE.ci = RARE.ci');
INSERT INTO relazione_cond_oggetto ( OGGETTO, RIFERIMENTO, SEQUENZA, RELAZIONE) VALUES ('RARE','PERE',1,'and PERE.ci = RARE.ci');
INSERT INTO relazione_cond_oggetto ( OGGETTO, RIFERIMENTO, SEQUENZA, RELAZIONE) VALUES ('RAGI','RIFU',1,'and RIFU.settore (+) = RAGI.settore');
INSERT INTO relazione_cond_oggetto ( OGGETTO, RIFERIMENTO, SEQUENZA, RELAZIONE) VALUES ('SETT','SETTA',1,'and SETTA.numero (+) = SETT.settore_a');
INSERT INTO relazione_cond_oggetto ( OGGETTO, RIFERIMENTO, SEQUENZA, RELAZIONE) VALUES ('RAGI','RIFU',2,'and RIFU.sede (+)    = nvl(RAGI.sede,0)');
INSERT INTO relazione_cond_oggetto ( OGGETTO, RIFERIMENTO, SEQUENZA, RELAZIONE) VALUES ('VACA','PERE',4,'and VACA.mensilita =');
INSERT INTO relazione_cond_oggetto ( OGGETTO, RIFERIMENTO, SEQUENZA, RELAZIONE) VALUES ('GEST','RAGF',1,'and GEST.codice = nvl(PERA.gestione,RAGID.gestione)');
INSERT INTO relazione_cond_oggetto ( OGGETTO, RIFERIMENTO, SEQUENZA, RELAZIONE) VALUES ('RAGF','GEST',1,'and GEST.codice = nvl(PERA.gestione,RAGID.gestione)');
INSERT INTO relazione_cond_oggetto ( OGGETTO, RIFERIMENTO, SEQUENZA, RELAZIONE) VALUES ('COVO','PRCO',2,'and PRCO.sub  = COVO.sub');
INSERT INTO relazione_cond_oggetto ( OGGETTO, RIFERIMENTO, SEQUENZA, RELAZIONE) VALUES ('COVO','VARE',2,'and VARE.sub  = COVO.sub');
INSERT INTO relazione_cond_oggetto ( OGGETTO, RIFERIMENTO, SEQUENZA, RELAZIONE) VALUES ('INRE','COVO',1,'and INRE.voce = COVO.voce');
INSERT INTO relazione_cond_oggetto ( OGGETTO, RIFERIMENTO, SEQUENZA, RELAZIONE) VALUES ('RARE','MOFI',1,'and RARE.ci = MOFI.ci');
INSERT INTO relazione_cond_oggetto ( OGGETTO, RIFERIMENTO, SEQUENZA, RELAZIONE) VALUES ('RARE','SPOR',2,'and SPOR.sportello = RARE.sportello');
INSERT INTO relazione_cond_oggetto ( OGGETTO, RIFERIMENTO, SEQUENZA, RELAZIONE) VALUES ('PERE','VACA',4,'and VACA.mensilita =');
INSERT INTO relazione_cond_oggetto ( OGGETTO, RIFERIMENTO, SEQUENZA, RELAZIONE) VALUES ('VARE','PERE',1,'and PERE.ci        = VARE.ci');
INSERT INTO relazione_cond_oggetto ( OGGETTO, RIFERIMENTO, SEQUENZA, RELAZIONE) VALUES ('PERE','VARE',1,'and PERE.ci        = VARE.ci');
INSERT INTO relazione_cond_oggetto ( OGGETTO, RIFERIMENTO, SEQUENZA, RELAZIONE) VALUES ('VACA','PERE',5,'   (select max(mensilita)');
INSERT INTO relazione_cond_oggetto ( OGGETTO, RIFERIMENTO, SEQUENZA, RELAZIONE) VALUES ('PERE','VACA',5,'   (select max(mensilita)');
INSERT INTO relazione_cond_oggetto ( OGGETTO, RIFERIMENTO, SEQUENZA, RELAZIONE) VALUES ('VACA','PERE',6,'      from mensilita');
INSERT INTO relazione_cond_oggetto ( OGGETTO, RIFERIMENTO, SEQUENZA, RELAZIONE) VALUES ('PERE','VACA',6,'      from mensilita');
INSERT INTO relazione_cond_oggetto ( OGGETTO, RIFERIMENTO, SEQUENZA, RELAZIONE) VALUES ('VACA','PERE',7,'     where mese = PERE.mese');
INSERT INTO relazione_cond_oggetto ( OGGETTO, RIFERIMENTO, SEQUENZA, RELAZIONE) VALUES ('COVO','MOCO',1,'and MOCO.voce = COVO.voce');
INSERT INTO relazione_cond_oggetto ( OGGETTO, RIFERIMENTO, SEQUENZA, RELAZIONE) VALUES ('SETT','SETTB',1,'and SETTB.numero (+) = SETT.settore_b');
INSERT INTO relazione_cond_oggetto ( OGGETTO, RIFERIMENTO, SEQUENZA, RELAZIONE) VALUES ('ANAG','COMU_RES',1,'and COMU_RES.provincia_stato (+) = ANAG.provincia_res');
INSERT INTO relazione_cond_oggetto ( OGGETTO, RIFERIMENTO, SEQUENZA, RELAZIONE) VALUES ('COMU_DOM','ANAG',1,'and COMU_DOM.provincia_stato (+) = ANAG.provincia_dom');
INSERT INTO relazione_cond_oggetto ( OGGETTO, RIFERIMENTO, SEQUENZA, RELAZIONE) VALUES ('INRE','RARE',1,'and RARE.ci = INRE.ci');
INSERT INTO relazione_cond_oggetto ( OGGETTO, RIFERIMENTO, SEQUENZA, RELAZIONE) VALUES ('MOCO','RAGI',1,'and RAGI.ci = MOCO.ci');
INSERT INTO relazione_cond_oggetto ( OGGETTO, RIFERIMENTO, SEQUENZA, RELAZIONE) VALUES ('RAGI','PRCO',1,'and RAGI.ci = PRCO.ci');
INSERT INTO relazione_cond_oggetto ( OGGETTO, RIFERIMENTO, SEQUENZA, RELAZIONE) VALUES ('PRCO','RAGI',1,'and RAGI.ci = PRCO.ci');
INSERT INTO relazione_cond_oggetto ( OGGETTO, RIFERIMENTO, SEQUENZA, RELAZIONE) VALUES ('RAGI','VARE',1,'and RAGI.ci = VARE.ci');
INSERT INTO relazione_cond_oggetto ( OGGETTO, RIFERIMENTO, SEQUENZA, RELAZIONE) VALUES ('RAGI','INRE',1,'and RAGI.ci = INRE.ci');
INSERT INTO relazione_cond_oggetto ( OGGETTO, RIFERIMENTO, SEQUENZA, RELAZIONE) VALUES ('INRE','RAGI',1,'and RAGI.ci = INRE.ci');
INSERT INTO relazione_cond_oggetto ( OGGETTO, RIFERIMENTO, SEQUENZA, RELAZIONE) VALUES ('RIFU','PERE',1,'and RIFU.settore (+) = PERE.settore');
INSERT INTO relazione_cond_oggetto ( OGGETTO, RIFERIMENTO, SEQUENZA, RELAZIONE) VALUES ('RAGI','QUGI',3,'   (select ''x'' from riferimento_retribuzione');
INSERT INTO relazione_cond_oggetto ( OGGETTO, RIFERIMENTO, SEQUENZA, RELAZIONE) VALUES ('MOCO','PERE',3,'                                       , ''yyyymm'' ) )');
INSERT INTO relazione_cond_oggetto ( OGGETTO, RIFERIMENTO, SEQUENZA, RELAZIONE) VALUES ('PERE','MOCO',9,'and PERE.competenza in(''C'',''A'')');
INSERT INTO relazione_cond_oggetto ( OGGETTO, RIFERIMENTO, SEQUENZA, RELAZIONE) VALUES ('RUOL','RAGI',1,'and RUOL.codice (+) = RAGI.ruolo');
INSERT INTO relazione_cond_oggetto ( OGGETTO, RIFERIMENTO, SEQUENZA, RELAZIONE) VALUES ('RAGI','RUOL',1,'and RUOL.codice (+) = RAGI.ruolo');
INSERT INTO relazione_cond_oggetto ( OGGETTO, RIFERIMENTO, SEQUENZA, RELAZIONE) VALUES ('SEDE','RAGI',1,'and SEDE.numero (+) = RAGI.sede');
INSERT INTO relazione_cond_oggetto ( OGGETTO, RIFERIMENTO, SEQUENZA, RELAZIONE) VALUES ('RAGI','SEDE',1,'and SEDE.numero (+) = RAGI.sede');
INSERT INTO relazione_cond_oggetto ( OGGETTO, RIFERIMENTO, SEQUENZA, RELAZIONE) VALUES ('COVO','INRE',2,'and INRE.sub  = COVO.sub');
INSERT INTO relazione_cond_oggetto ( OGGETTO, RIFERIMENTO, SEQUENZA, RELAZIONE) VALUES ('COVO','MOCO',2,'and MOCO.sub  = COVO.sub');
INSERT INTO relazione_cond_oggetto ( OGGETTO, RIFERIMENTO, SEQUENZA, RELAZIONE) VALUES ('VARE','COVO',1,'and VARE.voce = COVO.voce');
INSERT INTO relazione_cond_oggetto ( OGGETTO, RIFERIMENTO, SEQUENZA, RELAZIONE) VALUES ('COVO','INRE',1,'and INRE.voce = COVO.voce');
INSERT INTO relazione_cond_oggetto ( OGGETTO, RIFERIMENTO, SEQUENZA, RELAZIONE) VALUES ('RAGI','QUGI',4,'     where nvl(RAGI.al,fin_ela)');
INSERT INTO relazione_cond_oggetto ( OGGETTO, RIFERIMENTO, SEQUENZA, RELAZIONE) VALUES ('MOFI','RARE',1,'and RARE.ci = MOFI.ci');
INSERT INTO relazione_cond_oggetto ( OGGETTO, RIFERIMENTO, SEQUENZA, RELAZIONE) VALUES ('RARE','INEX',1,'and RARE.ci = INEX.ci');
INSERT INTO relazione_cond_oggetto ( OGGETTO, RIFERIMENTO, SEQUENZA, RELAZIONE) VALUES ('PERE','RIFU',1,'and RIFU.settore (+) = PERE.settore');
INSERT INTO relazione_cond_oggetto ( OGGETTO, RIFERIMENTO, SEQUENZA, RELAZIONE) VALUES ('RIFU','PERE',2,'and RIFU.sede (+)    = nvl(PERE.sede,0)');
INSERT INTO relazione_cond_oggetto ( OGGETTO, RIFERIMENTO, SEQUENZA, RELAZIONE) VALUES ('PERE','RIFU',2,'and RIFU.sede (+)    = nvl(PERE.sede,0)');
INSERT INTO relazione_cond_oggetto ( OGGETTO, RIFERIMENTO, SEQUENZA, RELAZIONE) VALUES ('VACA','PERE',1,'and VACA.ci   = PERE.ci');
INSERT INTO relazione_cond_oggetto ( OGGETTO, RIFERIMENTO, SEQUENZA, RELAZIONE) VALUES ('VARE','COVO',2,'and VARE.sub  = COVO.sub');
INSERT INTO relazione_cond_oggetto ( OGGETTO, RIFERIMENTO, SEQUENZA, RELAZIONE) VALUES ('GRRA','RAIN',1,'and GRRA.gruppo = RAIN.gruppo');
INSERT INTO relazione_cond_oggetto ( OGGETTO, RIFERIMENTO, SEQUENZA, RELAZIONE) VALUES ('RAIN','GRRA',1,'and GRRA.gruppo = RAIN.gruppo');
INSERT INTO relazione_cond_oggetto ( OGGETTO, RIFERIMENTO, SEQUENZA, RELAZIONE) VALUES ('RAIN','ANAG',1,'and ANAG.ni = RAIN.ni');
INSERT INTO relazione_cond_oggetto ( OGGETTO, RIFERIMENTO, SEQUENZA, RELAZIONE) VALUES ('RAGI','VACM',1,'and RAGI.ci = VACM.ci');
INSERT INTO relazione_cond_oggetto ( OGGETTO, RIFERIMENTO, SEQUENZA, RELAZIONE) VALUES ('PERE','VACA',1,'and VACA.ci   = PERE.ci');
INSERT INTO relazione_cond_oggetto ( OGGETTO, RIFERIMENTO, SEQUENZA, RELAZIONE) VALUES ('PERE','RAIN',1,'and PERE.ci = RAIN.ci');
INSERT INTO relazione_cond_oggetto ( OGGETTO, RIFERIMENTO, SEQUENZA, RELAZIONE) VALUES ('RAGI','MOCO',1,'and RAGI.ci = MORE.ci');
INSERT INTO relazione_cond_oggetto ( OGGETTO, RIFERIMENTO, SEQUENZA, RELAZIONE) VALUES ('RARE','MOCO',1,'and RARE.ci = MORE.ci');
INSERT INTO relazione_cond_oggetto ( OGGETTO, RIFERIMENTO, SEQUENZA, RELAZIONE) VALUES ('MOCO','COVO',1,'and MOCO.voce = COVO.voce');
INSERT INTO relazione_cond_oggetto ( OGGETTO, RIFERIMENTO, SEQUENZA, RELAZIONE) VALUES ('PRCO','RARE',1,'and RARE.ci = PRCO.ci');
INSERT INTO relazione_cond_oggetto ( OGGETTO, RIFERIMENTO, SEQUENZA, RELAZIONE) VALUES ('PROV_DOM','COMU_DOM',1,'and PROV_DOM.provincia (+) = COMU_DOM.provincia_stato');
INSERT INTO relazione_cond_oggetto ( OGGETTO, RIFERIMENTO, SEQUENZA, RELAZIONE) VALUES ('COMU_DOM','PROV_DOM',1,'and PROV_DOM.provincia (+) = COMU_DOM.provincia_stato');
INSERT INTO relazione_cond_oggetto ( OGGETTO, RIFERIMENTO, SEQUENZA, RELAZIONE) VALUES ('REGI_RES','PROV_RES',1,'and REGI_RES.regione (+) = PROV_RES.regione');
INSERT INTO relazione_cond_oggetto ( OGGETTO, RIFERIMENTO, SEQUENZA, RELAZIONE) VALUES ('PROV_RES','REGI_RES',1,'and REGI_RES.regione (+) = PROV_RES.regione');
INSERT INTO relazione_cond_oggetto ( OGGETTO, RIFERIMENTO, SEQUENZA, RELAZIONE) VALUES ('VACM','PERE',2,'and VACM.anno = PERE.anno');
INSERT INTO relazione_cond_oggetto ( OGGETTO, RIFERIMENTO, SEQUENZA, RELAZIONE) VALUES ('PERE','VACM',2,'and VACM.anno = PERE.anno');
INSERT INTO relazione_cond_oggetto ( OGGETTO, RIFERIMENTO, SEQUENZA, RELAZIONE) VALUES ('VACM','PERE',3,'and VACM.mese = PERE.mese');
INSERT INTO relazione_cond_oggetto ( OGGETTO, RIFERIMENTO, SEQUENZA, RELAZIONE) VALUES ('PERE','VACM',3,'and VACM.mese = PERE.mese');
INSERT INTO relazione_cond_oggetto ( OGGETTO, RIFERIMENTO, SEQUENZA, RELAZIONE) VALUES ('VACA','PERE',2,'and VACA.anno = PERE.anno');
INSERT INTO relazione_cond_oggetto ( OGGETTO, RIFERIMENTO, SEQUENZA, RELAZIONE) VALUES ('COVO','PRCO',1,'and PRCO.voce = COVO.voce');
INSERT INTO relazione_cond_oggetto ( OGGETTO, RIFERIMENTO, SEQUENZA, RELAZIONE) VALUES ('PRCO','COVO',1,'and PRCO.voce = COVO.voce');
INSERT INTO relazione_cond_oggetto ( OGGETTO, RIFERIMENTO, SEQUENZA, RELAZIONE) VALUES ('COVO','VARE',1,'and VARE.voce = COVO.voce');
INSERT INTO relazione_cond_oggetto ( OGGETTO, RIFERIMENTO, SEQUENZA, RELAZIONE) VALUES ('RAGI','CONT',1,'and CONT.codice (+) = RAGI.contratto');
INSERT INTO relazione_cond_oggetto ( OGGETTO, RIFERIMENTO, SEQUENZA, RELAZIONE) VALUES ('SETT','SETTG',1,'and SETTG.numero (+) = SETT.settore_g');
INSERT INTO relazione_cond_oggetto ( OGGETTO, RIFERIMENTO, SEQUENZA, RELAZIONE) VALUES ('QUGI','PERE',1,'and QUGI.numero (+) = PERE.qualifica');
INSERT INTO relazione_cond_oggetto ( OGGETTO, RIFERIMENTO, SEQUENZA, RELAZIONE) VALUES ('ASIN','RARE',1,'and ASIN.codice (+) = RARE.posizione_inail');
INSERT INTO relazione_cond_oggetto ( OGGETTO, RIFERIMENTO, SEQUENZA, RELAZIONE) VALUES ('RARE','ASIN',1,'and ASIN.codice (+) = RARE.posizione_inail');
INSERT INTO relazione_cond_oggetto ( OGGETTO, RIFERIMENTO, SEQUENZA, RELAZIONE) VALUES ('QUGI','PERE',2,'and PERE.al between nvl(QUGI.dal,to_date(''2222222'',''j''))');
INSERT INTO relazione_cond_oggetto ( OGGETTO, RIFERIMENTO, SEQUENZA, RELAZIONE) VALUES ('QUGI','PERE',3,'                and nvl(QUGI.al ,to_date(''3333333'',''j''))');
INSERT INTO relazione_cond_oggetto ( OGGETTO, RIFERIMENTO, SEQUENZA, RELAZIONE) VALUES ('PERE','QUGI',1,'and QUGI.numero (+) = PERE.qualifica');
INSERT INTO relazione_cond_oggetto ( OGGETTO, RIFERIMENTO, SEQUENZA, RELAZIONE) VALUES ('RARE','VARE',1,'and RARE.ci = VARE.ci');
INSERT INTO relazione_cond_oggetto ( OGGETTO, RIFERIMENTO, SEQUENZA, RELAZIONE) VALUES ('VARE','RARE',1,'and RARE.ci = VARE.ci');
INSERT INTO relazione_cond_oggetto ( OGGETTO, RIFERIMENTO, SEQUENZA, RELAZIONE) VALUES ('RARE','INRE',1,'and RARE.ci = INRE.ci');
INSERT INTO relazione_cond_oggetto ( OGGETTO, RIFERIMENTO, SEQUENZA, RELAZIONE) VALUES ('PROV_NAS','COMU_NAS',1,'and PROV_NAS.provincia (+) = COMU_NAS.provincia_stato');
INSERT INTO relazione_cond_oggetto ( OGGETTO, RIFERIMENTO, SEQUENZA, RELAZIONE) VALUES ('COMU_NAS','PROV_NAS',1,'and PROV_NAS.provincia (+) = COMU_NAS.provincia_stato');
INSERT INTO relazione_cond_oggetto ( OGGETTO, RIFERIMENTO, SEQUENZA, RELAZIONE) VALUES ('PROV_RES','COMU_RES',1,'and PROV_RES.provincia (+) = COMU_RES.provincia_stato');
INSERT INTO relazione_cond_oggetto ( OGGETTO, RIFERIMENTO, SEQUENZA, RELAZIONE) VALUES ('COMU_RES','PROV_RES',1,'and PROV_RES.provincia (+) = COMU_RES.provincia_stato');
INSERT INTO relazione_cond_oggetto ( OGGETTO, RIFERIMENTO, SEQUENZA, RELAZIONE) VALUES ('PERE','RQMI',80,'           and RQMI.figura     = PERE.figura');
INSERT INTO relazione_cond_oggetto ( OGGETTO, RIFERIMENTO, SEQUENZA, RELAZIONE) VALUES ('PERE','RQMI',90,'      and nvl(RQMI.di_ruolo,POSI.di_ruolo) = POSI.di_ruolo');
INSERT INTO relazione_cond_oggetto ( OGGETTO, RIFERIMENTO, SEQUENZA, RELAZIONE) VALUES ('PERE','VACA',2,'and VACA.anno = PERE.anno');
INSERT INTO relazione_cond_oggetto ( OGGETTO, RIFERIMENTO, SEQUENZA, RELAZIONE) VALUES ('VACA','PERE',3,'and VACA.mese = PERE.mese');
INSERT INTO relazione_cond_oggetto ( OGGETTO, RIFERIMENTO, SEQUENZA, RELAZIONE) VALUES ('INEX','RARE',1,'and RARE.ci = INEX.ci');
INSERT INTO relazione_cond_oggetto ( OGGETTO, RIFERIMENTO, SEQUENZA, RELAZIONE) VALUES ('VACM','RAGI',1,'and VACM.ci = RAGI.ci');
INSERT INTO relazione_cond_oggetto ( OGGETTO, RIFERIMENTO, SEQUENZA, RELAZIONE) VALUES ('MOCO','RARE',1,'and RARE.ci = MOCO.ci');
INSERT INTO relazione_cond_oggetto ( OGGETTO, RIFERIMENTO, SEQUENZA, RELAZIONE) VALUES ('PERE','RQMI',10,'and nvl(RQMI.tipo_rapporto,nvl(PERE.tipo_rapporto,''TP'')) =');
INSERT INTO relazione_cond_oggetto ( OGGETTO, RIFERIMENTO, SEQUENZA, RELAZIONE) VALUES ('RAGI','QUGI',5,'           between nvl(QUGI.dal,to_date(''2222222'',''j''))');
INSERT INTO relazione_cond_oggetto ( OGGETTO, RIFERIMENTO, SEQUENZA, RELAZIONE) VALUES ('RAGI','QUGI',6,'               and nvl(QUGI.al ,to_date(''3333333'',''j'')))');
INSERT INTO relazione_cond_oggetto ( OGGETTO, RIFERIMENTO, SEQUENZA, RELAZIONE) VALUES ('ISCR','RARE',1,'and ISCR.codice = RARE.istituto');
INSERT INTO relazione_cond_oggetto ( OGGETTO, RIFERIMENTO, SEQUENZA, RELAZIONE) VALUES ('RARE','ISCR',1,'and ISCR.codice = RARE.istituto');
INSERT INTO relazione_cond_oggetto ( OGGETTO, RIFERIMENTO, SEQUENZA, RELAZIONE) VALUES ('ANAG','RAIN',1,'and ANAG.ni = RAIN.ni');
INSERT INTO relazione_cond_oggetto ( OGGETTO, RIFERIMENTO, SEQUENZA, RELAZIONE) VALUES ('SPOR','RARE',1,'and SPOR.istituto  = RARE.istituto');
INSERT INTO relazione_cond_oggetto ( OGGETTO, RIFERIMENTO, SEQUENZA, RELAZIONE) VALUES ('RARE','SPOR',1,'and SPOR.istituto  = RARE.istituto');
INSERT INTO relazione_cond_oggetto ( OGGETTO, RIFERIMENTO, SEQUENZA, RELAZIONE) VALUES ('SPOR','RARE',2,'and SPOR.sportello = RARE.sportello');
INSERT INTO relazione_cond_oggetto ( OGGETTO, RIFERIMENTO, SEQUENZA, RELAZIONE) VALUES ('QUAL','QUGI',1,'and QUAL.numero = QUGI.numero');
INSERT INTO relazione_cond_oggetto ( OGGETTO, RIFERIMENTO, SEQUENZA, RELAZIONE) VALUES ('PERE','MOCO',6,'         , nvl( RAGI.al,to_date(''3333333'',''j''))');
INSERT INTO relazione_cond_oggetto ( OGGETTO, RIFERIMENTO, SEQUENZA, RELAZIONE) VALUES ('QUGI','QUAL',1,'and QUAL.numero = QUGI.numero');
INSERT INTO relazione_cond_oggetto ( OGGETTO, RIFERIMENTO, SEQUENZA, RELAZIONE) VALUES ('QUGI','RAGI',2,'and exists');
INSERT INTO relazione_cond_oggetto ( OGGETTO, RIFERIMENTO, SEQUENZA, RELAZIONE) VALUES ('PERE','MOCO',7,'         )     between PERE.dal');
INSERT INTO relazione_cond_oggetto ( OGGETTO, RIFERIMENTO, SEQUENZA, RELAZIONE) VALUES ('PERE','MOCO',8,'                   and PERE.al');
INSERT INTO relazione_cond_oggetto ( OGGETTO, RIFERIMENTO, SEQUENZA, RELAZIONE) VALUES ('PERE','RQMI',140,'      or (    RQMI.qualifica is not null');
INSERT INTO relazione_cond_oggetto ( OGGETTO, RIFERIMENTO, SEQUENZA, RELAZIONE) VALUES ('PERE','RQMI',150,'          and RQMI.figura    is not null');
INSERT INTO relazione_cond_oggetto ( OGGETTO, RIFERIMENTO, SEQUENZA, RELAZIONE) VALUES ('PERA','PERE',1,'and PERE.rowid = PERA.rowid (+)');
INSERT INTO relazione_cond_oggetto ( OGGETTO, RIFERIMENTO, SEQUENZA, RELAZIONE) VALUES ('PERE','PERA',1,'and PERE.rowid = PERA.rowid (+)');
INSERT INTO relazione_cond_oggetto ( OGGETTO, RIFERIMENTO, SEQUENZA, RELAZIONE) VALUES ('QUGI','RAGI',1,'and QUGI.numero (+) = RAGI.qualifica');
INSERT INTO relazione_cond_oggetto ( OGGETTO, RIFERIMENTO, SEQUENZA, RELAZIONE) VALUES ('RAGI','QUGI',1,'and QUGI.numero (+) = RAGI.qualifica');
INSERT INTO relazione_cond_oggetto ( OGGETTO, RIFERIMENTO, SEQUENZA, RELAZIONE) VALUES ('PERE','VACA',3,'and VACA.mese = PERE.mese');
INSERT INTO relazione_cond_oggetto ( OGGETTO, RIFERIMENTO, SEQUENZA, RELAZIONE) VALUES ('RAIN_ST','ANAG',1,'and RAIN_ST.ni = ANAG.ni');
INSERT INTO relazione_cond_oggetto ( OGGETTO, RIFERIMENTO, SEQUENZA, RELAZIONE) VALUES ('ANAG','RAIN_ST',1,'and RAIN_ST.ni = ANAG.ni');
INSERT INTO relazione_cond_oggetto ( OGGETTO, RIFERIMENTO, SEQUENZA, RELAZIONE) VALUES ('QUMI','RQMI',1,'and RQMI.codice = QUMI.codice');
INSERT INTO relazione_cond_oggetto ( OGGETTO, RIFERIMENTO, SEQUENZA, RELAZIONE) VALUES ('RQMI','QUMI',1,'and RQMI.codice = QUMI.codice');
INSERT INTO relazione_cond_oggetto ( OGGETTO, RIFERIMENTO, SEQUENZA, RELAZIONE) VALUES ('RAGI','RAIN',1,'and RAIN.ci = RAGI.ci');
INSERT INTO relazione_cond_oggetto ( OGGETTO, RIFERIMENTO, SEQUENZA, RELAZIONE) VALUES ('PERA','PERA',6,'                     to_char(nvl(PERA.anno,RIFA.anno))');
INSERT INTO relazione_cond_oggetto ( OGGETTO, RIFERIMENTO, SEQUENZA, RELAZIONE) VALUES ('PERA','PERA',7,'                   , ''ddmmyyyy'' )');
INSERT INTO relazione_cond_oggetto ( OGGETTO, RIFERIMENTO, SEQUENZA, RELAZIONE) VALUES ('PERA','PERA',8,'        and to_date( ''3112''||');
INSERT INTO relazione_cond_oggetto ( OGGETTO, RIFERIMENTO, SEQUENZA, RELAZIONE) VALUES ('PERA','PERA',9,'                     to_char(nvl(PERA.anno,RIFA.anno))');
INSERT INTO relazione_cond_oggetto ( OGGETTO, RIFERIMENTO, SEQUENZA, RELAZIONE) VALUES ('PERA','PERA',10,'                   , ''ddmmyyyy'' )');
INSERT INTO relazione_cond_oggetto ( OGGETTO, RIFERIMENTO, SEQUENZA, RELAZIONE) VALUES ('RAIN','INDI',1,'and INDI.ni = RAIN.ni');
INSERT INTO relazione_cond_oggetto ( OGGETTO, RIFERIMENTO, SEQUENZA, RELAZIONE) VALUES ('CLRA','RAIN',1,'and CLRA.codice = RAIN.rapporto');
INSERT INTO relazione_cond_oggetto ( OGGETTO, RIFERIMENTO, SEQUENZA, RELAZIONE) VALUES ('RAIN','CLRA',1,'and CLRA.codice = RAIN.rapporto');
INSERT INTO relazione_cond_oggetto ( OGGETTO, RIFERIMENTO, SEQUENZA, RELAZIONE) VALUES ('PERE','RQMI',20,'                           nvl(PERE.tipo_rapporto,''TP'')');
INSERT INTO relazione_cond_oggetto ( OGGETTO, RIFERIMENTO, SEQUENZA, RELAZIONE) VALUES ('PERE','RQMI',30,'and (  (  RQMI.figura   is null');
INSERT INTO relazione_cond_oggetto ( OGGETTO, RIFERIMENTO, SEQUENZA, RELAZIONE) VALUES ('PERE','RQMI',40,'      and RQMI.qualifica = PERE.qualifica');
INSERT INTO relazione_cond_oggetto ( OGGETTO, RIFERIMENTO, SEQUENZA, RELAZIONE) VALUES ('PERE','RQMI',50,'      and nvl(RQMI.di_ruolo,POSI.di_ruolo) = POSI.di_ruolo');
INSERT INTO relazione_cond_oggetto ( OGGETTO, RIFERIMENTO, SEQUENZA, RELAZIONE) VALUES ('PERE','RQMI',70,'       or (    RQMI.qualifica is null');
INSERT INTO relazione_cond_oggetto ( OGGETTO, RIFERIMENTO, SEQUENZA, RELAZIONE) VALUES ('PERE','MOCO',3,'                                       , ''yyyymm'' ) )');
INSERT INTO relazione_cond_oggetto ( OGGETTO, RIFERIMENTO, SEQUENZA, RELAZIONE) VALUES ('MOCO','PERE',8,'                   and PERE.al');
INSERT INTO relazione_cond_oggetto ( OGGETTO, RIFERIMENTO, SEQUENZA, RELAZIONE) VALUES ('PRCO','COVO',2,'and PRCO.sub  = COVO.sub');
INSERT INTO relazione_cond_oggetto ( OGGETTO, RIFERIMENTO, SEQUENZA, RELAZIONE) VALUES ('SETT','PERE',1,'and SETT.numero (+) = PERE.settore');
INSERT INTO relazione_cond_oggetto ( OGGETTO, RIFERIMENTO, SEQUENZA, RELAZIONE) VALUES ('PERE','SETT',1,'and SETT.numero (+) = PERE.settore');
INSERT INTO relazione_cond_oggetto ( OGGETTO, RIFERIMENTO, SEQUENZA, RELAZIONE) VALUES ('QUGI','RAGI',3,'   (select ''x'' from riferimento_retribuzione');
INSERT INTO relazione_cond_oggetto ( OGGETTO, RIFERIMENTO, SEQUENZA, RELAZIONE) VALUES ('RIFU','RAGI',1,'and RIFU.settore (+) = RAGI.settore');
INSERT INTO relazione_cond_oggetto ( OGGETTO, RIFERIMENTO, SEQUENZA, RELAZIONE) VALUES ('RIFU','RAGI',2,'and RIFU.sede (+)    = nvl(RAGI.sede,0)');
INSERT INTO relazione_cond_oggetto ( OGGETTO, RIFERIMENTO, SEQUENZA, RELAZIONE) VALUES ('QUGI','RAGI',6,'               and nvl(QUGI.al ,to_date(''3333333'',''j'')))');
INSERT INTO relazione_cond_oggetto ( OGGETTO, RIFERIMENTO, SEQUENZA, RELAZIONE) VALUES ('RAGI','QUGI',2,'and exists');
INSERT INTO relazione_cond_oggetto ( OGGETTO, RIFERIMENTO, SEQUENZA, RELAZIONE) VALUES ('PERA','PERA',3,'       , to_date( ''0101''||to_char(nvl(PERA.anno,RIFA.anno))');
INSERT INTO relazione_cond_oggetto ( OGGETTO, RIFERIMENTO, SEQUENZA, RELAZIONE) VALUES ('PERA','PERA',5,'    between to_date( ''0101''||');
INSERT INTO relazione_cond_oggetto ( OGGETTO, RIFERIMENTO, SEQUENZA, RELAZIONE) VALUES ('RAGI','RARE',1,'and RARE.ci = RAGI.ci');
INSERT INTO relazione_cond_oggetto ( OGGETTO, RIFERIMENTO, SEQUENZA, RELAZIONE) VALUES ('INDI','RAGI',1,'and INDI.ci = RAGI.ci');
INSERT INTO relazione_cond_oggetto ( OGGETTO, RIFERIMENTO, SEQUENZA, RELAZIONE) VALUES ('RAGI','INDI',1,'and INDI.ci = RAGI.ci');
INSERT INTO relazione_cond_oggetto ( OGGETTO, RIFERIMENTO, SEQUENZA, RELAZIONE) VALUES ('INDI','RAIN',1,'and INDI.ni = RAIN.ni');
INSERT INTO relazione_cond_oggetto ( OGGETTO, RIFERIMENTO, SEQUENZA, RELAZIONE) VALUES ('ANAG','COMU_NAS',2,'and COMU_NAS.comune (+)          = ANAG.comune_nas');
INSERT INTO relazione_cond_oggetto ( OGGETTO, RIFERIMENTO, SEQUENZA, RELAZIONE) VALUES ('SEDE','PERE',1,'and SEDE.numero (+) = PERE.sede');
INSERT INTO relazione_cond_oggetto ( OGGETTO, RIFERIMENTO, SEQUENZA, RELAZIONE) VALUES ('PERE','SEDE',1,'and SEDE.numero (+) = PERE.sede');
INSERT INTO relazione_cond_oggetto ( OGGETTO, RIFERIMENTO, SEQUENZA, RELAZIONE) VALUES ('PERE','GEST',1,'and GEST.codice (+) = PERE.gestione');
INSERT INTO relazione_cond_oggetto ( OGGETTO, RIFERIMENTO, SEQUENZA, RELAZIONE) VALUES ('GEST','PERE',1,'and GEST.codice (+) = PERE.gestione');
INSERT INTO relazione_cond_oggetto ( OGGETTO, RIFERIMENTO, SEQUENZA, RELAZIONE) VALUES ('CONT','PERE',1,'and CONT.codice (+) = PERE.contratto');
INSERT INTO relazione_cond_oggetto ( OGGETTO, RIFERIMENTO, SEQUENZA, RELAZIONE) VALUES ('PERE','CONT',1,'and CONT.codice (+) = PERE.contratto');
INSERT INTO relazione_cond_oggetto ( OGGETTO, RIFERIMENTO, SEQUENZA, RELAZIONE) VALUES ('QUAL','PERE',1,'and QUAL.numero (+) = PERE.qualifica');
INSERT INTO relazione_cond_oggetto ( OGGETTO, RIFERIMENTO, SEQUENZA, RELAZIONE) VALUES ('PERE','QUAL',1,'and QUAL.numero (+) = PERE.qualifica');
INSERT INTO relazione_cond_oggetto ( OGGETTO, RIFERIMENTO, SEQUENZA, RELAZIONE) VALUES ('PERE','ATTI',1,'and ATTI.codice (+) = PERE.attivita');
INSERT INTO relazione_cond_oggetto ( OGGETTO, RIFERIMENTO, SEQUENZA, RELAZIONE) VALUES ('ATTI','PERE',1,'and ATTI.codice (+) = PERE.attivita');
INSERT INTO relazione_cond_oggetto ( OGGETTO, RIFERIMENTO, SEQUENZA, RELAZIONE) VALUES ('PERE','VACM',1,'and VACM.ci   = PERE.ci');
INSERT INTO relazione_cond_oggetto ( OGGETTO, RIFERIMENTO, SEQUENZA, RELAZIONE) VALUES ('VACM','PERE',1,'and VACM.ci   = PERE.ci');
INSERT INTO relazione_cond_oggetto ( OGGETTO, RIFERIMENTO, SEQUENZA, RELAZIONE) VALUES ('RAGI','POSI',1,'and POSI.codice (+) = RAGI.posizione');
INSERT INTO relazione_cond_oggetto ( OGGETTO, RIFERIMENTO, SEQUENZA, RELAZIONE) VALUES ('POSI','RAGI',1,'and POSI.codice (+) = RAGI.posizione');
INSERT INTO relazione_cond_oggetto ( OGGETTO, RIFERIMENTO, SEQUENZA, RELAZIONE) VALUES ('GEST','RAGI',1,'and GEST.codice (+) = RAGI.gestione');
INSERT INTO relazione_cond_oggetto ( OGGETTO, RIFERIMENTO, SEQUENZA, RELAZIONE) VALUES ('QUGI','RAGI',4,'     where nvl(RAGI.al,fin_ela)');
INSERT INTO relazione_cond_oggetto ( OGGETTO, RIFERIMENTO, SEQUENZA, RELAZIONE) VALUES ('QUGI','RAGI',5,'           between nvl(QUGI.dal,to_date(''2222222'',''j''))');
INSERT INTO relazione_cond_oggetto ( OGGETTO, RIFERIMENTO, SEQUENZA, RELAZIONE) VALUES ('PERA','PERA',1,'and nvl(PERA.competenza,''A'') = ''A''');
INSERT INTO relazione_cond_oggetto ( OGGETTO, RIFERIMENTO, SEQUENZA, RELAZIONE) VALUES ('PERA','PERA',2,'and nvl( PERA.periodo');
INSERT INTO relazione_cond_oggetto ( OGGETTO, RIFERIMENTO, SEQUENZA, RELAZIONE) VALUES ('RAIN','RAGI',1,'and RAIN.ci = RAGI.ci');
INSERT INTO relazione_cond_oggetto ( OGGETTO, RIFERIMENTO, SEQUENZA, RELAZIONE) VALUES ('ANAG','COMU_DOM',1,'and COMU_DOM.provincia_stato (+) = ANAG.provincia_dom');
INSERT INTO relazione_cond_oggetto ( OGGETTO, RIFERIMENTO, SEQUENZA, RELAZIONE) VALUES ('COMU_RES','ANAG',2,'and COMU_RES.comune (+)          = ANAG.comune_res');
INSERT INTO relazione_cond_oggetto ( OGGETTO, RIFERIMENTO, SEQUENZA, RELAZIONE) VALUES ('ANAG','COMU_RES',2,'and COMU_RES.comune (+)          = ANAG.comune_res');
INSERT INTO relazione_cond_oggetto ( OGGETTO, RIFERIMENTO, SEQUENZA, RELAZIONE) VALUES ('PERA','PERA',4,'                , ''ddmmyyyy''))');
INSERT INTO relazione_cond_oggetto ( OGGETTO, RIFERIMENTO, SEQUENZA, RELAZIONE) VALUES ('PERE','QUGI',3,'                and nvl(QUGI.al ,to_date(''3333333'',''j''))');
INSERT INTO relazione_cond_oggetto ( OGGETTO, RIFERIMENTO, SEQUENZA, RELAZIONE) VALUES ('PERE','RUOL',1,'and RUOL.codice (+) = PERE.ruolo');
INSERT INTO relazione_cond_oggetto ( OGGETTO, RIFERIMENTO, SEQUENZA, RELAZIONE) VALUES ('COMU_RES','ANAG',1,'and COMU_RES.provincia_stato (+) = ANAG.provincia_res');
INSERT INTO relazione_cond_oggetto ( OGGETTO, RIFERIMENTO, SEQUENZA, RELAZIONE) VALUES ('RAGI','GEST',1,'and GEST.codice (+) = RAGI.gestione');
INSERT INTO relazione_cond_oggetto ( OGGETTO, RIFERIMENTO, SEQUENZA, RELAZIONE) VALUES ('RAGI','SETT',1,'and SETT.numero (+) = RAGI.settore');
INSERT INTO relazione_cond_oggetto ( OGGETTO, RIFERIMENTO, SEQUENZA, RELAZIONE) VALUES ('SETTA','SETT',1,'and SETTA.numero (+) = SETT.settore_a');
INSERT INTO relazione_cond_oggetto ( OGGETTO, RIFERIMENTO, SEQUENZA, RELAZIONE) VALUES ('SETTB','SETT',1,'and SETTB.numero (+) = SETT.settore_b');
INSERT INTO relazione_cond_oggetto ( OGGETTO, RIFERIMENTO, SEQUENZA, RELAZIONE) VALUES ('SETTG','SETT',1,'and SETTG.numero (+) = SETT.settore_g');
INSERT INTO relazione_cond_oggetto ( OGGETTO, RIFERIMENTO, SEQUENZA, RELAZIONE) VALUES ('ENTE','ENTE',1,'and ENTE.ente_id = ''ENTE''');
INSERT INTO relazione_cond_oggetto ( OGGETTO, RIFERIMENTO, SEQUENZA, RELAZIONE) VALUES ('RAINE','RARE',1,'and RAINE.ci = RARE.ci');
INSERT INTO relazione_cond_oggetto ( OGGETTO, RIFERIMENTO, SEQUENZA, RELAZIONE) VALUES ('RARE','RAINE',1,'and RAINE.ci = RARE.ci');
INSERT INTO relazione_cond_oggetto ( OGGETTO, RIFERIMENTO, SEQUENZA, RELAZIONE) VALUES ('BAAP','BAAP',3,'                        , 1, 5 ), '' '' )');
INSERT INTO relazione_cond_oggetto ( OGGETTO, RIFERIMENTO, SEQUENZA, RELAZIONE) VALUES ('BAAP','BAAP',2,'   (select rtrim( substr( max(rpad(istituto,5)||sportello)');
INSERT INTO relazione_cond_oggetto ( OGGETTO, RIFERIMENTO, SEQUENZA, RELAZIONE) VALUES ('COMU_NAS','ANAG',1,'and COMU_NAS.provincia_stato (+) = ANAG.provincia_nas');
INSERT INTO relazione_cond_oggetto ( OGGETTO, RIFERIMENTO, SEQUENZA, RELAZIONE) VALUES ('BAAP','BAAP',4,'         , substr( max(rpad(istituto,5)||sportello), 6 )');
INSERT INTO relazione_cond_oggetto ( OGGETTO, RIFERIMENTO, SEQUENZA, RELAZIONE) VALUES ('VACA','RAGI',1,'and VACA.ci = RAGI.ci');
INSERT INTO relazione_cond_oggetto ( OGGETTO, RIFERIMENTO, SEQUENZA, RELAZIONE) VALUES ('BAAP','BAAP',5,'      from sportelli');
INSERT INTO relazione_cond_oggetto ( OGGETTO, RIFERIMENTO, SEQUENZA, RELAZIONE) VALUES ('BAAP','BAAP',6,'     where (   istituto  = RARE.istituto');
INSERT INTO relazione_cond_oggetto ( OGGETTO, RIFERIMENTO, SEQUENZA, RELAZIONE) VALUES ('BAAP','BAAP',7,'            or istituto  = ''*'')');
INSERT INTO relazione_cond_oggetto ( OGGETTO, RIFERIMENTO, SEQUENZA, RELAZIONE) VALUES ('BAAP','BAAP',9,'       and (   sportello = ''*''||PERE.gestione');
INSERT INTO relazione_cond_oggetto ( OGGETTO, RIFERIMENTO, SEQUENZA, RELAZIONE) VALUES ('BAAP','BAAP',10,'            or sportello = ''*'')');
INSERT INTO relazione_cond_oggetto ( OGGETTO, RIFERIMENTO, SEQUENZA, RELAZIONE) VALUES ('RAGI','VACA',1,'and VACA.ci = RAGI.ci');
INSERT INTO relazione_cond_oggetto ( OGGETTO, RIFERIMENTO, SEQUENZA, RELAZIONE) VALUES ('BAAP','BAAP',12,'   )');
INSERT INTO relazione_cond_oggetto ( OGGETTO, RIFERIMENTO, SEQUENZA, RELAZIONE) VALUES ('RIFU','CLFU',1,'and CLFU.codice (+) = RIFU.funzionale');
INSERT INTO relazione_cond_oggetto ( OGGETTO, RIFERIMENTO, SEQUENZA, RELAZIONE) VALUES ('CLFU','RIFU',1,'and CLFU.codice (+) = RIFU.funzionale');
INSERT INTO relazione_cond_oggetto ( OGGETTO, RIFERIMENTO, SEQUENZA, RELAZIONE) VALUES ('BAAP','BAAP',1,'and (BAAP.istituto,BAAP.sportello) =');
INSERT INTO relazione_cond_oggetto ( OGGETTO, RIFERIMENTO, SEQUENZA, RELAZIONE) VALUES ('ANAG','COMU_NAS',1,'and COMU_NAS.provincia_stato (+) = ANAG.provincia_nas');
INSERT INTO relazione_cond_oggetto ( OGGETTO, RIFERIMENTO, SEQUENZA, RELAZIONE) VALUES ('CONT','RAGI',1,'and CONT.codice (+) = RAGI.contratto');
INSERT INTO relazione_cond_oggetto ( OGGETTO, RIFERIMENTO, SEQUENZA, RELAZIONE) VALUES ('PERE','QUGI',2,'and PERE.al between nvl(QUGI.dal,to_date(''2222222'',''j''))');
INSERT INTO relazione_cond_oggetto ( OGGETTO, RIFERIMENTO, SEQUENZA, RELAZIONE) VALUES ('RUOL','PERE',1,'and RUOL.codice (+) = PERE.ruolo');
INSERT INTO relazione_cond_oggetto ( OGGETTO, RIFERIMENTO, SEQUENZA, RELAZIONE) VALUES ('COMU_DOM','ANAG',2,'and COMU_DOM.comune (+)          = ANAG.comune_dom');
INSERT INTO relazione_cond_oggetto ( OGGETTO, RIFERIMENTO, SEQUENZA, RELAZIONE) VALUES ('SETT','RAGI',1,'and SETT.numero (+) = RAGI.settore');
INSERT INTO relazione_cond_oggetto ( OGGETTO, RIFERIMENTO, SEQUENZA, RELAZIONE) VALUES ('ANAG','COMU_DOM',2,'and COMU_DOM.comune (+)          = ANAG.comune_dom');
INSERT INTO relazione_cond_oggetto ( OGGETTO, RIFERIMENTO, SEQUENZA, RELAZIONE) VALUES ('MOCO','COVO',2,'and MOCO.sub  = COVO.sub');
INSERT INTO relazione_cond_oggetto ( OGGETTO, RIFERIMENTO, SEQUENZA, RELAZIONE) VALUES ('RIFA','RIFA',1,'and RIFA.rifa_id = ''RIFA''');
INSERT INTO relazione_cond_oggetto ( OGGETTO, RIFERIMENTO, SEQUENZA, RELAZIONE) VALUES ('TRPR','RARE',1,'and RARE.trattamento = TRPR.codice (+)');
INSERT INTO relazione_cond_oggetto ( OGGETTO, RIFERIMENTO, SEQUENZA, RELAZIONE) VALUES ('RARE','TRPR',1,'and RARE.trattamento = TRPR.codice (+)');
INSERT INTO relazione_cond_oggetto ( OGGETTO, RIFERIMENTO, SEQUENZA, RELAZIONE) VALUES ('VOCI_SIN','INRE',1,'and voci_sin.codice = inre.voce');
INSERT INTO relazione_cond_oggetto ( OGGETTO, RIFERIMENTO, SEQUENZA, RELAZIONE) VALUES ('INRE','VOCI_SIN',1,'and voci_sin.codice = inre.voce');
INSERT INTO relazione_cond_oggetto ( OGGETTO, RIFERIMENTO, SEQUENZA, RELAZIONE) VALUES ('VOCI_SIN','INRE',2,'and voci_sin.specifica = ''SIN''');
INSERT INTO relazione_cond_oggetto ( OGGETTO, RIFERIMENTO, SEQUENZA, RELAZIONE) VALUES ('INRE','VOCI_SIN',2,'and voci_sin.specifica = ''SIN''');
INSERT INTO relazione_cond_oggetto ( OGGETTO, RIFERIMENTO, SEQUENZA, RELAZIONE) VALUES ('RIFU','CECO',1,'and CECO.codice (+) = RIFU.cdc');
INSERT INTO relazione_cond_oggetto ( OGGETTO, RIFERIMENTO, SEQUENZA, RELAZIONE) VALUES ('CECO','RIFU',1,'and CECO.codice (+) = RIFU.cdc');
INSERT INTO relazione_cond_oggetto ( OGGETTO, RIFERIMENTO, SEQUENZA, RELAZIONE) VALUES ('RAGID','RAGF',2,'    decode( RAIN.ci');
INSERT INTO relazione_cond_oggetto ( OGGETTO, RIFERIMENTO, SEQUENZA, RELAZIONE) VALUES ('RAGF','RAGID',2,'    decode( RAIN.ci');
INSERT INTO relazione_cond_oggetto ( OGGETTO, RIFERIMENTO, SEQUENZA, RELAZIONE) VALUES ('RAGF','RAGID',1,'and RAGID.ci =');
INSERT INTO relazione_cond_oggetto ( OGGETTO, RIFERIMENTO, SEQUENZA, RELAZIONE) VALUES ('RAGID','RAGF',1,'and RAGID.ci =');
INSERT INTO relazione_cond_oggetto ( OGGETTO, RIFERIMENTO, SEQUENZA, RELAZIONE) VALUES ('RAGF','RAGID',3,'          , RAIND.ci, RAIN.ci');
INSERT INTO relazione_cond_oggetto ( OGGETTO, RIFERIMENTO, SEQUENZA, RELAZIONE) VALUES ('RAGID','RAGF',3,'          , RAIND.ci, RAIN.ci');
INSERT INTO relazione_cond_oggetto ( OGGETTO, RIFERIMENTO, SEQUENZA, RELAZIONE) VALUES ('RAGF','RAGID',4,'                    , decode');
INSERT INTO relazione_cond_oggetto ( OGGETTO, RIFERIMENTO, SEQUENZA, RELAZIONE) VALUES ('RAGID','RAGF',4,'                    , decode');
INSERT INTO relazione_cond_oggetto ( OGGETTO, RIFERIMENTO, SEQUENZA, RELAZIONE) VALUES ('RAGF','RAGID',5,'                      ( RAIN.ni');
INSERT INTO relazione_cond_oggetto ( OGGETTO, RIFERIMENTO, SEQUENZA, RELAZIONE) VALUES ('RAGID','RAGF',5,'                      ( RAIN.ni');
INSERT INTO relazione_cond_oggetto ( OGGETTO, RIFERIMENTO, SEQUENZA, RELAZIONE) VALUES ('RAGF','RAGID',6,'                      , RAIND.ni, RARE.ci');
INSERT INTO relazione_cond_oggetto ( OGGETTO, RIFERIMENTO, SEQUENZA, RELAZIONE) VALUES ('RAGID','RAGF',6,'                      , RAIND.ni, RARE.ci');
INSERT INTO relazione_cond_oggetto ( OGGETTO, RIFERIMENTO, SEQUENZA, RELAZIONE) VALUES ('RAGF','RAGID',7,'                                , nvl(RADI.ci_erede,RARE.ci)');
INSERT INTO relazione_cond_oggetto ( OGGETTO, RIFERIMENTO, SEQUENZA, RELAZIONE) VALUES ('RAGID','RAGF',7,'                                , nvl(RADI.ci_erede,RARE.ci)');
INSERT INTO relazione_cond_oggetto ( OGGETTO, RIFERIMENTO, SEQUENZA, RELAZIONE) VALUES ('RAGF','RAGID',8,'                      ))');
INSERT INTO relazione_cond_oggetto ( OGGETTO, RIFERIMENTO, SEQUENZA, RELAZIONE) VALUES ('RAGID','RAGF',8,'                      ))');
INSERT INTO relazione_cond_oggetto ( OGGETTO, RIFERIMENTO, SEQUENZA, RELAZIONE) VALUES ('PERE','MOCO',4,'and PERE.ci          = MORE.ci');
INSERT INTO relazione_cond_oggetto ( OGGETTO, RIFERIMENTO, SEQUENZA, RELAZIONE) VALUES ('PERE','MOCO',5,'and least( MORE.riferimento');
INSERT INTO relazione_cond_oggetto ( OGGETTO, RIFERIMENTO, SEQUENZA, RELAZIONE) VALUES ('PERE','MOCO',2,'                                         MORE.mese');
INSERT INTO relazione_cond_oggetto ( OGGETTO, RIFERIMENTO, SEQUENZA, RELAZIONE) VALUES ('RAGF','RARE',1,'and RARE.ci = RADI.ci (+)');
INSERT INTO relazione_cond_oggetto ( OGGETTO, RIFERIMENTO, SEQUENZA, RELAZIONE) VALUES ('RARE','RAGF',1,'and RARE.ci = RADI.ci (+)');
INSERT INTO relazione_cond_oggetto ( OGGETTO, RIFERIMENTO, SEQUENZA, RELAZIONE) VALUES ('RADI','RAGF',1,'and (   RARE.ci       = RAGF.ci');
INSERT INTO relazione_cond_oggetto ( OGGETTO, RIFERIMENTO, SEQUENZA, RELAZIONE) VALUES ('RADI','RAGF',2,'or RADI.ci_erede      = RAGF.ci)');
INSERT INTO relazione_cond_oggetto ( OGGETTO, RIFERIMENTO, SEQUENZA, RELAZIONE) VALUES ('RAGF','RADI',1,'and (   RARE.ci       = RAGF.ci');
INSERT INTO relazione_cond_oggetto ( OGGETTO, RIFERIMENTO, SEQUENZA, RELAZIONE) VALUES ('RAGF','RADI',2,'or RADI.ci_erede      = RAGF.ci)');
INSERT INTO relazione_cond_oggetto ( OGGETTO, RIFERIMENTO, SEQUENZA, RELAZIONE) VALUES ('RADI','RAIND',1,'and RAIND.ci = decode( RAGF.ci');
INSERT INTO relazione_cond_oggetto ( OGGETTO, RIFERIMENTO, SEQUENZA, RELAZIONE) VALUES ('RADI','RAIND',2,', RADI.ci_erede, RADI.ci');
INSERT INTO relazione_cond_oggetto ( OGGETTO, RIFERIMENTO, SEQUENZA, RELAZIONE) VALUES ('RADI','RAIND',3,' , nvl(RADI.ci_erede,RAGF.ci))');
INSERT INTO relazione_cond_oggetto ( OGGETTO, RIFERIMENTO, SEQUENZA, RELAZIONE) VALUES ('RAIND','RADI',1,'and RAIND.ci = decode( RAGF.ci');
INSERT INTO relazione_cond_oggetto ( OGGETTO, RIFERIMENTO, SEQUENZA, RELAZIONE) VALUES ('RAIND','RADI',2,', RADI.ci_erede, RADI.ci');
INSERT INTO relazione_cond_oggetto ( OGGETTO, RIFERIMENTO, SEQUENZA, RELAZIONE) VALUES ('RAIND','RADI',3,' , nvl(RADI.ci_erede,RAGF.ci))');
INSERT INTO relazione_cond_oggetto ( OGGETTO, RIFERIMENTO, SEQUENZA, RELAZIONE) VALUES ('RQMI','PERE',10,'and nvl(RQMI.tipo_rapporto,nvl(PERE.tipo_rapporto,''TP'')) =');
INSERT INTO relazione_cond_oggetto ( OGGETTO, RIFERIMENTO, SEQUENZA, RELAZIONE) VALUES ('RQMI','PERE',20,'                           nvl(PERE.tipo_rapporto,''TP'')');
INSERT INTO relazione_cond_oggetto ( OGGETTO, RIFERIMENTO, SEQUENZA, RELAZIONE) VALUES ('RQMI','PERE',30,'and (  (  RQMI.figura   is null');
INSERT INTO relazione_cond_oggetto ( OGGETTO, RIFERIMENTO, SEQUENZA, RELAZIONE) VALUES ('RQMI','PERE',40,'      and RQMI.qualifica = PERE.qualifica');
INSERT INTO relazione_cond_oggetto ( OGGETTO, RIFERIMENTO, SEQUENZA, RELAZIONE) VALUES ('RQMI','PERE',50,'      and nvl(RQMI.di_ruolo,POSI.di_ruolo) = POSI.di_ruolo');
INSERT INTO relazione_cond_oggetto ( OGGETTO, RIFERIMENTO, SEQUENZA, RELAZIONE) VALUES ('RQMI','PERE',70,'       or (    RQMI.qualifica is null');
INSERT INTO relazione_cond_oggetto ( OGGETTO, RIFERIMENTO, SEQUENZA, RELAZIONE) VALUES ('RQMI','PERE',80,'           and RQMI.figura     = PERE.figura');
INSERT INTO relazione_cond_oggetto ( OGGETTO, RIFERIMENTO, SEQUENZA, RELAZIONE) VALUES ('RQMI','PERE',90,'      and nvl(RQMI.di_ruolo,POSI.di_ruolo) = POSI.di_ruolo');
INSERT INTO relazione_cond_oggetto ( OGGETTO, RIFERIMENTO, SEQUENZA, RELAZIONE) VALUES ('RQMI','PERE',140,'      or (    RQMI.qualifica is not null');
INSERT INTO relazione_cond_oggetto ( OGGETTO, RIFERIMENTO, SEQUENZA, RELAZIONE) VALUES ('RQMI','PERE',150,'          and RQMI.figura    is not null');
INSERT INTO relazione_cond_oggetto ( OGGETTO, RIFERIMENTO, SEQUENZA, RELAZIONE) VALUES ('RQMI','PERE',160,'          and RQMI.figura     = PERE.figura');
INSERT INTO relazione_cond_oggetto ( OGGETTO, RIFERIMENTO, SEQUENZA, RELAZIONE) VALUES ('RQMI','PERE',170,'          and RQMI.qualifica = PERE.qualifica');
INSERT INTO relazione_cond_oggetto ( OGGETTO, RIFERIMENTO, SEQUENZA, RELAZIONE) VALUES ('RQMI','PERE',180,'     and nvl(RQMI.di_ruolo,POSI.di_ruolo) = POSI.di_ruolo');
INSERT INTO relazione_cond_oggetto ( OGGETTO, RIFERIMENTO, SEQUENZA, RELAZIONE) VALUES ('RQMI','PERE',60,'      and nvl(RQMI.tempo_determinato,POSI.tempo_determinato)');
INSERT INTO relazione_cond_oggetto ( OGGETTO, RIFERIMENTO, SEQUENZA, RELAZIONE) VALUES ('PERE','RQMI',60,'      and nvl(RQMI.tempo_determinato,POSI.tempo_determinato)');
INSERT INTO relazione_cond_oggetto ( OGGETTO, RIFERIMENTO, SEQUENZA, RELAZIONE) VALUES ('RQMI','PERE',61,'          = POSI.tempo_determinato)');
INSERT INTO relazione_cond_oggetto ( OGGETTO, RIFERIMENTO, SEQUENZA, RELAZIONE) VALUES ('PERE','RQMI',61,'          = POSI.tempo_determinato)');
INSERT INTO relazione_cond_oggetto ( OGGETTO, RIFERIMENTO, SEQUENZA, RELAZIONE) VALUES ('RQMI','PERE',91,'    and nvl(RQMI.tempo_determinato,POSI.tempo_determinato)');
INSERT INTO relazione_cond_oggetto ( OGGETTO, RIFERIMENTO, SEQUENZA, RELAZIONE) VALUES ('PERE','RQMI',91,'    and nvl(RQMI.tempo_determinato,POSI.tempo_determinato)');
INSERT INTO relazione_cond_oggetto ( OGGETTO, RIFERIMENTO, SEQUENZA, RELAZIONE) VALUES ('RQMI','PERE',92,'        = POSI.tempo_determinato)');
INSERT INTO relazione_cond_oggetto ( OGGETTO, RIFERIMENTO, SEQUENZA, RELAZIONE) VALUES ('PERE','RQMI',92,'        = POSI.tempo_determinato)');
INSERT INTO relazione_cond_oggetto ( OGGETTO, RIFERIMENTO, SEQUENZA, RELAZIONE) VALUES ('RQMI','PERE',183,')');
INSERT INTO relazione_cond_oggetto ( OGGETTO, RIFERIMENTO, SEQUENZA, RELAZIONE) VALUES ('PERE','RQMI',183,')');
INSERT INTO relazione_cond_oggetto ( OGGETTO, RIFERIMENTO, SEQUENZA, RELAZIONE) VALUES ('RQMI','PERE',181,'  and nvl(RQMI.tempo_determinato,POSI.tempo_determinato)');
INSERT INTO relazione_cond_oggetto ( OGGETTO, RIFERIMENTO, SEQUENZA, RELAZIONE) VALUES ('PERE','RQMI',181,'  and nvl(RQMI.tempo_determinato,POSI.tempo_determinato)');
INSERT INTO relazione_cond_oggetto ( OGGETTO, RIFERIMENTO, SEQUENZA, RELAZIONE) VALUES ('RQMI','PERE',182,'      = POSI.tempo_determinato)');
INSERT INTO relazione_cond_oggetto ( OGGETTO, RIFERIMENTO, SEQUENZA, RELAZIONE) VALUES ('PERE','RQMI',182,'      = POSI.tempo_determinato)');
INSERT INTO relazione_cond_oggetto ( OGGETTO, RIFERIMENTO, SEQUENZA, RELAZIONE) VALUES ('CAAF','PERE',1,'and PERE.ci = CAAF.ci');
INSERT INTO relazione_cond_oggetto ( OGGETTO, RIFERIMENTO, SEQUENZA, RELAZIONE) VALUES ('PERE','CAAF',1,'and PERE.ci = CAAF.ci');
INSERT INTO relazione_cond_oggetto ( OGGETTO, RIFERIMENTO, SEQUENZA, RELAZIONE) VALUES ('CAAF','PERE',2,'and to_char(PERE.periodo,''yyyy'')-1 = CAAF.anno');
INSERT INTO relazione_cond_oggetto ( OGGETTO, RIFERIMENTO, SEQUENZA, RELAZIONE) VALUES ('PERE','CAAF',2,'and to_char(PERE.periodo,''yyyy'')-1 = CAAF.anno');
INSERT INTO relazione_cond_oggetto ( OGGETTO, RIFERIMENTO, SEQUENZA, RELAZIONE) VALUES ('CAAF','PERE',3,'and CAAF.rettifica = ''1''');
INSERT INTO relazione_cond_oggetto ( OGGETTO, RIFERIMENTO, SEQUENZA, RELAZIONE) VALUES ('PERE','CAAF',3,'and CAAF.rettifica = ''1''');
INSERT INTO relazione_cond_oggetto ( OGGETTO, RIFERIMENTO, SEQUENZA, RELAZIONE) VALUES ('CALE_DECA','CALE_DECA',1,'and CALE_DECA.mese = 1');
INSERT INTO relazione_cond_oggetto ( OGGETTO, RIFERIMENTO, SEQUENZA, RELAZIONE) VALUES ('CALE_DECA','CALE_DECA',2,'and exists');
INSERT INTO relazione_cond_oggetto ( OGGETTO, RIFERIMENTO, SEQUENZA, RELAZIONE) VALUES ('CALE_DECA','CALE_DECA',3,'   (select ''x'' from denuncia_caaf');
INSERT INTO relazione_cond_oggetto ( OGGETTO, RIFERIMENTO, SEQUENZA, RELAZIONE) VALUES ('CALE_DECA','CALE_DECA',4,'     where anno = CALE_DECA.anno -1');
INSERT INTO relazione_cond_oggetto ( OGGETTO, RIFERIMENTO, SEQUENZA, RELAZIONE) VALUES ('RAGI','VACM',2,'and VACM.voce=''CISL''');
INSERT INTO relazione_cond_oggetto ( OGGETTO, RIFERIMENTO, SEQUENZA, RELAZIONE) VALUES ('VACM','RAGI',2,'and VACM.voce=''CISL''');
INSERT INTO relazione_cond_oggetto ( OGGETTO, RIFERIMENTO, SEQUENZA, RELAZIONE) VALUES ('CALE_DECA','SEDE',1,'and CALE_DECA.calendario = nvl(SEDE.calendario,''*'')');
INSERT INTO relazione_cond_oggetto ( OGGETTO, RIFERIMENTO, SEQUENZA, RELAZIONE) VALUES ('SEDE','CALE_DECA',1,'and CALE_DECA.calendario = nvl(SEDE.calendario,''*'')');
INSERT INTO relazione_cond_oggetto ( OGGETTO, RIFERIMENTO, SEQUENZA, RELAZIONE) VALUES ('SETTC','SETT',1,'and SETTC.numero (+) = decode(SETT.suddivisione');
INSERT INTO relazione_cond_oggetto ( OGGETTO, RIFERIMENTO, SEQUENZA, RELAZIONE) VALUES ('CALE_DECA','CALE_DECA',5,'       and ci = RAGI.ci)');
INSERT INTO relazione_cond_oggetto ( OGGETTO, RIFERIMENTO, SEQUENZA, RELAZIONE) VALUES ('SETT','SETTC',1,'and SETTC.numero (+) = decode(SETT.suddivisione');
INSERT INTO relazione_cond_oggetto ( OGGETTO, RIFERIMENTO, SEQUENZA, RELAZIONE) VALUES ('SETTC','SETT',2,'                             ,3,SETT.numero');
INSERT INTO relazione_cond_oggetto ( OGGETTO, RIFERIMENTO, SEQUENZA, RELAZIONE) VALUES ('SETT','SETTC',2,'                             ,3,SETT.numero');
INSERT INTO relazione_cond_oggetto ( OGGETTO, RIFERIMENTO, SEQUENZA, RELAZIONE) VALUES ('SETTC','SETT',3,'                             ,SETT.settore_c)');
INSERT INTO relazione_cond_oggetto ( OGGETTO, RIFERIMENTO, SEQUENZA, RELAZIONE) VALUES ('SETT','SETTC',3,'                             ,SETT.settore_c)');
INSERT INTO relazione_cond_oggetto ( OGGETTO, RIFERIMENTO, SEQUENZA, RELAZIONE) VALUES ('PROV_RESST','REGI_RESST',1,'and REGI_RESST.regione(+) = PROV_RESST.regione');
INSERT INTO relazione_cond_oggetto ( OGGETTO, RIFERIMENTO, SEQUENZA, RELAZIONE) VALUES ('COMU_RESST','ANAG',1,'and COMU_RESST.PROVINCIA_STATO (+) = ANAG.PROVINCIA_RES');
INSERT INTO relazione_cond_oggetto ( OGGETTO, RIFERIMENTO, SEQUENZA, RELAZIONE) VALUES ('ANAG','COMU_RESST',1,'and COMU_RESST.PROVINCIA_STATO (+) = ANAG.PROVINCIA_RES');
INSERT INTO relazione_cond_oggetto ( OGGETTO, RIFERIMENTO, SEQUENZA, RELAZIONE) VALUES ('COMU_RESST','ANAG',2,'and COMU_RESST.COMUNE          (+) = ANAG.COMUNE_RES');
INSERT INTO relazione_cond_oggetto ( OGGETTO, RIFERIMENTO, SEQUENZA, RELAZIONE) VALUES ('ANAG','COMU_RESST',2,'and COMU_RESST.COMUNE          (+) = ANAG.COMUNE_RES');
INSERT INTO relazione_cond_oggetto ( OGGETTO, RIFERIMENTO, SEQUENZA, RELAZIONE) VALUES ('COMU_RESST','PROV_RESST',1,'and PROV_RESST.provincia (+) = COMU_RESST.provincia_stato');
INSERT INTO relazione_cond_oggetto ( OGGETTO, RIFERIMENTO, SEQUENZA, RELAZIONE) VALUES ('PROV_RESST','COMU_RESST',1,'and PROV_RESST.provincia (+) = COMU_RESST.provincia_stato');
INSERT INTO relazione_cond_oggetto ( OGGETTO, RIFERIMENTO, SEQUENZA, RELAZIONE) VALUES ('TIRA','RAGI',1,'and TIRA.codice (+) = RAGI.tipo_rapporto');
INSERT INTO relazione_cond_oggetto ( OGGETTO, RIFERIMENTO, SEQUENZA, RELAZIONE) VALUES ('RAGI','TIRA',1,'and TIRA.codice (+) = RAGI.tipo_rapporto');
INSERT INTO relazione_cond_oggetto ( OGGETTO, RIFERIMENTO, SEQUENZA, RELAZIONE) VALUES ('QUGI_PEGI','PEGI',3,'    nvl(qugi_pegi.dal,to_date(''2222222'',''j'')) and');
INSERT INTO relazione_cond_oggetto ( OGGETTO, RIFERIMENTO, SEQUENZA, RELAZIONE) VALUES ('PEGI','QUGI_PEGI',3,'    nvl(qugi_pegi.dal,to_date(''2222222'',''j'')) and');
INSERT INTO relazione_cond_oggetto ( OGGETTO, RIFERIMENTO, SEQUENZA, RELAZIONE) VALUES ('QUGI_PEGI','PEGI',4,'    nvl(qugi_pegi.al,to_date(''3333333'',''j''))');
INSERT INTO relazione_cond_oggetto ( OGGETTO, RIFERIMENTO, SEQUENZA, RELAZIONE) VALUES ('CECO_BIL','RIFU',1,'and CECO_BIL.codice (+) = RIFU.cdc');
INSERT INTO relazione_cond_oggetto ( OGGETTO, RIFERIMENTO, SEQUENZA, RELAZIONE) VALUES ('RIFU','CECO_BIL',1,'and CECO_BIL.codice (+) = RIFU.cdc');
INSERT INTO relazione_cond_oggetto ( OGGETTO, RIFERIMENTO, SEQUENZA, RELAZIONE) VALUES ('PEGI','QUGI_PEGI',4,'    nvl(qugi_pegi.al,to_date(''3333333'',''j''))');
INSERT INTO relazione_cond_oggetto ( OGGETTO, RIFERIMENTO, SEQUENZA, RELAZIONE) VALUES ('ISCR','SPOR',1,'and ISCR.codice = SPOR.istituto');
INSERT INTO relazione_cond_oggetto ( OGGETTO, RIFERIMENTO, SEQUENZA, RELAZIONE) VALUES ('SPOR','ISCR',1,'and ISCR.codice = SPOR.istituto');
INSERT INTO relazione_cond_oggetto ( OGGETTO, RIFERIMENTO, SEQUENZA, RELAZIONE) VALUES ('PEGI','QUGI',1,'and qugi.numero = pegi.qualifica');
INSERT INTO relazione_cond_oggetto ( OGGETTO, RIFERIMENTO, SEQUENZA, RELAZIONE) VALUES ('QUGI','PEGI',1,'and qugi.numero = pegi.qualifica');
INSERT INTO relazione_cond_oggetto ( OGGETTO, RIFERIMENTO, SEQUENZA, RELAZIONE) VALUES ('PEGI','QUGI',2,'and nvl(pegi.al,to_date(''3333333'',''j'')) between');
INSERT INTO relazione_cond_oggetto ( OGGETTO, RIFERIMENTO, SEQUENZA, RELAZIONE) VALUES ('QUGI','PEGI',2,'and nvl(pegi.al,to_date(''3333333'',''j'')) between');
INSERT INTO relazione_cond_oggetto ( OGGETTO, RIFERIMENTO, SEQUENZA, RELAZIONE) VALUES ('PEGI','QUGI',3,'    nvl(qugi.dal,to_date(''2222222'',''j'')) and');
INSERT INTO relazione_cond_oggetto ( OGGETTO, RIFERIMENTO, SEQUENZA, RELAZIONE) VALUES ('QUGI','PEGI',3,'    nvl(qugi.dal,to_date(''2222222'',''j'')) and');
INSERT INTO relazione_cond_oggetto ( OGGETTO, RIFERIMENTO, SEQUENZA, RELAZIONE) VALUES ('PEGI','QUGI',4,'    nvl(qugi.al,to_date(''3333333'',''j''))');
INSERT INTO relazione_cond_oggetto ( OGGETTO, RIFERIMENTO, SEQUENZA, RELAZIONE) VALUES ('QUGI','PEGI',4,'    nvl(qugi.al,to_date(''3333333'',''j''))');
INSERT INTO relazione_cond_oggetto ( OGGETTO, RIFERIMENTO, SEQUENZA, RELAZIONE) VALUES ('TRPR','PERE',1,'and PERE.trattamento = TRPR.codice');
INSERT INTO relazione_cond_oggetto ( OGGETTO, RIFERIMENTO, SEQUENZA, RELAZIONE) VALUES ('PERE','TRPR',1,'and PERE.trattamento = TRPR.codice');
INSERT INTO relazione_cond_oggetto ( OGGETTO, RIFERIMENTO, SEQUENZA, RELAZIONE) VALUES ('ANAG','RAIN',2,'and ANAG.al is null');
INSERT INTO relazione_cond_oggetto ( OGGETTO, RIFERIMENTO, SEQUENZA, RELAZIONE) VALUES ('RAIN','ANAG',2,'and ANAG.al is null');
INSERT INTO relazione_cond_oggetto ( OGGETTO, RIFERIMENTO, SEQUENZA, RELAZIONE) VALUES ('RARE','RAGF',2,'and not exists');
INSERT INTO relazione_cond_oggetto ( OGGETTO, RIFERIMENTO, SEQUENZA, RELAZIONE) VALUES ('RAGF','RARE',2,'and not exists');
INSERT INTO relazione_cond_oggetto ( OGGETTO, RIFERIMENTO, SEQUENZA, RELAZIONE) VALUES ('RARE','RAGF',3,'  (select ''x'' from rapporti_diversi');
INSERT INTO relazione_cond_oggetto ( OGGETTO, RIFERIMENTO, SEQUENZA, RELAZIONE) VALUES ('RAGF','RARE',3,'  (select ''x'' from rapporti_diversi');
INSERT INTO relazione_cond_oggetto ( OGGETTO, RIFERIMENTO, SEQUENZA, RELAZIONE) VALUES ('RARE','RAGF',4,'    where ci    = RADI.ci');
INSERT INTO relazione_cond_oggetto ( OGGETTO, RIFERIMENTO, SEQUENZA, RELAZIONE) VALUES ('RAGF','RARE',4,'    where ci    = RADI.ci');
INSERT INTO relazione_cond_oggetto ( OGGETTO, RIFERIMENTO, SEQUENZA, RELAZIONE) VALUES ('RARE','RAGF',5,'      and rowid > RADI.rowid)');
INSERT INTO relazione_cond_oggetto ( OGGETTO, RIFERIMENTO, SEQUENZA, RELAZIONE) VALUES ('RAGF','RARE',5,'      and rowid > RADI.rowid)');
INSERT INTO relazione_cond_oggetto ( OGGETTO, RIFERIMENTO, SEQUENZA, RELAZIONE) VALUES ('ANAG','TIST',1,'and anag.titolo_studio = tist.codice (+)');
INSERT INTO relazione_cond_oggetto ( OGGETTO, RIFERIMENTO, SEQUENZA, RELAZIONE) VALUES ('TIST','ANAG',1,'and anag.titolo_studio = tist.codice (+)');
INSERT INTO relazione_cond_oggetto ( OGGETTO, RIFERIMENTO, SEQUENZA, RELAZIONE) VALUES ('RAIN_ST','PERE',1,'and rain_st.ci = pere.ci');
INSERT INTO relazione_cond_oggetto ( OGGETTO, RIFERIMENTO, SEQUENZA, RELAZIONE) VALUES ('PERE','RAIN_ST',1,'and rain_st.ci = pere.ci');
INSERT INTO relazione_cond_oggetto ( OGGETTO, RIFERIMENTO, SEQUENZA, RELAZIONE) VALUES ('REGI_RESST','PROV_RESST',1,'and REGI_RESST.regione(+) = PROV_RESST.regione');
INSERT INTO relazione_cond_oggetto ( OGGETTO, RIFERIMENTO, SEQUENZA, RELAZIONE) VALUES ('RIFU','CECO_BIL',2,'and (    VACM.input = upper(VACM.input)');
INSERT INTO relazione_cond_oggetto ( OGGETTO, RIFERIMENTO, SEQUENZA, RELAZIONE) VALUES ('CECO_BIL','RIFU',3,'     and PERE.competenza in ( ''D'',''C'',''A'')');
INSERT INTO relazione_cond_oggetto ( OGGETTO, RIFERIMENTO, SEQUENZA, RELAZIONE) VALUES ('RIFU','CECO_BIL',3,'     and PERE.competenza in ( ''D'',''C'',''A'')');
INSERT INTO relazione_cond_oggetto ( OGGETTO, RIFERIMENTO, SEQUENZA, RELAZIONE) VALUES ('CECO_BIL','RIFU',2,'and (    VACM.input = upper(VACM.input)');
INSERT INTO relazione_cond_oggetto ( OGGETTO, RIFERIMENTO, SEQUENZA, RELAZIONE) VALUES ('CECO_BIL','RIFU',4,'     or  VACM.input != upper(VACM.input)');
INSERT INTO relazione_cond_oggetto ( OGGETTO, RIFERIMENTO, SEQUENZA, RELAZIONE) VALUES ('RIFU','CECO_BIL',4,'     or  VACM.input != upper(VACM.input)');
INSERT INTO relazione_cond_oggetto ( OGGETTO, RIFERIMENTO, SEQUENZA, RELAZIONE) VALUES ('CECO_BIL','RIFU',5,'     and PERE.competenza in (''P'',''D'')');
INSERT INTO relazione_cond_oggetto ( OGGETTO, RIFERIMENTO, SEQUENZA, RELAZIONE) VALUES ('RIFU','CECO_BIL',5,'     and PERE.competenza in (''P'',''D'')');
INSERT INTO relazione_cond_oggetto ( OGGETTO, RIFERIMENTO, SEQUENZA, RELAZIONE) VALUES ('CECO_BIL','RIFU',6,'     or  VACM.input != upper(VACM.input)');
INSERT INTO relazione_cond_oggetto ( OGGETTO, RIFERIMENTO, SEQUENZA, RELAZIONE) VALUES ('RIFU','CECO_BIL',6,'     or  VACM.input != upper(VACM.input)');
INSERT INTO relazione_cond_oggetto ( OGGETTO, RIFERIMENTO, SEQUENZA, RELAZIONE) VALUES ('CECO_BIL','RIFU',7,'     and PERE.competenza in (''A'',''C'')');
INSERT INTO relazione_cond_oggetto ( OGGETTO, RIFERIMENTO, SEQUENZA, RELAZIONE) VALUES ('RIFU','CECO_BIL',7,'     and PERE.competenza in (''A'',''C'')');
INSERT INTO relazione_cond_oggetto ( OGGETTO, RIFERIMENTO, SEQUENZA, RELAZIONE) VALUES ('CECO_BIL','RIFU',8,'     and not exists');
INSERT INTO relazione_cond_oggetto ( OGGETTO, RIFERIMENTO, SEQUENZA, RELAZIONE) VALUES ('RIFU','CECO_BIL',8,'     and not exists');
INSERT INTO relazione_cond_oggetto ( OGGETTO, RIFERIMENTO, SEQUENZA, RELAZIONE) VALUES ('CECO_BIL','RIFU',9,'        (select ''x'' from periodi_retributivi');
INSERT INTO relazione_cond_oggetto ( OGGETTO, RIFERIMENTO, SEQUENZA, RELAZIONE) VALUES ('RIFU','CECO_BIL',9,'        (select ''x'' from periodi_retributivi');
INSERT INTO relazione_cond_oggetto ( OGGETTO, RIFERIMENTO, SEQUENZA, RELAZIONE) VALUES ('CECO_BIL','RIFU',10,'          where periodo = PERE.periodo');
INSERT INTO relazione_cond_oggetto ( OGGETTO, RIFERIMENTO, SEQUENZA, RELAZIONE) VALUES ('RIFU','CECO_BIL',10,'          where periodo = PERE.periodo');
INSERT INTO relazione_cond_oggetto ( OGGETTO, RIFERIMENTO, SEQUENZA, RELAZIONE) VALUES ('CECO_BIL','RIFU',11,'            and ci      = PERE.ci');
INSERT INTO relazione_cond_oggetto ( OGGETTO, RIFERIMENTO, SEQUENZA, RELAZIONE) VALUES ('RIFU','CECO_BIL',11,'            and ci      = PERE.ci');
INSERT INTO relazione_cond_oggetto ( OGGETTO, RIFERIMENTO, SEQUENZA, RELAZIONE) VALUES ('CECO_BIL','RIFU',12,'            and competenza = ''P''');
INSERT INTO relazione_cond_oggetto ( OGGETTO, RIFERIMENTO, SEQUENZA, RELAZIONE) VALUES ('RIFU','CECO_BIL',12,'            and competenza = ''P''');
INSERT INTO relazione_cond_oggetto ( OGGETTO, RIFERIMENTO, SEQUENZA, RELAZIONE) VALUES ('CECO_BIL','RIFU',13,'            and VACM.riferimento between dal and al))');
INSERT INTO relazione_cond_oggetto ( OGGETTO, RIFERIMENTO, SEQUENZA, RELAZIONE) VALUES ('RIFU','CECO_BIL',13,'            and VACM.riferimento between dal and al))');
INSERT INTO relazione_cond_oggetto ( OGGETTO, RIFERIMENTO, SEQUENZA, RELAZIONE) VALUES ('CECO_BIL','RIFU',14,'and VACM.riferimento between PERE.dal and PERE.al');
INSERT INTO relazione_cond_oggetto ( OGGETTO, RIFERIMENTO, SEQUENZA, RELAZIONE) VALUES ('RIFU','CECO_BIL',14,'and VACM.riferimento between PERE.dal and PERE.al');
INSERT INTO relazione_cond_oggetto ( OGGETTO, RIFERIMENTO, SEQUENZA, RELAZIONE) VALUES ('PERE','PERC',1,'and PERC.rowid = PERE.rowid');
INSERT INTO relazione_cond_oggetto ( OGGETTO, RIFERIMENTO, SEQUENZA, RELAZIONE) VALUES ('PERC','PERE',1,'and PERC.rowid = PERE.rowid');
INSERT INTO relazione_cond_oggetto ( OGGETTO, RIFERIMENTO, SEQUENZA, RELAZIONE) VALUES ('PERC','VACM',1,'and VACM.anno = to_char(PERC.periodo,''yyyy'')');
INSERT INTO relazione_cond_oggetto ( OGGETTO, RIFERIMENTO, SEQUENZA, RELAZIONE) VALUES ('VACM','PERC',1,'and VACM.anno = to_char(PERC.periodo,''yyyy'')');
INSERT INTO relazione_cond_oggetto ( OGGETTO, RIFERIMENTO, SEQUENZA, RELAZIONE) VALUES ('PERC','VACM',2,'and VACM.mese = to_char(PERC.periodo,''mm'')');
INSERT INTO relazione_cond_oggetto ( OGGETTO, RIFERIMENTO, SEQUENZA, RELAZIONE) VALUES ('VACM','PERC',2,'and VACM.mese = to_char(PERC.periodo,''mm'')');
INSERT INTO relazione_cond_oggetto ( OGGETTO, RIFERIMENTO, SEQUENZA, RELAZIONE) VALUES ('PERC','VACM',3,'and VACM.ci   = PERC.ci');
INSERT INTO relazione_cond_oggetto ( OGGETTO, RIFERIMENTO, SEQUENZA, RELAZIONE) VALUES ('VACM','PERC',3,'and VACM.ci   = PERC.ci');
INSERT INTO relazione_cond_oggetto ( OGGETTO, RIFERIMENTO, SEQUENZA, RELAZIONE) VALUES ('FIGI','PERE',1,'and FIGI.numero (+) = PERE.figura');
INSERT INTO relazione_cond_oggetto ( OGGETTO, RIFERIMENTO, SEQUENZA, RELAZIONE) VALUES ('PERE','FIGI',1,'and FIGI.numero (+) = PERE.figura');
INSERT INTO relazione_cond_oggetto ( OGGETTO, RIFERIMENTO, SEQUENZA, RELAZIONE) VALUES ('FIGI','PERE',2,'and PERE.al between nvl(FIGI.dal,to_date(''2222222'',''j''))');
INSERT INTO relazione_cond_oggetto ( OGGETTO, RIFERIMENTO, SEQUENZA, RELAZIONE) VALUES ('PERE','FIGI',2,'and PERE.al between nvl(FIGI.dal,to_date(''2222222'',''j''))');
INSERT INTO relazione_cond_oggetto ( OGGETTO, RIFERIMENTO, SEQUENZA, RELAZIONE) VALUES ('FIGI','PERE',3,'                and nvl(FIGI.al ,to_date(''3333333'',''j''))');
INSERT INTO relazione_cond_oggetto ( OGGETTO, RIFERIMENTO, SEQUENZA, RELAZIONE) VALUES ('PERE','FIGI',3,'                and nvl(FIGI.al ,to_date(''3333333'',''j''))');
INSERT INTO relazione_cond_oggetto ( OGGETTO, RIFERIMENTO, SEQUENZA, RELAZIONE) VALUES ('FIGI','FIGU',1,'and FIGI.numero = FIGU.numero');
INSERT INTO relazione_cond_oggetto ( OGGETTO, RIFERIMENTO, SEQUENZA, RELAZIONE) VALUES ('FIGU','FIGI',1,'and FIGI.numero = FIGU.numero');
INSERT INTO relazione_cond_oggetto ( OGGETTO, RIFERIMENTO, SEQUENZA, RELAZIONE) VALUES ('FIGI','RAGI',1,'and FIGI.numero (+) = RAGI.figura');
INSERT INTO relazione_cond_oggetto ( OGGETTO, RIFERIMENTO, SEQUENZA, RELAZIONE) VALUES ('RAGI','FIGI',1,'and FIGI.numero (+) = RAGI.figura');
INSERT INTO relazione_cond_oggetto ( OGGETTO, RIFERIMENTO, SEQUENZA, RELAZIONE) VALUES ('FIGI','RAGI',2,' and exists');
INSERT INTO relazione_cond_oggetto ( OGGETTO, RIFERIMENTO, SEQUENZA, RELAZIONE) VALUES ('RAGI','FIGI',2,' and exists');
INSERT INTO relazione_cond_oggetto ( OGGETTO, RIFERIMENTO, SEQUENZA, RELAZIONE) VALUES ('FIGI','RAGI',3,'    (select ''x'' from riferimento_retribuzione');
INSERT INTO relazione_cond_oggetto ( OGGETTO, RIFERIMENTO, SEQUENZA, RELAZIONE) VALUES ('RAGI','FIGI',3,'    (select ''x'' from riferimento_retribuzione');
INSERT INTO relazione_cond_oggetto ( OGGETTO, RIFERIMENTO, SEQUENZA, RELAZIONE) VALUES ('FIGI','RAGI',4,'      where nvl(RAGI.al,fin_ela)');
INSERT INTO relazione_cond_oggetto ( OGGETTO, RIFERIMENTO, SEQUENZA, RELAZIONE) VALUES ('RAGI','FIGI',4,'      where nvl(RAGI.al,fin_ela)');
INSERT INTO relazione_cond_oggetto ( OGGETTO, RIFERIMENTO, SEQUENZA, RELAZIONE) VALUES ('FIGI','RAGI',5,'            between nvl(FIGI.dal,to_date(''2222222'',''j''))');
INSERT INTO relazione_cond_oggetto ( OGGETTO, RIFERIMENTO, SEQUENZA, RELAZIONE) VALUES ('RAGI','FIGI',5,'            between nvl(FIGI.dal,to_date(''2222222'',''j''))');
INSERT INTO relazione_cond_oggetto ( OGGETTO, RIFERIMENTO, SEQUENZA, RELAZIONE) VALUES ('FIGI','RAGI',6,'                and nvl(FIGI.al ,to_date(''3333333'',''j'')))');
INSERT INTO relazione_cond_oggetto ( OGGETTO, RIFERIMENTO, SEQUENZA, RELAZIONE) VALUES ('RAGI','FIGI',6,'                and nvl(FIGI.al ,to_date(''3333333'',''j'')))');
INSERT INTO relazione_cond_oggetto ( OGGETTO, RIFERIMENTO, SEQUENZA, RELAZIONE) VALUES ('QUGI_PEGI','PEGI',1,'and qugi_pegi.numero(+) = pegi.qualifica');
INSERT INTO relazione_cond_oggetto ( OGGETTO, RIFERIMENTO, SEQUENZA, RELAZIONE) VALUES ('PEGI','QUGI_PEGI',1,'and qugi_pegi.numero(+) = pegi.qualifica');
INSERT INTO relazione_cond_oggetto ( OGGETTO, RIFERIMENTO, SEQUENZA, RELAZIONE) VALUES ('QUGI_PEGI','PEGI',2,'and nvl(pegi.al,to_date(''3333333'',''j'')) between');
INSERT INTO relazione_cond_oggetto ( OGGETTO, RIFERIMENTO, SEQUENZA, RELAZIONE) VALUES ('PEGI','QUGI_PEGI',2,'and nvl(pegi.al,to_date(''3333333'',''j'')) between');
INSERT INTO relazione_cond_oggetto ( OGGETTO, RIFERIMENTO, SEQUENZA, RELAZIONE) VALUES ('ASIN','REIN',1,'and REIN.POSIZIONE_INAIL = ASIN.codice');
INSERT INTO relazione_cond_oggetto ( OGGETTO, RIFERIMENTO, SEQUENZA, RELAZIONE) VALUES ('REIN','RAIN',1,'and REIN.CI = RAIN.CI');
INSERT INTO relazione_cond_oggetto ( OGGETTO, RIFERIMENTO, SEQUENZA, RELAZIONE) VALUES ('RAIN','REIN',1,'and REIN.CI = RAIN.CI');
INSERT INTO relazione_cond_oggetto ( OGGETTO, RIFERIMENTO, SEQUENZA, RELAZIONE) VALUES ('REIN','GEST',1,'and REIN.gestione = GEST.codice');
INSERT INTO relazione_cond_oggetto ( OGGETTO, RIFERIMENTO, SEQUENZA, RELAZIONE) VALUES ('GEST','REIN',1,'and REIN.gestione = GEST.codice');
INSERT INTO relazione_cond_oggetto ( OGGETTO, RIFERIMENTO, SEQUENZA, RELAZIONE) VALUES ('CECO_REIN','REIN',1,'and REIN.cdc = CECO.codice (+)');
INSERT INTO relazione_cond_oggetto ( OGGETTO, RIFERIMENTO, SEQUENZA, RELAZIONE) VALUES ('CECO','REIN',1,'and REIN.cdc = CECO.codice (+)');
INSERT INTO relazione_cond_oggetto ( OGGETTO, RIFERIMENTO, SEQUENZA, RELAZIONE) VALUES ('REIN','RAGI',1,'and REIN.CI = RAGI.CI');
INSERT INTO relazione_cond_oggetto ( OGGETTO, RIFERIMENTO, SEQUENZA, RELAZIONE) VALUES ('RAGI','REIN',1,'and REIN.CI = RAGI.CI');
INSERT INTO relazione_cond_oggetto ( OGGETTO, RIFERIMENTO, SEQUENZA, RELAZIONE) VALUES ('REIN','CECO_REIN',1,'and REIN.cdc = CECO_REIN.codice (+)');
INSERT INTO relazione_cond_oggetto ( OGGETTO, RIFERIMENTO, SEQUENZA, RELAZIONE) VALUES ('ASIN_REIN','REIN',1,'and REIN.POSIZIONE_INAIL = ASIN_REIN.codice');

WHENEVER SQLERROR EXIT

ALTER TABLE relazione_cond_oggetto ENABLE ALL TRIGGERS;


REM ============================================================
REM    Extract TABLE :   RELAZIONE_OGGETTI
REM ============================================================

WHENEVER SQLERROR EXIT

ALTER TABLE relazione_oggetti DISABLE ALL TRIGGERS;

WHENEVER SQLERROR CONTINUE

INSERT INTO relazione_oggetti ( OGGETTO, DESCRIZIONE, DESCRIZIONE_AL1, DESCRIZIONE_AL2, TABELLA) VALUES ('CALE_DECA','Calendario di denuncia fiscale',NULL,NULL,'CALENDARI');
INSERT INTO relazione_oggetti ( OGGETTO, DESCRIZIONE, DESCRIZIONE_AL1, DESCRIZIONE_AL2, TABELLA) VALUES ('CECO','Centri di Costo',NULL,NULL,'CENTRI_COSTO');
INSERT INTO relazione_oggetti ( OGGETTO, DESCRIZIONE, DESCRIZIONE_AL1, DESCRIZIONE_AL2, TABELLA) VALUES ('MOCO','Movimenti Contabili di retribuzione',NULL,NULL,'MOVIMENTI_CONTABILI');
INSERT INTO relazione_oggetti ( OGGETTO, DESCRIZIONE, DESCRIZIONE_AL1, DESCRIZIONE_AL2, TABELLA) VALUES ('ASIN','Posizioni Assicurative INAIL',NULL,NULL,'ASSICURAZIONI_INAIL');
INSERT INTO relazione_oggetti ( OGGETTO, DESCRIZIONE, DESCRIZIONE_AL1, DESCRIZIONE_AL2, TABELLA) VALUES ('INEX','Informazioni Extracontabili individuali',NULL,NULL,'INFORMAZIONI_EXTRACONTABILI');
INSERT INTO relazione_oggetti ( OGGETTO, DESCRIZIONE, DESCRIZIONE_AL1, DESCRIZIONE_AL2, TABELLA) VALUES ('MOFI','Movimenti Fiscali individuali',NULL,NULL,'MOVIMENTI_FISCALI');
INSERT INTO relazione_oggetti ( OGGETTO, DESCRIZIONE, DESCRIZIONE_AL1, DESCRIZIONE_AL2, TABELLA) VALUES ('VARE','Variabili alla Retribuzione',NULL,NULL,'MOVIMENTI_CONTABILI');
INSERT INTO relazione_oggetti ( OGGETTO, DESCRIZIONE, DESCRIZIONE_AL1, DESCRIZIONE_AL2, TABELLA) VALUES ('DOGI','Documenti del Personale',NULL,NULL,'DOCUMENTI_GIURIDICI');
INSERT INTO relazione_oggetti ( OGGETTO, DESCRIZIONE, DESCRIZIONE_AL1, DESCRIZIONE_AL2, TABELLA) VALUES ('PEGI','Periodi Giuridici del personale',NULL,NULL,'PERIODI_GIURIDICI');
INSERT INTO relazione_oggetti ( OGGETTO, DESCRIZIONE, DESCRIZIONE_AL1, DESCRIZIONE_AL2, TABELLA) VALUES ('RAINE','Identificazione anagrafica Eredi (IRPEF)',NULL,NULL,'RAPPORTI_INDIVIDUALI');
INSERT INTO relazione_oggetti ( OGGETTO, DESCRIZIONE, DESCRIZIONE_AL1, DESCRIZIONE_AL2, TABELLA) VALUES ('RICO','Ripartizioni di imputazione Contabile',NULL,NULL,'RIPARTIZIONI_CONTABILI');
INSERT INTO relazione_oggetti ( OGGETTO, DESCRIZIONE, DESCRIZIONE_AL1, DESCRIZIONE_AL2, TABELLA) VALUES ('SETTA','Suddivisione Settoriale "A"',NULL,NULL,'SETTORI');
INSERT INTO relazione_oggetti ( OGGETTO, DESCRIZIONE, DESCRIZIONE_AL1, DESCRIZIONE_AL2, TABELLA) VALUES ('SETTB','Suddivisione Settoriale "B"',NULL,NULL,'SETTORI');
INSERT INTO relazione_oggetti ( OGGETTO, DESCRIZIONE, DESCRIZIONE_AL1, DESCRIZIONE_AL2, TABELLA) VALUES ('SETTG','Suddivisione Settoriale di "Gestione"',NULL,NULL,'SETTORI');
INSERT INTO relazione_oggetti ( OGGETTO, DESCRIZIONE, DESCRIZIONE_AL1, DESCRIZIONE_AL2, TABELLA) VALUES ('SPOR','Sportelli bancari',NULL,NULL,'SPORTELLI');
INSERT INTO relazione_oggetti ( OGGETTO, DESCRIZIONE, DESCRIZIONE_AL1, DESCRIZIONE_AL2, TABELLA) VALUES ('VACM','Valori Contabili Mensili',NULL,NULL,'VALORI_CONTABILI_MENSILI');
INSERT INTO relazione_oggetti ( OGGETTO, DESCRIZIONE, DESCRIZIONE_AL1, DESCRIZIONE_AL2, TABELLA) VALUES ('MENS','Dizionario Mensilita`',NULL,NULL,'MENSILITA');
INSERT INTO relazione_oggetti ( OGGETTO, DESCRIZIONE, DESCRIZIONE_AL1, DESCRIZIONE_AL2, TABELLA) VALUES ('GEST_CLFU','Classificazioni Funzionali per Bilancio',NULL,NULL,'CLASSIFICAZIONI_FUNZIONALI');
INSERT INTO relazione_oggetti ( OGGETTO, DESCRIZIONE, DESCRIZIONE_AL1, DESCRIZIONE_AL2, TABELLA) VALUES ('COVO','Contabilizzazione Voci Economiche',NULL,NULL,'CONTABILITA_VOCI');
INSERT INTO relazione_oggetti ( OGGETTO, DESCRIZIONE, DESCRIZIONE_AL1, DESCRIZIONE_AL2, TABELLA) VALUES ('RQMI','Righe Qualifiche Ministeriali',NULL,NULL,'RIGHE_QUALIFICA_MINISTERIALE');
INSERT INTO relazione_oggetti ( OGGETTO, DESCRIZIONE, DESCRIZIONE_AL1, DESCRIZIONE_AL2, TABELLA) VALUES ('RAGF','Rapporti Giuridici per Fiscali',NULL,NULL,'RAPPORTI_GIURIDICI');
INSERT INTO relazione_oggetti ( OGGETTO, DESCRIZIONE, DESCRIZIONE_AL1, DESCRIZIONE_AL2, TABELLA) VALUES ('RAIND','Identificazione anagrafica solo dipendenti (IRPEF)',NULL,NULL,'RAPPORTI_INDIVIDUALI');
INSERT INTO relazione_oggetti ( OGGETTO, DESCRIZIONE, DESCRIZIONE_AL1, DESCRIZIONE_AL2, TABELLA) VALUES ('SETT','Suddivisione Settoriale elementare',NULL,NULL,'SETTORI');
INSERT INTO relazione_oggetti ( OGGETTO, DESCRIZIONE, DESCRIZIONE_AL1, DESCRIZIONE_AL2, TABELLA) VALUES ('VACA','Valori Contabili Annuali',NULL,NULL,'VALORI_CONTABILI_ANNUALI');
INSERT INTO relazione_oggetti ( OGGETTO, DESCRIZIONE, DESCRIZIONE_AL1, DESCRIZIONE_AL2, TABELLA) VALUES ('RIFU','Ripartizioni Funzionali di bilancio',NULL,NULL,'RIPARTIZIONI_FUNZIONALI');
INSERT INTO relazione_oggetti ( OGGETTO, DESCRIZIONE, DESCRIZIONE_AL1, DESCRIZIONE_AL2, TABELLA) VALUES ('SEDE','Sedi fisiche di lavoro',NULL,NULL,'SEDI');
INSERT INTO relazione_oggetti ( OGGETTO, DESCRIZIONE, DESCRIZIONE_AL1, DESCRIZIONE_AL2, TABELLA) VALUES ('SETTC','Suddivisioni Settoriali "C"',NULL,NULL,'SETTORI');
INSERT INTO relazione_oggetti ( OGGETTO, DESCRIZIONE, DESCRIZIONE_AL1, DESCRIZIONE_AL2, TABELLA) VALUES ('RUOL','Ruoli di bilancio',NULL,NULL,'RUOLI');
INSERT INTO relazione_oggetti ( OGGETTO, DESCRIZIONE, DESCRIZIONE_AL1, DESCRIZIONE_AL2, TABELLA) VALUES ('RARE','Anagrafe Retributiva degli individui',NULL,NULL,'RAPPORTI_RETRIBUTIVI');
INSERT INTO relazione_oggetti ( OGGETTO, DESCRIZIONE, DESCRIZIONE_AL1, DESCRIZIONE_AL2, TABELLA) VALUES ('TRPR','Trattamenti Previdenziali',NULL,NULL,'TRATTAMENTI_PREVIDENZIALI');
INSERT INTO relazione_oggetti ( OGGETTO, DESCRIZIONE, DESCRIZIONE_AL1, DESCRIZIONE_AL2, TABELLA) VALUES ('VOCI_SIN','Voci di Ritenuta Sindacale',NULL,NULL,'VOCI_ECONOMICHE');
INSERT INTO relazione_oggetti ( OGGETTO, DESCRIZIONE, DESCRIZIONE_AL1, DESCRIZIONE_AL2, TABELLA) VALUES ('RAGID','Rapporti Giuridici solo Dipendenti',NULL,NULL,'RAPPORTI_GIURIDICI');
INSERT INTO relazione_oggetti ( OGGETTO, DESCRIZIONE, DESCRIZIONE_AL1, DESCRIZIONE_AL2, TABELLA) VALUES ('RAGI','Rapporto Giuridico del mese corrente',NULL,NULL,'RAPPORTI_GIURIDICI');
INSERT INTO relazione_oggetti ( OGGETTO, DESCRIZIONE, DESCRIZIONE_AL1, DESCRIZIONE_AL2, TABELLA) VALUES ('PRCO','Progressivi Contabili individuali',NULL,NULL,'PROGRESSIVI_CONTABILI');
INSERT INTO relazione_oggetti ( OGGETTO, DESCRIZIONE, DESCRIZIONE_AL1, DESCRIZIONE_AL2, TABELLA) VALUES ('INRE','Informazioni Retributive individuali',NULL,NULL,'INFORMAZIONI_RETRIBUTIVE');
INSERT INTO relazione_oggetti ( OGGETTO, DESCRIZIONE, DESCRIZIONE_AL1, DESCRIZIONE_AL2, TABELLA) VALUES ('QUAL','Attributi economici della Qualifica',NULL,NULL,'QUALIFICHE');
INSERT INTO relazione_oggetti ( OGGETTO, DESCRIZIONE, DESCRIZIONE_AL1, DESCRIZIONE_AL2, TABELLA) VALUES ('PERE','Periodi Retributivi del mese',NULL,NULL,'PERIODI_RETRIBUTIVI');
INSERT INTO relazione_oggetti ( OGGETTO, DESCRIZIONE, DESCRIZIONE_AL1, DESCRIZIONE_AL2, TABELLA) VALUES ('RIFA','Riferimento per elaborati di Fine Anno',NULL,NULL,'RIFERIMENTO_FINE_ANNO');
INSERT INTO relazione_oggetti ( OGGETTO, DESCRIZIONE, DESCRIZIONE_AL1, DESCRIZIONE_AL2, TABELLA) VALUES ('ENTE','Ente di Gestione',NULL,NULL,'ENTE');
INSERT INTO relazione_oggetti ( OGGETTO, DESCRIZIONE, DESCRIZIONE_AL1, DESCRIZIONE_AL2, TABELLA) VALUES ('SOGG','Soggetti Fiscali',NULL,NULL,'SOGGETTI');
INSERT INTO relazione_oggetti ( OGGETTO, DESCRIZIONE, DESCRIZIONE_AL1, DESCRIZIONE_AL2, TABELLA) VALUES ('VACR','Riferimento Annuale per Valori Contabili',NULL,NULL,'RIFERIMENTO_FINE_ANNO');
INSERT INTO relazione_oggetti ( OGGETTO, DESCRIZIONE, DESCRIZIONE_AL1, DESCRIZIONE_AL2, TABELLA) VALUES ('COBI','Codici Bilancio',NULL,NULL,'CODICI_BILANCIO');
INSERT INTO relazione_oggetti ( OGGETTO, DESCRIZIONE, DESCRIZIONE_AL1, DESCRIZIONE_AL2, TABELLA) VALUES ('BAAP','Banca di Appoggio dell''Ente',NULL,NULL,'SPORTELLI');
INSERT INTO relazione_oggetti ( OGGETTO, DESCRIZIONE, DESCRIZIONE_AL1, DESCRIZIONE_AL2, TABELLA) VALUES ('COMU_NAS','Comuni di Nascita d''Italia ed esteri',NULL,NULL,'A_COMUNI');
INSERT INTO relazione_oggetti ( OGGETTO, DESCRIZIONE, DESCRIZIONE_AL1, DESCRIZIONE_AL2, TABELLA) VALUES ('COMU_RES','Comuni di Residenza d''Italia ed esteri',NULL,NULL,'A_COMUNI');
INSERT INTO relazione_oggetti ( OGGETTO, DESCRIZIONE, DESCRIZIONE_AL1, DESCRIZIONE_AL2, TABELLA) VALUES ('COMU_DOM','Comuni di Domicilio d''Italia ed esteri',NULL,NULL,'A_COMUNI');
INSERT INTO relazione_oggetti ( OGGETTO, DESCRIZIONE, DESCRIZIONE_AL1, DESCRIZIONE_AL2, TABELLA) VALUES ('PERA','Periodi Retrib. ultimo mese dell''anno',NULL,NULL,'PERIODI_RETRIBUTIVI');
INSERT INTO relazione_oggetti ( OGGETTO, DESCRIZIONE, DESCRIZIONE_AL1, DESCRIZIONE_AL2, TABELLA) VALUES ('GESI','Gestioni INPS',NULL,NULL,'GESTIONI');
INSERT INTO relazione_oggetti ( OGGETTO, DESCRIZIONE, DESCRIZIONE_AL1, DESCRIZIONE_AL2, TABELLA) VALUES ('PROV_DOM','Provincia dei Comuni di Domicilio',NULL,NULL,'A_PROVINCIE');
INSERT INTO relazione_oggetti ( OGGETTO, DESCRIZIONE, DESCRIZIONE_AL1, DESCRIZIONE_AL2, TABELLA) VALUES ('PROV_NAS','Provincia dei Comuni di Nascita',NULL,NULL,'A_PROVINCIE');
INSERT INTO relazione_oggetti ( OGGETTO, DESCRIZIONE, DESCRIZIONE_AL1, DESCRIZIONE_AL2, TABELLA) VALUES ('PROV_RES','Provincia dei Comuni di Residenza',NULL,NULL,'A_PROVINCIE');
INSERT INTO relazione_oggetti ( OGGETTO, DESCRIZIONE, DESCRIZIONE_AL1, DESCRIZIONE_AL2, TABELLA) VALUES ('REGI_RES','Regione dei Comuni di Residenza',NULL,NULL,'A_REGIONI');
INSERT INTO relazione_oggetti ( OGGETTO, DESCRIZIONE, DESCRIZIONE_AL1, DESCRIZIONE_AL2, TABELLA) VALUES ('QUMI','Qualifiche Ministeriali',NULL,NULL,'QUALIFICHE_MINISTERIALI');
INSERT INTO relazione_oggetti ( OGGETTO, DESCRIZIONE, DESCRIZIONE_AL1, DESCRIZIONE_AL2, TABELLA) VALUES ('RAIN_ST','Rapporto individuale per storico anagrafico',NULL,NULL,'RAPPORTI_INDIVIDUALI');
INSERT INTO relazione_oggetti ( OGGETTO, DESCRIZIONE, DESCRIZIONE_AL1, DESCRIZIONE_AL2, TABELLA) VALUES ('INDI','Identificazione Anagrafica Individuale',NULL,NULL,'INDIVIDUI');
INSERT INTO relazione_oggetti ( OGGETTO, DESCRIZIONE, DESCRIZIONE_AL1, DESCRIZIONE_AL2, TABELLA) VALUES ('RAIN','Rapporto dell''Individuo con l''ente',NULL,NULL,'RAPPORTI_INDIVIDUALI');
INSERT INTO relazione_oggetti ( OGGETTO, DESCRIZIONE, DESCRIZIONE_AL1, DESCRIZIONE_AL2, TABELLA) VALUES ('ATTI','Aree di Attivita` o Discipline',NULL,NULL,'ATTIVITA');
INSERT INTO relazione_oggetti ( OGGETTO, DESCRIZIONE, DESCRIZIONE_AL1, DESCRIZIONE_AL2, TABELLA) VALUES ('ISCR','Istituti di Credito o Soggetti Fiscali',NULL,NULL,'ISTITUTI_CREDITO');
INSERT INTO relazione_oggetti ( OGGETTO, DESCRIZIONE, DESCRIZIONE_AL1, DESCRIZIONE_AL2, TABELLA) VALUES ('CONT','Contratti di Lavoro',NULL,NULL,'CONTRATTI');
INSERT INTO relazione_oggetti ( OGGETTO, DESCRIZIONE, DESCRIZIONE_AL1, DESCRIZIONE_AL2, TABELLA) VALUES ('CLFU','Classificazioni Funzionali di servizio',NULL,NULL,'CLASSIFICAZIONI_FUNZIONALI');
INSERT INTO relazione_oggetti ( OGGETTO, DESCRIZIONE, DESCRIZIONE_AL1, DESCRIZIONE_AL2, TABELLA) VALUES ('GRRA','Raggruppamento di Rapporto personale',NULL,NULL,'GRUPPI_RAPPORTO');
INSERT INTO relazione_oggetti ( OGGETTO, DESCRIZIONE, DESCRIZIONE_AL1, DESCRIZIONE_AL2, TABELLA) VALUES ('POSI','Posizioni giuridiche e documentative',NULL,NULL,'POSIZIONI');
INSERT INTO relazione_oggetti ( OGGETTO, DESCRIZIONE, DESCRIZIONE_AL1, DESCRIZIONE_AL2, TABELLA) VALUES ('GEST','Gestioni interne o esterne all''ente',NULL,NULL,'GESTIONI');
INSERT INTO relazione_oggetti ( OGGETTO, DESCRIZIONE, DESCRIZIONE_AL1, DESCRIZIONE_AL2, TABELLA) VALUES ('RIRE','Periodo di Riferimento Retribuzione',NULL,NULL,'RIFERIMENTO_RETRIBUZIONE');
INSERT INTO relazione_oggetti ( OGGETTO, DESCRIZIONE, DESCRIZIONE_AL1, DESCRIZIONE_AL2, TABELLA) VALUES ('CLRA','Classificazione dei rapporti con l''Ente',NULL,NULL,'CLASSI_RAPPORTO');
INSERT INTO relazione_oggetti ( OGGETTO, DESCRIZIONE, DESCRIZIONE_AL1, DESCRIZIONE_AL2, TABELLA) VALUES ('QUGI','Attributi storici Qualifica Giuridica',NULL,NULL,'QUALIFICHE_GIURIDICHE');
INSERT INTO relazione_oggetti ( OGGETTO, DESCRIZIONE, DESCRIZIONE_AL1, DESCRIZIONE_AL2, TABELLA) VALUES ('ANAG','Anagrafe storica individuale',NULL,NULL,'ANAGRAFICI');
INSERT INTO relazione_oggetti ( OGGETTO, DESCRIZIONE, DESCRIZIONE_AL1, DESCRIZIONE_AL2, TABELLA) VALUES ('RADI','Rapporti Diversi con l''Ente',NULL,NULL,'RAPPORTI_DIVERSI');
INSERT INTO relazione_oggetti ( OGGETTO, DESCRIZIONE, DESCRIZIONE_AL1, DESCRIZIONE_AL2, TABELLA) VALUES ('CAAF','Denuncia CAAF',NULL,NULL,'DENUNCIA_CAAF');
INSERT INTO relazione_oggetti ( OGGETTO, DESCRIZIONE, DESCRIZIONE_AL1, DESCRIZIONE_AL2, TABELLA) VALUES ('CECO_BIL','Centri di Costo per Bilancio',NULL,NULL,'CENTRI_COSTO');
INSERT INTO relazione_oggetti ( OGGETTO, DESCRIZIONE, DESCRIZIONE_AL1, DESCRIZIONE_AL2, TABELLA) VALUES ('PERC','Periodi Retributivi per Centri Costo',NULL,NULL,'PERIODI_RETRIBUTIVI');
INSERT INTO relazione_oggetti ( OGGETTO, DESCRIZIONE, DESCRIZIONE_AL1, DESCRIZIONE_AL2, TABELLA) VALUES ('FIGI','Attributi Storici Figura Giuridica',NULL,NULL,'FIGURE_GIURIDICHE');
INSERT INTO relazione_oggetti ( OGGETTO, DESCRIZIONE, DESCRIZIONE_AL1, DESCRIZIONE_AL2, TABELLA) VALUES ('FIGU','Attributi Figura',NULL,NULL,'FIGURE');
INSERT INTO relazione_oggetti ( OGGETTO, DESCRIZIONE, DESCRIZIONE_AL1, DESCRIZIONE_AL2, TABELLA) VALUES ('QUGI_PEGI','Attributi storici Qualifica Giuridica',NULL,NULL,'QUALIFICHE_GIURIDICHE');
INSERT INTO relazione_oggetti ( OGGETTO, DESCRIZIONE, DESCRIZIONE_AL1, DESCRIZIONE_AL2, TABELLA) VALUES ('TIST','Titolo di Studio',NULL,NULL,'TITOLI_STUDIO');
INSERT INTO relazione_oggetti ( OGGETTO, DESCRIZIONE, DESCRIZIONE_AL1, DESCRIZIONE_AL2, TABELLA) VALUES ('REGI_RESST','Regione dei Comuni di Residenza Storica',NULL,NULL,'A_REGIONI');
INSERT INTO relazione_oggetti ( OGGETTO, DESCRIZIONE, DESCRIZIONE_AL1, DESCRIZIONE_AL2, TABELLA) VALUES ('PROV_RESST','Provincia dei Comuni di Residenza Storica',NULL,NULL,'A_PROVINCIE');
INSERT INTO relazione_oggetti ( OGGETTO, DESCRIZIONE, DESCRIZIONE_AL1, DESCRIZIONE_AL2, TABELLA) VALUES ('COMU_RESST','Comuni di Residenza d''Italia ed esteri Storico',NULL,NULL,'A_COMUNI');
INSERT INTO relazione_oggetti ( OGGETTO, DESCRIZIONE, DESCRIZIONE_AL1, DESCRIZIONE_AL2, TABELLA) VALUES ('TIRA','Tipi rapporto',NULL,NULL,'TIPI_RAPPORTO');
INSERT INTO relazione_oggetti ( OGGETTO, DESCRIZIONE, DESCRIZIONE_AL1, DESCRIZIONE_AL2, TABELLA) VALUES ('PEGI_P','Periodi Giuridici del personale',NULL,NULL,'PERIODI_GIURIDICI');
INSERT INTO relazione_oggetti ( OGGETTO, DESCRIZIONE, DESCRIZIONE_AL1, DESCRIZIONE_AL2, TABELLA) VALUES ('REIN','Retribuzioni INAIL',NULL,NULL,'RETRIBUZIONI_INAIL');
INSERT INTO relazione_oggetti ( OGGETTO, DESCRIZIONE, DESCRIZIONE_AL1, DESCRIZIONE_AL2, TABELLA) VALUES ('CECO_REIN','Centri di Costo',NULL,NULL,'CENTRI_COSTO');
INSERT INTO relazione_oggetti ( OGGETTO, DESCRIZIONE, DESCRIZIONE_AL1, DESCRIZIONE_AL2, TABELLA) VALUES ('ASIN_REIN','Posizioni Assicurative INAIL ( per Autoliquidazione )',NULL,NULL,'ASSICURAZIONI_INAIL');

WHENEVER SQLERROR EXIT

ALTER TABLE relazione_oggetti ENABLE ALL TRIGGERS;


REM ============================================================
REM    Extract TABLE :   RELAZIONE_OGGETTI_ESTRAZIONE
REM ============================================================

WHENEVER SQLERROR EXIT

ALTER TABLE relazione_oggetti_estrazione DISABLE ALL TRIGGERS;

WHENEVER SQLERROR CONTINUE

INSERT INTO relazione_oggetti_estrazione ( ESTRAZIONE, OGGETTO) VALUES ('LISTA_INAIL','RAIN');
INSERT INTO relazione_oggetti_estrazione ( ESTRAZIONE, OGGETTO) VALUES ('LISTA_INAIL','RIFA');
INSERT INTO relazione_oggetti_estrazione ( ESTRAZIONE, OGGETTO) VALUES ('ESTRAZIONE_MENSILE','VACM');
INSERT INTO relazione_oggetti_estrazione ( ESTRAZIONE, OGGETTO) VALUES ('ESTRAZIONE_ANNUALE','VACA');
INSERT INTO relazione_oggetti_estrazione ( ESTRAZIONE, OGGETTO) VALUES ('ELENCO','PERE');
INSERT INTO relazione_oggetti_estrazione ( ESTRAZIONE, OGGETTO) VALUES ('FISCALE_ANNO','RAIN');
INSERT INTO relazione_oggetti_estrazione ( ESTRAZIONE, OGGETTO) VALUES ('CEDOLINO','PERE');
INSERT INTO relazione_oggetti_estrazione ( ESTRAZIONE, OGGETTO) VALUES ('CEDOLINO_ANNO','PERE');
INSERT INTO relazione_oggetti_estrazione ( ESTRAZIONE, OGGETTO) VALUES ('CONTRIBUTI','PERE');
INSERT INTO relazione_oggetti_estrazione ( ESTRAZIONE, OGGETTO) VALUES ('ELENCO_VOCI','PERE');
INSERT INTO relazione_oggetti_estrazione ( ESTRAZIONE, OGGETTO) VALUES ('ESTRAZIONE_ANNUALE','PERE');
INSERT INTO relazione_oggetti_estrazione ( ESTRAZIONE, OGGETTO) VALUES ('ESTRAZIONE_MENSILE','PERE');
INSERT INTO relazione_oggetti_estrazione ( ESTRAZIONE, OGGETTO) VALUES ('ONERI','PERE');
INSERT INTO relazione_oggetti_estrazione ( ESTRAZIONE, OGGETTO) VALUES ('QUIETANZE','PERE');
INSERT INTO relazione_oggetti_estrazione ( ESTRAZIONE, OGGETTO) VALUES ('LIQUIDAZIONE','PERE');
INSERT INTO relazione_oggetti_estrazione ( ESTRAZIONE, OGGETTO) VALUES ('RIEPILOGO','PERE');
INSERT INTO relazione_oggetti_estrazione ( ESTRAZIONE, OGGETTO) VALUES ('ELENCO_DELIBERA','VARE');
INSERT INTO relazione_oggetti_estrazione ( ESTRAZIONE, OGGETTO) VALUES ('RIEPILOGO_ANNO','PERE');
INSERT INTO relazione_oggetti_estrazione ( ESTRAZIONE, OGGETTO) VALUES ('FISCALE','PERE');
INSERT INTO relazione_oggetti_estrazione ( ESTRAZIONE, OGGETTO) VALUES ('TFR','PERE');
INSERT INTO relazione_oggetti_estrazione ( ESTRAZIONE, OGGETTO) VALUES ('TOTALI','PERE');
INSERT INTO relazione_oggetti_estrazione ( ESTRAZIONE, OGGETTO) VALUES ('TOTALI_ANNO','PERE');
INSERT INTO relazione_oggetti_estrazione ( ESTRAZIONE, OGGETTO) VALUES ('DM10_S','VACM');
INSERT INTO relazione_oggetti_estrazione ( ESTRAZIONE, OGGETTO) VALUES ('DM10_S','PERE');
INSERT INTO relazione_oggetti_estrazione ( ESTRAZIONE, OGGETTO) VALUES ('LISTA_ANAGRAFICA','RAIN');
INSERT INTO relazione_oggetti_estrazione ( ESTRAZIONE, OGGETTO) VALUES ('FISCALE_ANNO','RADI');
INSERT INTO relazione_oggetti_estrazione ( ESTRAZIONE, OGGETTO) VALUES ('DENUNCIA_ENPAM','PERE');
INSERT INTO relazione_oggetti_estrazione ( ESTRAZIONE, OGGETTO) VALUES ('DM10_S','COMU_RES');
INSERT INTO relazione_oggetti_estrazione ( ESTRAZIONE, OGGETTO) VALUES ('DM10_S','RAIN_ST');
INSERT INTO relazione_oggetti_estrazione ( ESTRAZIONE, OGGETTO) VALUES ('QUIETANZE','SOGG');
INSERT INTO relazione_oggetti_estrazione ( ESTRAZIONE, OGGETTO) VALUES ('LISTA_SETT','RAIN');
INSERT INTO relazione_oggetti_estrazione ( ESTRAZIONE, OGGETTO) VALUES ('FISCALE_ANNO','RIFA');
INSERT INTO relazione_oggetti_estrazione ( ESTRAZIONE, OGGETTO) VALUES ('FISCALE_ANNO','PERE');
INSERT INTO relazione_oggetti_estrazione ( ESTRAZIONE, OGGETTO) VALUES ('FINE_ANNO','RIFA');
INSERT INTO relazione_oggetti_estrazione ( ESTRAZIONE, OGGETTO) VALUES ('FISCALE_ANNO','RARE');
INSERT INTO relazione_oggetti_estrazione ( ESTRAZIONE, OGGETTO) VALUES ('FISCALE_ANNO','PERA');
INSERT INTO relazione_oggetti_estrazione ( ESTRAZIONE, OGGETTO) VALUES ('DM10_S','MENS');
INSERT INTO relazione_oggetti_estrazione ( ESTRAZIONE, OGGETTO) VALUES ('SINDACALI','PERE');
INSERT INTO relazione_oggetti_estrazione ( ESTRAZIONE, OGGETTO) VALUES ('DEBITORIE','PERE');
INSERT INTO relazione_oggetti_estrazione ( ESTRAZIONE, OGGETTO) VALUES ('ELENCO_DELIBERA','RAGI');
INSERT INTO relazione_oggetti_estrazione ( ESTRAZIONE, OGGETTO) VALUES ('LISTA_CDC','RAIN');
INSERT INTO relazione_oggetti_estrazione ( ESTRAZIONE, OGGETTO) VALUES ('LISTA_CDC','FIGI');
INSERT INTO relazione_oggetti_estrazione ( ESTRAZIONE, OGGETTO) VALUES ('ESTRAZIONE_MENSILE','ANAG');
INSERT INTO relazione_oggetti_estrazione ( ESTRAZIONE, OGGETTO) VALUES ('ESTRAZIONE_MENSILE','RAIN');
INSERT INTO relazione_oggetti_estrazione ( ESTRAZIONE, OGGETTO) VALUES ('FISCALE_ANNO','RAGID');
INSERT INTO relazione_oggetti_estrazione ( ESTRAZIONE, OGGETTO) VALUES ('MODULO_VARIABILI','RAGI');
INSERT INTO relazione_oggetti_estrazione ( ESTRAZIONE, OGGETTO) VALUES ('QUIETANZE','RARE');
INSERT INTO relazione_oggetti_estrazione ( ESTRAZIONE, OGGETTO) VALUES ('ELENCO_SSN','ANAG');
INSERT INTO relazione_oggetti_estrazione ( ESTRAZIONE, OGGETTO) VALUES ('ELENCO_SSN','PERE');
INSERT INTO relazione_oggetti_estrazione ( ESTRAZIONE, OGGETTO) VALUES ('ELENCO_SSN','RAIN');
INSERT INTO relazione_oggetti_estrazione ( ESTRAZIONE, OGGETTO) VALUES ('ELENCO_SSN','VACM');
INSERT INTO relazione_oggetti_estrazione ( ESTRAZIONE, OGGETTO) VALUES ('ANAGRAFICI','RAIN');
INSERT INTO relazione_oggetti_estrazione ( ESTRAZIONE, OGGETTO) VALUES ('ESTR_STR','ANAG');
INSERT INTO relazione_oggetti_estrazione ( ESTRAZIONE, OGGETTO) VALUES ('ESTR_STR','PERE');
INSERT INTO relazione_oggetti_estrazione ( ESTRAZIONE, OGGETTO) VALUES ('ESTR_STR','RAIN');
INSERT INTO relazione_oggetti_estrazione ( ESTRAZIONE, OGGETTO) VALUES ('ESTR_STR','VACM');
INSERT INTO relazione_oggetti_estrazione ( ESTRAZIONE, OGGETTO) VALUES ('LISTA_ENPAM','PERE');
INSERT INTO relazione_oggetti_estrazione ( ESTRAZIONE, OGGETTO) VALUES ('LISTA_ENPAM','VACM');
INSERT INTO relazione_oggetti_estrazione ( ESTRAZIONE, OGGETTO) VALUES ('ADDIZIONALE_IRPEF','COMU_RES');
INSERT INTO relazione_oggetti_estrazione ( ESTRAZIONE, OGGETTO) VALUES ('ADDIZIONALE_IRPEF','MENS');
INSERT INTO relazione_oggetti_estrazione ( ESTRAZIONE, OGGETTO) VALUES ('ADDIZIONALE_IRPEF','PERE');
INSERT INTO relazione_oggetti_estrazione ( ESTRAZIONE, OGGETTO) VALUES ('ADDIZIONALE_IRPEF','RAIN_ST');
INSERT INTO relazione_oggetti_estrazione ( ESTRAZIONE, OGGETTO) VALUES ('ADDIZIONALE_IRPEF','VACM');
INSERT INTO relazione_oggetti_estrazione ( ESTRAZIONE, OGGETTO) VALUES ('LISTA_MEDICI','RAIN');
INSERT INTO relazione_oggetti_estrazione ( ESTRAZIONE, OGGETTO) VALUES ('LISTA_ANAGRAFICA','RAGI');
INSERT INTO relazione_oggetti_estrazione ( ESTRAZIONE, OGGETTO) VALUES ('LISTA_MEDICI','PEGI');
INSERT INTO relazione_oggetti_estrazione ( ESTRAZIONE, OGGETTO) VALUES ('LISTA_CASSAMALATTIA','PERE');
INSERT INTO relazione_oggetti_estrazione ( ESTRAZIONE, OGGETTO) VALUES ('LISTA_CASSAMALATTIA','VACM');
INSERT INTO relazione_oggetti_estrazione ( ESTRAZIONE, OGGETTO) VALUES ('DENUNCIA_ENPAM','VACM');
INSERT INTO relazione_oggetti_estrazione ( ESTRAZIONE, OGGETTO) VALUES ('ESTRAZIONE_GIAF','ANAG');
INSERT INTO relazione_oggetti_estrazione ( ESTRAZIONE, OGGETTO) VALUES ('ESTRAZIONE_GIAF','PERE');
INSERT INTO relazione_oggetti_estrazione ( ESTRAZIONE, OGGETTO) VALUES ('ESTRAZIONE_GIAF','RAIN');
INSERT INTO relazione_oggetti_estrazione ( ESTRAZIONE, OGGETTO) VALUES ('ESTRAZIONE_GIAF','VACM');
INSERT INTO relazione_oggetti_estrazione ( ESTRAZIONE, OGGETTO) VALUES ('ADDIZIONALE_COMUNALE','COMU_RES');
INSERT INTO relazione_oggetti_estrazione ( ESTRAZIONE, OGGETTO) VALUES ('ADDIZIONALE_COMUNALE','MENS');
INSERT INTO relazione_oggetti_estrazione ( ESTRAZIONE, OGGETTO) VALUES ('ADDIZIONALE_COMUNALE','PERE');
INSERT INTO relazione_oggetti_estrazione ( ESTRAZIONE, OGGETTO) VALUES ('ADDIZIONALE_COMUNALE','RAIN_ST');
INSERT INTO relazione_oggetti_estrazione ( ESTRAZIONE, OGGETTO) VALUES ('ADDIZIONALE_COMUNALE','VACM');
INSERT INTO relazione_oggetti_estrazione ( ESTRAZIONE, OGGETTO) VALUES ('ADDIZIONALE_COMUNALE','PROV_RES');
INSERT INTO relazione_oggetti_estrazione ( ESTRAZIONE, OGGETTO) VALUES ('ADDIZIONALE_COMUNALE','ANAG');
INSERT INTO relazione_oggetti_estrazione ( ESTRAZIONE, OGGETTO) VALUES ('VERIFICHE_CEDOLINO','PERE');
INSERT INTO relazione_oggetti_estrazione ( ESTRAZIONE, OGGETTO) VALUES ('ADD_IRPEF_2007','PERE');

WHENEVER SQLERROR EXIT

ALTER TABLE relazione_oggetti_estrazione ENABLE ALL TRIGGERS;


REM ============================================================
REM    Extract TABLE :   RELAZIONE_RIFE_OGGETTO
REM ============================================================

WHENEVER SQLERROR EXIT

ALTER TABLE relazione_rife_oggetto DISABLE ALL TRIGGERS;

WHENEVER SQLERROR CONTINUE

INSERT INTO relazione_rife_oggetto ( OGGETTO, RIFERIMENTO) VALUES ('CALE_DECA','CALE_DECA');
INSERT INTO relazione_rife_oggetto ( OGGETTO, RIFERIMENTO) VALUES ('RQMI','QUMI');
INSERT INTO relazione_rife_oggetto ( OGGETTO, RIFERIMENTO) VALUES ('RAIN_ST','ANAG');
INSERT INTO relazione_rife_oggetto ( OGGETTO, RIFERIMENTO) VALUES ('ANAG','RAIN_ST');
INSERT INTO relazione_rife_oggetto ( OGGETTO, RIFERIMENTO) VALUES ('RQMI','PERE');
INSERT INTO relazione_rife_oggetto ( OGGETTO, RIFERIMENTO) VALUES ('PERE','RQMI');
INSERT INTO relazione_rife_oggetto ( OGGETTO, RIFERIMENTO) VALUES ('RAGI','SETT');
INSERT INTO relazione_rife_oggetto ( OGGETTO, RIFERIMENTO) VALUES ('QUGI','PERE');
INSERT INTO relazione_rife_oggetto ( OGGETTO, RIFERIMENTO) VALUES ('PERE','QUGI');
INSERT INTO relazione_rife_oggetto ( OGGETTO, RIFERIMENTO) VALUES ('ANAG','RAIN');
INSERT INTO relazione_rife_oggetto ( OGGETTO, RIFERIMENTO) VALUES ('VACA','RAGI');
INSERT INTO relazione_rife_oggetto ( OGGETTO, RIFERIMENTO) VALUES ('RIFU','CLFU');
INSERT INTO relazione_rife_oggetto ( OGGETTO, RIFERIMENTO) VALUES ('CLFU','RIFU');
INSERT INTO relazione_rife_oggetto ( OGGETTO, RIFERIMENTO) VALUES ('SEDE','PERE');
INSERT INTO relazione_rife_oggetto ( OGGETTO, RIFERIMENTO) VALUES ('PERE','SEDE');
INSERT INTO relazione_rife_oggetto ( OGGETTO, RIFERIMENTO) VALUES ('RUOL','PERE');
INSERT INTO relazione_rife_oggetto ( OGGETTO, RIFERIMENTO) VALUES ('PERE','RUOL');
INSERT INTO relazione_rife_oggetto ( OGGETTO, RIFERIMENTO) VALUES ('POSI','PERE');
INSERT INTO relazione_rife_oggetto ( OGGETTO, RIFERIMENTO) VALUES ('PERE','POSI');
INSERT INTO relazione_rife_oggetto ( OGGETTO, RIFERIMENTO) VALUES ('PERE','RAGI');
INSERT INTO relazione_rife_oggetto ( OGGETTO, RIFERIMENTO) VALUES ('RAGI','PERE');
INSERT INTO relazione_rife_oggetto ( OGGETTO, RIFERIMENTO) VALUES ('PERE','MOCO');
INSERT INTO relazione_rife_oggetto ( OGGETTO, RIFERIMENTO) VALUES ('MOCO','PERE');
INSERT INTO relazione_rife_oggetto ( OGGETTO, RIFERIMENTO) VALUES ('ATTI','RAGI');
INSERT INTO relazione_rife_oggetto ( OGGETTO, RIFERIMENTO) VALUES ('RAGI','ATTI');
INSERT INTO relazione_rife_oggetto ( OGGETTO, RIFERIMENTO) VALUES ('QUAL','RAGI');
INSERT INTO relazione_rife_oggetto ( OGGETTO, RIFERIMENTO) VALUES ('RAGI','QUAL');
INSERT INTO relazione_rife_oggetto ( OGGETTO, RIFERIMENTO) VALUES ('RARE','RAINE');
INSERT INTO relazione_rife_oggetto ( OGGETTO, RIFERIMENTO) VALUES ('ASIN','RARE');
INSERT INTO relazione_rife_oggetto ( OGGETTO, RIFERIMENTO) VALUES ('RARE','ASIN');
INSERT INTO relazione_rife_oggetto ( OGGETTO, RIFERIMENTO) VALUES ('SETTB','SETT');
INSERT INTO relazione_rife_oggetto ( OGGETTO, RIFERIMENTO) VALUES ('SETT','SETTB');
INSERT INTO relazione_rife_oggetto ( OGGETTO, RIFERIMENTO) VALUES ('SETTA','SETT');
INSERT INTO relazione_rife_oggetto ( OGGETTO, RIFERIMENTO) VALUES ('SETT','SETTA');
INSERT INTO relazione_rife_oggetto ( OGGETTO, RIFERIMENTO) VALUES ('SETT','RAGI');
INSERT INTO relazione_rife_oggetto ( OGGETTO, RIFERIMENTO) VALUES ('CLRA','RAIN');
INSERT INTO relazione_rife_oggetto ( OGGETTO, RIFERIMENTO) VALUES ('RAIN','CLRA');
INSERT INTO relazione_rife_oggetto ( OGGETTO, RIFERIMENTO) VALUES ('RAIN','RAGI');
INSERT INTO relazione_rife_oggetto ( OGGETTO, RIFERIMENTO) VALUES ('RAGI','RAIN');
INSERT INTO relazione_rife_oggetto ( OGGETTO, RIFERIMENTO) VALUES ('RARE','RAGI');
INSERT INTO relazione_rife_oggetto ( OGGETTO, RIFERIMENTO) VALUES ('RAGI','RARE');
INSERT INTO relazione_rife_oggetto ( OGGETTO, RIFERIMENTO) VALUES ('INDI','RAGI');
INSERT INTO relazione_rife_oggetto ( OGGETTO, RIFERIMENTO) VALUES ('RAGI','INDI');
INSERT INTO relazione_rife_oggetto ( OGGETTO, RIFERIMENTO) VALUES ('INDI','RAIN');
INSERT INTO relazione_rife_oggetto ( OGGETTO, RIFERIMENTO) VALUES ('RAIN','INDI');
INSERT INTO relazione_rife_oggetto ( OGGETTO, RIFERIMENTO) VALUES ('CONT','RAGI');
INSERT INTO relazione_rife_oggetto ( OGGETTO, RIFERIMENTO) VALUES ('RAGI','CONT');
INSERT INTO relazione_rife_oggetto ( OGGETTO, RIFERIMENTO) VALUES ('SETTG','SETT');
INSERT INTO relazione_rife_oggetto ( OGGETTO, RIFERIMENTO) VALUES ('SETT','SETTG');
INSERT INTO relazione_rife_oggetto ( OGGETTO, RIFERIMENTO) VALUES ('ISCR','RARE');
INSERT INTO relazione_rife_oggetto ( OGGETTO, RIFERIMENTO) VALUES ('RARE','ISCR');
INSERT INTO relazione_rife_oggetto ( OGGETTO, RIFERIMENTO) VALUES ('SPOR','RARE');
INSERT INTO relazione_rife_oggetto ( OGGETTO, RIFERIMENTO) VALUES ('RARE','SPOR');
INSERT INTO relazione_rife_oggetto ( OGGETTO, RIFERIMENTO) VALUES ('GRRA','RAIN');
INSERT INTO relazione_rife_oggetto ( OGGETTO, RIFERIMENTO) VALUES ('RAIN','GRRA');
INSERT INTO relazione_rife_oggetto ( OGGETTO, RIFERIMENTO) VALUES ('MOCO','RAGI');
INSERT INTO relazione_rife_oggetto ( OGGETTO, RIFERIMENTO) VALUES ('RAGI','MOCO');
INSERT INTO relazione_rife_oggetto ( OGGETTO, RIFERIMENTO) VALUES ('MOCO','RARE');
INSERT INTO relazione_rife_oggetto ( OGGETTO, RIFERIMENTO) VALUES ('RARE','MOCO');
INSERT INTO relazione_rife_oggetto ( OGGETTO, RIFERIMENTO) VALUES ('MOCO','COVO');
INSERT INTO relazione_rife_oggetto ( OGGETTO, RIFERIMENTO) VALUES ('COVO','MOCO');
INSERT INTO relazione_rife_oggetto ( OGGETTO, RIFERIMENTO) VALUES ('PRCO','RAGI');
INSERT INTO relazione_rife_oggetto ( OGGETTO, RIFERIMENTO) VALUES ('RAGI','PRCO');
INSERT INTO relazione_rife_oggetto ( OGGETTO, RIFERIMENTO) VALUES ('RARE','PRCO');
INSERT INTO relazione_rife_oggetto ( OGGETTO, RIFERIMENTO) VALUES ('RIFA','RIFA');
INSERT INTO relazione_rife_oggetto ( OGGETTO, RIFERIMENTO) VALUES ('TRPR','RARE');
INSERT INTO relazione_rife_oggetto ( OGGETTO, RIFERIMENTO) VALUES ('RARE','TRPR');
INSERT INTO relazione_rife_oggetto ( OGGETTO, RIFERIMENTO) VALUES ('VOCI_SIN','INRE');
INSERT INTO relazione_rife_oggetto ( OGGETTO, RIFERIMENTO) VALUES ('INRE','VOCI_SIN');
INSERT INTO relazione_rife_oggetto ( OGGETTO, RIFERIMENTO) VALUES ('RIFU','CECO');
INSERT INTO relazione_rife_oggetto ( OGGETTO, RIFERIMENTO) VALUES ('CECO','RIFU');
INSERT INTO relazione_rife_oggetto ( OGGETTO, RIFERIMENTO) VALUES ('RAGF','RAGID');
INSERT INTO relazione_rife_oggetto ( OGGETTO, RIFERIMENTO) VALUES ('RAGID','RAGF');
INSERT INTO relazione_rife_oggetto ( OGGETTO, RIFERIMENTO) VALUES ('COMU_RES','PROV_RES');
INSERT INTO relazione_rife_oggetto ( OGGETTO, RIFERIMENTO) VALUES ('PROV_DOM','COMU_DOM');
INSERT INTO relazione_rife_oggetto ( OGGETTO, RIFERIMENTO) VALUES ('COMU_DOM','PROV_DOM');
INSERT INTO relazione_rife_oggetto ( OGGETTO, RIFERIMENTO) VALUES ('REGI_RES','PROV_RES');
INSERT INTO relazione_rife_oggetto ( OGGETTO, RIFERIMENTO) VALUES ('PROV_RES','REGI_RES');
INSERT INTO relazione_rife_oggetto ( OGGETTO, RIFERIMENTO) VALUES ('QUMI','RQMI');
INSERT INTO relazione_rife_oggetto ( OGGETTO, RIFERIMENTO) VALUES ('GEST_CLFU','RIFU');
INSERT INTO relazione_rife_oggetto ( OGGETTO, RIFERIMENTO) VALUES ('RIFU','GEST_CLFU');
INSERT INTO relazione_rife_oggetto ( OGGETTO, RIFERIMENTO) VALUES ('COVO','PRCO');
INSERT INTO relazione_rife_oggetto ( OGGETTO, RIFERIMENTO) VALUES ('PRCO','COVO');
INSERT INTO relazione_rife_oggetto ( OGGETTO, RIFERIMENTO) VALUES ('MOFI','RARE');
INSERT INTO relazione_rife_oggetto ( OGGETTO, RIFERIMENTO) VALUES ('RARE','INEX');
INSERT INTO relazione_rife_oggetto ( OGGETTO, RIFERIMENTO) VALUES ('INEX','RARE');
INSERT INTO relazione_rife_oggetto ( OGGETTO, RIFERIMENTO) VALUES ('VACM','RAGI');
INSERT INTO relazione_rife_oggetto ( OGGETTO, RIFERIMENTO) VALUES ('POSI','RAGI');
INSERT INTO relazione_rife_oggetto ( OGGETTO, RIFERIMENTO) VALUES ('QUAL','QUGI');
INSERT INTO relazione_rife_oggetto ( OGGETTO, RIFERIMENTO) VALUES ('QUGI','QUAL');
INSERT INTO relazione_rife_oggetto ( OGGETTO, RIFERIMENTO) VALUES ('QUGI','RAGI');
INSERT INTO relazione_rife_oggetto ( OGGETTO, RIFERIMENTO) VALUES ('RAGI','VACM');
INSERT INTO relazione_rife_oggetto ( OGGETTO, RIFERIMENTO) VALUES ('PERE','VACA');
INSERT INTO relazione_rife_oggetto ( OGGETTO, RIFERIMENTO) VALUES ('RAGI','VACA');
INSERT INTO relazione_rife_oggetto ( OGGETTO, RIFERIMENTO) VALUES ('PERE','RAIN');
INSERT INTO relazione_rife_oggetto ( OGGETTO, RIFERIMENTO) VALUES ('RAIN','PERE');
INSERT INTO relazione_rife_oggetto ( OGGETTO, RIFERIMENTO) VALUES ('SETT','SETTC');
INSERT INTO relazione_rife_oggetto ( OGGETTO, RIFERIMENTO) VALUES ('SETTC','SETT');
INSERT INTO relazione_rife_oggetto ( OGGETTO, RIFERIMENTO) VALUES ('VACA','PERE');
INSERT INTO relazione_rife_oggetto ( OGGETTO, RIFERIMENTO) VALUES ('RAGI','QUGI');
INSERT INTO relazione_rife_oggetto ( OGGETTO, RIFERIMENTO) VALUES ('RAINE','RARE');
INSERT INTO relazione_rife_oggetto ( OGGETTO, RIFERIMENTO) VALUES ('RUOL','RAGI');
INSERT INTO relazione_rife_oggetto ( OGGETTO, RIFERIMENTO) VALUES ('RAGI','RUOL');
INSERT INTO relazione_rife_oggetto ( OGGETTO, RIFERIMENTO) VALUES ('SEDE','RAGI');
INSERT INTO relazione_rife_oggetto ( OGGETTO, RIFERIMENTO) VALUES ('RAGI','SEDE');
INSERT INTO relazione_rife_oggetto ( OGGETTO, RIFERIMENTO) VALUES ('SETT','PERE');
INSERT INTO relazione_rife_oggetto ( OGGETTO, RIFERIMENTO) VALUES ('PERE','SETT');
INSERT INTO relazione_rife_oggetto ( OGGETTO, RIFERIMENTO) VALUES ('ENTE','ENTE');
INSERT INTO relazione_rife_oggetto ( OGGETTO, RIFERIMENTO) VALUES ('BAAP','BAAP');
INSERT INTO relazione_rife_oggetto ( OGGETTO, RIFERIMENTO) VALUES ('PERE','GEST');
INSERT INTO relazione_rife_oggetto ( OGGETTO, RIFERIMENTO) VALUES ('GEST','PERE');
INSERT INTO relazione_rife_oggetto ( OGGETTO, RIFERIMENTO) VALUES ('CONT','PERE');
INSERT INTO relazione_rife_oggetto ( OGGETTO, RIFERIMENTO) VALUES ('PERE','CONT');
INSERT INTO relazione_rife_oggetto ( OGGETTO, RIFERIMENTO) VALUES ('QUAL','PERE');
INSERT INTO relazione_rife_oggetto ( OGGETTO, RIFERIMENTO) VALUES ('PERE','QUAL');
INSERT INTO relazione_rife_oggetto ( OGGETTO, RIFERIMENTO) VALUES ('PERE','ATTI');
INSERT INTO relazione_rife_oggetto ( OGGETTO, RIFERIMENTO) VALUES ('ATTI','PERE');
INSERT INTO relazione_rife_oggetto ( OGGETTO, RIFERIMENTO) VALUES ('PERE','VACM');
INSERT INTO relazione_rife_oggetto ( OGGETTO, RIFERIMENTO) VALUES ('VACM','PERE');
INSERT INTO relazione_rife_oggetto ( OGGETTO, RIFERIMENTO) VALUES ('RAGI','POSI');
INSERT INTO relazione_rife_oggetto ( OGGETTO, RIFERIMENTO) VALUES ('GEST','RAGI');
INSERT INTO relazione_rife_oggetto ( OGGETTO, RIFERIMENTO) VALUES ('RAGI','GEST');
INSERT INTO relazione_rife_oggetto ( OGGETTO, RIFERIMENTO) VALUES ('SOGG','ISCR');
INSERT INTO relazione_rife_oggetto ( OGGETTO, RIFERIMENTO) VALUES ('ISCR','SOGG');
INSERT INTO relazione_rife_oggetto ( OGGETTO, RIFERIMENTO) VALUES ('VARE','PERE');
INSERT INTO relazione_rife_oggetto ( OGGETTO, RIFERIMENTO) VALUES ('RAGF','PERE');
INSERT INTO relazione_rife_oggetto ( OGGETTO, RIFERIMENTO) VALUES ('PERE','RAGF');
INSERT INTO relazione_rife_oggetto ( OGGETTO, RIFERIMENTO) VALUES ('PERE','VARE');
INSERT INTO relazione_rife_oggetto ( OGGETTO, RIFERIMENTO) VALUES ('RAGF','INEX');
INSERT INTO relazione_rife_oggetto ( OGGETTO, RIFERIMENTO) VALUES ('INEX','RAGF');
INSERT INTO relazione_rife_oggetto ( OGGETTO, RIFERIMENTO) VALUES ('RAIN','RARE');
INSERT INTO relazione_rife_oggetto ( OGGETTO, RIFERIMENTO) VALUES ('RARE','RAIN');
INSERT INTO relazione_rife_oggetto ( OGGETTO, RIFERIMENTO) VALUES ('RAGF','RAIND');
INSERT INTO relazione_rife_oggetto ( OGGETTO, RIFERIMENTO) VALUES ('RAIND','RAGF');
INSERT INTO relazione_rife_oggetto ( OGGETTO, RIFERIMENTO) VALUES ('GEST','RAGF');
INSERT INTO relazione_rife_oggetto ( OGGETTO, RIFERIMENTO) VALUES ('RAGF','GEST');
INSERT INTO relazione_rife_oggetto ( OGGETTO, RIFERIMENTO) VALUES ('RAGF','RARE');
INSERT INTO relazione_rife_oggetto ( OGGETTO, RIFERIMENTO) VALUES ('RARE','RAGF');
INSERT INTO relazione_rife_oggetto ( OGGETTO, RIFERIMENTO) VALUES ('PRCO','RARE');
INSERT INTO relazione_rife_oggetto ( OGGETTO, RIFERIMENTO) VALUES ('RARE','VARE');
INSERT INTO relazione_rife_oggetto ( OGGETTO, RIFERIMENTO) VALUES ('VARE','RARE');
INSERT INTO relazione_rife_oggetto ( OGGETTO, RIFERIMENTO) VALUES ('RARE','INRE');
INSERT INTO relazione_rife_oggetto ( OGGETTO, RIFERIMENTO) VALUES ('INRE','RARE');
INSERT INTO relazione_rife_oggetto ( OGGETTO, RIFERIMENTO) VALUES ('RAGI','VARE');
INSERT INTO relazione_rife_oggetto ( OGGETTO, RIFERIMENTO) VALUES ('VARE','RAGI');
INSERT INTO relazione_rife_oggetto ( OGGETTO, RIFERIMENTO) VALUES ('RAGI','INRE');
INSERT INTO relazione_rife_oggetto ( OGGETTO, RIFERIMENTO) VALUES ('INRE','RAGI');
INSERT INTO relazione_rife_oggetto ( OGGETTO, RIFERIMENTO) VALUES ('COVO','VARE');
INSERT INTO relazione_rife_oggetto ( OGGETTO, RIFERIMENTO) VALUES ('VARE','COVO');
INSERT INTO relazione_rife_oggetto ( OGGETTO, RIFERIMENTO) VALUES ('COVO','INRE');
INSERT INTO relazione_rife_oggetto ( OGGETTO, RIFERIMENTO) VALUES ('INRE','COVO');
INSERT INTO relazione_rife_oggetto ( OGGETTO, RIFERIMENTO) VALUES ('RARE','MOFI');
INSERT INTO relazione_rife_oggetto ( OGGETTO, RIFERIMENTO) VALUES ('RAIN','ANAG');
INSERT INTO relazione_rife_oggetto ( OGGETTO, RIFERIMENTO) VALUES ('PERE','RARE');
INSERT INTO relazione_rife_oggetto ( OGGETTO, RIFERIMENTO) VALUES ('RARE','PERE');
INSERT INTO relazione_rife_oggetto ( OGGETTO, RIFERIMENTO) VALUES ('RAGI','RIFU');
INSERT INTO relazione_rife_oggetto ( OGGETTO, RIFERIMENTO) VALUES ('RIFU','RAGI');
INSERT INTO relazione_rife_oggetto ( OGGETTO, RIFERIMENTO) VALUES ('RIFU','PERE');
INSERT INTO relazione_rife_oggetto ( OGGETTO, RIFERIMENTO) VALUES ('PERE','RIFU');
INSERT INTO relazione_rife_oggetto ( OGGETTO, RIFERIMENTO) VALUES ('COMU_NAS','ANAG');
INSERT INTO relazione_rife_oggetto ( OGGETTO, RIFERIMENTO) VALUES ('ANAG','COMU_NAS');
INSERT INTO relazione_rife_oggetto ( OGGETTO, RIFERIMENTO) VALUES ('COMU_RES','ANAG');
INSERT INTO relazione_rife_oggetto ( OGGETTO, RIFERIMENTO) VALUES ('ANAG','COMU_RES');
INSERT INTO relazione_rife_oggetto ( OGGETTO, RIFERIMENTO) VALUES ('COMU_DOM','ANAG');
INSERT INTO relazione_rife_oggetto ( OGGETTO, RIFERIMENTO) VALUES ('ANAG','COMU_DOM');
INSERT INTO relazione_rife_oggetto ( OGGETTO, RIFERIMENTO) VALUES ('PERA','PERA');
INSERT INTO relazione_rife_oggetto ( OGGETTO, RIFERIMENTO) VALUES ('PERA','PERE');
INSERT INTO relazione_rife_oggetto ( OGGETTO, RIFERIMENTO) VALUES ('PERE','PERA');
INSERT INTO relazione_rife_oggetto ( OGGETTO, RIFERIMENTO) VALUES ('GESI','GEST');
INSERT INTO relazione_rife_oggetto ( OGGETTO, RIFERIMENTO) VALUES ('GEST','GESI');
INSERT INTO relazione_rife_oggetto ( OGGETTO, RIFERIMENTO) VALUES ('PROV_NAS','COMU_NAS');
INSERT INTO relazione_rife_oggetto ( OGGETTO, RIFERIMENTO) VALUES ('COMU_NAS','PROV_NAS');
INSERT INTO relazione_rife_oggetto ( OGGETTO, RIFERIMENTO) VALUES ('PROV_RES','COMU_RES');
INSERT INTO relazione_rife_oggetto ( OGGETTO, RIFERIMENTO) VALUES ('RADI','RAGF');
INSERT INTO relazione_rife_oggetto ( OGGETTO, RIFERIMENTO) VALUES ('RAGF','RADI');
INSERT INTO relazione_rife_oggetto ( OGGETTO, RIFERIMENTO) VALUES ('RADI','RAIND');
INSERT INTO relazione_rife_oggetto ( OGGETTO, RIFERIMENTO) VALUES ('RAIND','RADI');
INSERT INTO relazione_rife_oggetto ( OGGETTO, RIFERIMENTO) VALUES ('CAAF','PERE');
INSERT INTO relazione_rife_oggetto ( OGGETTO, RIFERIMENTO) VALUES ('PERE','CAAF');
INSERT INTO relazione_rife_oggetto ( OGGETTO, RIFERIMENTO) VALUES ('CALE_DECA','SEDE');
INSERT INTO relazione_rife_oggetto ( OGGETTO, RIFERIMENTO) VALUES ('SEDE','CALE_DECA');
INSERT INTO relazione_rife_oggetto ( OGGETTO, RIFERIMENTO) VALUES ('PERE','PERC');
INSERT INTO relazione_rife_oggetto ( OGGETTO, RIFERIMENTO) VALUES ('PERC','PERE');
INSERT INTO relazione_rife_oggetto ( OGGETTO, RIFERIMENTO) VALUES ('CECO_BIL','RIFU');
INSERT INTO relazione_rife_oggetto ( OGGETTO, RIFERIMENTO) VALUES ('RIFU','CECO_BIL');
INSERT INTO relazione_rife_oggetto ( OGGETTO, RIFERIMENTO) VALUES ('PERC','VACM');
INSERT INTO relazione_rife_oggetto ( OGGETTO, RIFERIMENTO) VALUES ('VACM','PERC');
INSERT INTO relazione_rife_oggetto ( OGGETTO, RIFERIMENTO) VALUES ('FIGI','PERE');
INSERT INTO relazione_rife_oggetto ( OGGETTO, RIFERIMENTO) VALUES ('PERE','FIGI');
INSERT INTO relazione_rife_oggetto ( OGGETTO, RIFERIMENTO) VALUES ('FIGI','FIGU');
INSERT INTO relazione_rife_oggetto ( OGGETTO, RIFERIMENTO) VALUES ('FIGU','FIGI');
INSERT INTO relazione_rife_oggetto ( OGGETTO, RIFERIMENTO) VALUES ('FIGI','RAGI');
INSERT INTO relazione_rife_oggetto ( OGGETTO, RIFERIMENTO) VALUES ('RAGI','FIGI');
INSERT INTO relazione_rife_oggetto ( OGGETTO, RIFERIMENTO) VALUES ('QUGI_PEGI','PEGI');
INSERT INTO relazione_rife_oggetto ( OGGETTO, RIFERIMENTO) VALUES ('PEGI','QUGI_PEGI');
INSERT INTO relazione_rife_oggetto ( OGGETTO, RIFERIMENTO) VALUES ('ISCR','SPOR');
INSERT INTO relazione_rife_oggetto ( OGGETTO, RIFERIMENTO) VALUES ('SPOR','ISCR');
INSERT INTO relazione_rife_oggetto ( OGGETTO, RIFERIMENTO) VALUES ('PEGI','QUGI');
INSERT INTO relazione_rife_oggetto ( OGGETTO, RIFERIMENTO) VALUES ('QUGI','PEGI');
INSERT INTO relazione_rife_oggetto ( OGGETTO, RIFERIMENTO) VALUES ('TRPR','PERE');
INSERT INTO relazione_rife_oggetto ( OGGETTO, RIFERIMENTO) VALUES ('PERE','TRPR');
INSERT INTO relazione_rife_oggetto ( OGGETTO, RIFERIMENTO) VALUES ('ANAG','TIST');
INSERT INTO relazione_rife_oggetto ( OGGETTO, RIFERIMENTO) VALUES ('TIST','ANAG');
INSERT INTO relazione_rife_oggetto ( OGGETTO, RIFERIMENTO) VALUES ('RAIN_ST','PERE');
INSERT INTO relazione_rife_oggetto ( OGGETTO, RIFERIMENTO) VALUES ('PERE','RAIN_ST');
INSERT INTO relazione_rife_oggetto ( OGGETTO, RIFERIMENTO) VALUES ('REGI_RESST','PROV_RESST');
INSERT INTO relazione_rife_oggetto ( OGGETTO, RIFERIMENTO) VALUES ('PROV_RESST','REGI_RESST');
INSERT INTO relazione_rife_oggetto ( OGGETTO, RIFERIMENTO) VALUES ('COMU_RESST','ANAG');
INSERT INTO relazione_rife_oggetto ( OGGETTO, RIFERIMENTO) VALUES ('ANAG','COMU_RESST');
INSERT INTO relazione_rife_oggetto ( OGGETTO, RIFERIMENTO) VALUES ('COMU_RESST','PROV_RESST');
INSERT INTO relazione_rife_oggetto ( OGGETTO, RIFERIMENTO) VALUES ('PROV_RESST','COMU_RESST');
INSERT INTO relazione_rife_oggetto ( OGGETTO, RIFERIMENTO) VALUES ('TIRA','RAGI');
INSERT INTO relazione_rife_oggetto ( OGGETTO, RIFERIMENTO) VALUES ('RAGI','TIRA');
INSERT INTO relazione_rife_oggetto ( OGGETTO, RIFERIMENTO) VALUES ('ASIN','REIN');
INSERT INTO relazione_rife_oggetto ( OGGETTO, RIFERIMENTO) VALUES ('REIN','GEST');
INSERT INTO relazione_rife_oggetto ( OGGETTO, RIFERIMENTO) VALUES ('REIN','RAGI');
INSERT INTO relazione_rife_oggetto ( OGGETTO, RIFERIMENTO) VALUES ('REIN','RAIN');
INSERT INTO relazione_rife_oggetto ( OGGETTO, RIFERIMENTO) VALUES ('REIN','CECO_REIN');
INSERT INTO relazione_rife_oggetto ( OGGETTO, RIFERIMENTO) VALUES ('CECO_REIN','REIN');
INSERT INTO relazione_rife_oggetto ( OGGETTO, RIFERIMENTO) VALUES ('GEST','REIN');
INSERT INTO relazione_rife_oggetto ( OGGETTO, RIFERIMENTO) VALUES ('RAGI','REIN');
INSERT INTO relazione_rife_oggetto ( OGGETTO, RIFERIMENTO) VALUES ('RAIN','REIN');
INSERT INTO relazione_rife_oggetto ( OGGETTO, RIFERIMENTO) VALUES ('REIN','ASIN_REIN');

WHENEVER SQLERROR EXIT

ALTER TABLE relazione_rife_oggetto ENABLE ALL TRIGGERS;

WHENEVER SQLERROR CONTINUE

REM ============================================================
REM    End Extract: c:\si4\gp4\gipv4\ins\gp4_ins_pgi_0.sql
REM ============================================================
