-- creazione function per gestione oggetti invalidi
--
start CRP_OBJECT_DATA.sql;
--
-- Inserimento del ruolo * delle voci di menu' di dotazione organica
--
INSERT INTO A_MENU ( APPLICAZIONE, RUOLO, PADRE, FIGLIO, VOCE_MENU, SEQUENZA,
STAMPANTE ) VALUES ( 
'GP4', '*', 1013506, 1013553, 'PDODAREE', 30, NULL); 
INSERT INTO A_MENU ( APPLICAZIONE, RUOLO, PADRE, FIGLIO, VOCE_MENU, SEQUENZA,
STAMPANTE ) VALUES ( 
'GP4', '*', 0, 1013505, 'PDODO', 35, NULL); 
INSERT INTO A_MENU ( APPLICAZIONE, RUOLO, PADRE, FIGLIO, VOCE_MENU, SEQUENZA,
STAMPANTE ) VALUES ( 
'GP4', '*', 1013505, 1013506, 'PDODODO', 10, NULL); 
INSERT INTO A_MENU ( APPLICAZIONE, RUOLO, PADRE, FIGLIO, VOCE_MENU, SEQUENZA,
STAMPANTE ) VALUES ( 
'GP4', '*', 1013505, 1013507, 'PDODOCO', 20, NULL); 
INSERT INTO A_MENU ( APPLICAZIONE, RUOLO, PADRE, FIGLIO, VOCE_MENU, SEQUENZA,
STAMPANTE ) VALUES ( 
'GP4', '*', 1013505, 1013508, 'PDODOSD', 30, NULL); 
INSERT INTO A_MENU ( APPLICAZIONE, RUOLO, PADRE, FIGLIO, VOCE_MENU, SEQUENZA,
STAMPANTE ) VALUES ( 
'GP4', '*', 1013505, 1013509, 'PDOARIDO', 1, NULL); 
INSERT INTO A_MENU ( APPLICAZIONE, RUOLO, PADRE, FIGLIO, VOCE_MENU, SEQUENZA,
STAMPANTE ) VALUES ( 
'GP4', '*', 1013506, 1013510, 'PDODREDO', 10, NULL); 
INSERT INTO A_MENU ( APPLICAZIONE, RUOLO, PADRE, FIGLIO, VOCE_MENU, SEQUENZA,
STAMPANTE ) VALUES ( 
'GP4', '*', 1013506, 1013511, 'PDODDOOR', 20, NULL); 
INSERT INTO A_MENU ( APPLICAZIONE, RUOLO, PADRE, FIGLIO, VOCE_MENU, SEQUENZA,
STAMPANTE ) VALUES ( 
'GP4', '*', 1013507, 1013512, 'PDOIDOOR', 10, NULL); 
INSERT INTO A_MENU ( APPLICAZIONE, RUOLO, PADRE, FIGLIO, VOCE_MENU, SEQUENZA,
STAMPANTE ) VALUES ( 
'GP4', '*', 1013507, 1013513, 'PDOIDOGE', 20, NULL); 
INSERT INTO A_MENU ( APPLICAZIONE, RUOLO, PADRE, FIGLIO, VOCE_MENU, SEQUENZA,
STAMPANTE ) VALUES ( 
'GP4', '*', 1013507, 1013514, 'PDORDOOR', 30, NULL); 
INSERT INTO A_MENU ( APPLICAZIONE, RUOLO, PADRE, FIGLIO, VOCE_MENU, SEQUENZA,
STAMPANTE ) VALUES ( 
'GP4', '*', 1013508, 1013515, 'PDOSDOOR', 10, NULL); 
INSERT INTO A_MENU ( APPLICAZIONE, RUOLO, PADRE, FIGLIO, VOCE_MENU, SEQUENZA,
STAMPANTE ) VALUES ( 
'GP4', '*', 1013508, 1013516, 'PDOSDOEF', 20, NULL); 
INSERT INTO A_MENU ( APPLICAZIONE, RUOLO, PADRE, FIGLIO, VOCE_MENU, SEQUENZA,
STAMPANTE ) VALUES ( 
'GP4', '*', 1013508, 1013517, 'PDOSSCDF', 30, NULL); 
INSERT INTO A_MENU ( APPLICAZIONE, RUOLO, PADRE, FIGLIO, VOCE_MENU, SEQUENZA,
STAMPANTE ) VALUES ( 
'GP4', '*', 1013508, 1013518, 'PDOSMODO', 40, NULL); 
INSERT INTO A_MENU ( APPLICAZIONE, RUOLO, PADRE, FIGLIO, VOCE_MENU, SEQUENZA,
STAMPANTE ) VALUES ( 
'GP4', '*', 1013508, 1013519, 'PDOSEVDO', 50, NULL); 
--
--
-- Inserimento nuovi codici di errore per giuridico matricolare e dotazione organica
--
--
INSERT INTO A_ERRORI ( ERRORE, DESCRIZIONE, DESCRIZIONE_AL1, DESCRIZIONE_AL2,
PROPRIETA ) VALUES ( 
'P08000', 'Non esiste nessuna Revisione di Struttura in stato di modifica', NULL, NULL
, NULL); 
INSERT INTO A_ERRORI ( ERRORE, DESCRIZIONE, DESCRIZIONE_AL1, DESCRIZIONE_AL2,
PROPRIETA ) VALUES ( 
'P08001', 'Esistono piu di una Revisione di Struttura in stato di modifica', NULL
, NULL, NULL); 
INSERT INTO A_ERRORI ( ERRORE, DESCRIZIONE, DESCRIZIONE_AL1, DESCRIZIONE_AL2,
PROPRIETA ) VALUES ( 
'P08002', 'Unita Organizzativa non eliminabile: esistono altre Unita figlie', NULL
, NULL, NULL); 
INSERT INTO A_ERRORI ( ERRORE, DESCRIZIONE, DESCRIZIONE_AL1, DESCRIZIONE_AL2,
PROPRIETA ) VALUES ( 
'P08003', 'Non e stato assegnato un responsabile alla Gestione', NULL, NULL, NULL); 
INSERT INTO A_ERRORI ( ERRORE, DESCRIZIONE, DESCRIZIONE_AL1, DESCRIZIONE_AL2,
PROPRIETA ) VALUES ( 
'P08004', 'Esiste piu'' di un responsabile per l''Unita'' Organizzativa  ', NULL, NULL
, NULL); 
INSERT INTO A_ERRORI ( ERRORE, DESCRIZIONE, DESCRIZIONE_AL1, DESCRIZIONE_AL2,
PROPRIETA ) VALUES ( 
'P08005', 'Non esiste nessuna revisione di dotazione in stato di modifica', NULL, NULL
, NULL); 
INSERT INTO A_ERRORI ( ERRORE, DESCRIZIONE, DESCRIZIONE_AL1, DESCRIZIONE_AL2,
PROPRIETA ) VALUES ( 
'P08006', 'Esiste gia'' una revisione di dotazione in stato di modifica', NULL, NULL
, NULL); 
INSERT INTO A_ERRORI ( ERRORE, DESCRIZIONE, DESCRIZIONE_AL1, DESCRIZIONE_AL2,
PROPRIETA ) VALUES ( 
'P08007', 'Non esiste nessuna revisione di dotazione in stato Attivo', NULL, NULL
, NULL); 
INSERT INTO A_ERRORI ( ERRORE, DESCRIZIONE, DESCRIZIONE_AL1, DESCRIZIONE_AL2,
PROPRIETA ) VALUES ( 
'P08008', 'Esistono piu'' di una revisione di dotazione in stato Attivo', NULL, NULL
, NULL); 
INSERT INTO A_ERRORI ( ERRORE, DESCRIZIONE, DESCRIZIONE_AL1, DESCRIZIONE_AL2,
PROPRIETA ) VALUES ( 
'P08009', 'Riferimenti al nuovo padre non corretti; operazione non eseguita', NULL
, NULL, NULL); 
INSERT INTO A_ERRORI ( ERRORE, DESCRIZIONE, DESCRIZIONE_AL1, DESCRIZIONE_AL2,
PROPRIETA ) VALUES ( 
'P08010', 'Revisione gia'' esistente', NULL, NULL, NULL); 
INSERT INTO A_ERRORI ( ERRORE, DESCRIZIONE, DESCRIZIONE_AL1, DESCRIZIONE_AL2,
PROPRIETA ) VALUES ( 
'P08011', 'Non e'' stato individuato il nodo da eliminare ', NULL, NULL, NULL); 
INSERT INTO A_ERRORI ( ERRORE, DESCRIZIONE, DESCRIZIONE_AL1, DESCRIZIONE_AL2,
PROPRIETA ) VALUES ( 
'P08012', 'Impossibile usare contemporaneamente % e valori diversi', NULL, NULL, NULL); 
INSERT INTO A_ERRORI ( ERRORE, DESCRIZIONE, DESCRIZIONE_AL1, DESCRIZIONE_AL2,
PROPRIETA ) VALUES ( 
'P08013', 'Impossibile usare contemporaneamente attributi giuridici ed economici'
, NULL, NULL, NULL); 
INSERT INTO A_ERRORI ( ERRORE, DESCRIZIONE, DESCRIZIONE_AL1, DESCRIZIONE_AL2,
PROPRIETA ) VALUES ( 
'P08014', 'Gestione gia esistente', NULL, NULL, NULL); 
INSERT INTO A_ERRORI ( ERRORE, DESCRIZIONE, DESCRIZIONE_AL1, DESCRIZIONE_AL2,
PROPRIETA ) VALUES ( 
'P08015', 'Area gia esistente', NULL, NULL, NULL); 
INSERT INTO A_ERRORI ( ERRORE, DESCRIZIONE, DESCRIZIONE_AL1, DESCRIZIONE_AL2,
PROPRIETA ) VALUES ( 
'P08016', 'Settore gia esistente', NULL, NULL, NULL); 
INSERT INTO A_ERRORI ( ERRORE, DESCRIZIONE, DESCRIZIONE_AL1, DESCRIZIONE_AL2,
PROPRIETA ) VALUES ( 
'P08017', 'Ruolo gia esistente', NULL, NULL, NULL); 
INSERT INTO A_ERRORI ( ERRORE, DESCRIZIONE, DESCRIZIONE_AL1, DESCRIZIONE_AL2,
PROPRIETA ) VALUES ( 
'P08018', 'Figura gia esistente', NULL, NULL, NULL); 
INSERT INTO A_ERRORI ( ERRORE, DESCRIZIONE, DESCRIZIONE_AL1, DESCRIZIONE_AL2,
PROPRIETA ) VALUES ( 
'P08019', 'Profilo gia esistente', NULL, NULL, NULL); 
INSERT INTO A_ERRORI ( ERRORE, DESCRIZIONE, DESCRIZIONE_AL1, DESCRIZIONE_AL2,
PROPRIETA ) VALUES ( 
'P08020', 'Posizione gia esistente', NULL, NULL, NULL); 
INSERT INTO A_ERRORI ( ERRORE, DESCRIZIONE, DESCRIZIONE_AL1, DESCRIZIONE_AL2,
PROPRIETA ) VALUES ( 
'P08021', 'Attivita gia esistente', NULL, NULL, NULL); 
INSERT INTO A_ERRORI ( ERRORE, DESCRIZIONE, DESCRIZIONE_AL1, DESCRIZIONE_AL2,
PROPRIETA ) VALUES ( 
'P08022', 'Livello gia esistente', NULL, NULL, NULL); 
INSERT INTO A_ERRORI ( ERRORE, DESCRIZIONE, DESCRIZIONE_AL1, DESCRIZIONE_AL2,
PROPRIETA ) VALUES ( 
'P08023', 'Qualifica gia esistente', NULL, NULL, NULL); 
INSERT INTO A_ERRORI ( ERRORE, DESCRIZIONE, DESCRIZIONE_AL1, DESCRIZIONE_AL2,
PROPRIETA ) VALUES ( 
'P08024', 'Tipo Rapporto gia esistente', NULL, NULL, NULL); 
INSERT INTO A_ERRORI ( ERRORE, DESCRIZIONE, DESCRIZIONE_AL1, DESCRIZIONE_AL2,
PROPRIETA ) VALUES ( 
'P08025', 'Campo obbligatorio', NULL, NULL, NULL); 
INSERT INTO A_ERRORI ( ERRORE, DESCRIZIONE, DESCRIZIONE_AL1, DESCRIZIONE_AL2,
PROPRIETA ) VALUES ( 
'P08026', 'Impossibile eseguire la ricerca per dipendente', NULL, NULL, NULL); 
INSERT INTO A_ERRORI ( ERRORE, DESCRIZIONE, DESCRIZIONE_AL1, DESCRIZIONE_AL2,
PROPRIETA ) VALUES ( 
'P08027', 'Superato il numero di individui previsto dalla Dotazione Organica', NULL
, NULL, NULL); 
INSERT INTO A_ERRORI ( ERRORE, DESCRIZIONE, DESCRIZIONE_AL1, DESCRIZIONE_AL2,
PROPRIETA ) VALUES ( 
'P08028', 'Superato il numero di ore previsto dalla Dotazione Organica', NULL, NULL
, NULL); 
INSERT INTO A_ERRORI ( ERRORE, DESCRIZIONE, DESCRIZIONE_AL1, DESCRIZIONE_AL2,
PROPRIETA ) VALUES ( 
'P08029', 'Esiste una carenza di individui rispetto alla Dotazione Organica', NULL
, NULL, NULL); 
INSERT INTO A_ERRORI ( ERRORE, DESCRIZIONE, DESCRIZIONE_AL1, DESCRIZIONE_AL2,
PROPRIETA ) VALUES ( 
'P08030', 'Esiste una carenza di ore lavorate rispetto alla Dotazione Organica', NULL
, NULL, NULL); 
INSERT INTO A_ERRORI ( ERRORE, DESCRIZIONE, DESCRIZIONE_AL1, DESCRIZIONE_AL2,
PROPRIETA ) VALUES ( 
'P08031', 'Periodo esterno all''assenza del dipendente di ruolo ', NULL, NULL, NULL); 
INSERT INTO A_ERRORI ( ERRORE, DESCRIZIONE, DESCRIZIONE_AL1, DESCRIZIONE_AL2,
PROPRIETA ) VALUES ( 
'P08032', 'Non e'' possibile assegnare sostituzioni a individui di ruolo', NULL, NULL
, NULL); 
INSERT INTO A_ERRORI ( ERRORE, DESCRIZIONE, DESCRIZIONE_AL1, DESCRIZIONE_AL2,
PROPRIETA ) VALUES ( 
'P08033', 'Periodo di assenza gia'' sostituito da un altro individuo', NULL, NULL
, NULL); 
INSERT INTO A_ERRORI ( ERRORE, DESCRIZIONE, DESCRIZIONE_AL1, DESCRIZIONE_AL2,
PROPRIETA ) VALUES ( 
'P08034', 'Il periodo di sostituzione non copre completamente l''assenza', NULL, NULL
, NULL); 
INSERT INTO A_ERRORI ( ERRORE, DESCRIZIONE, DESCRIZIONE_AL1, DESCRIZIONE_AL2,
PROPRIETA ) VALUES ( 
'P08035', 'Rilevate variazioni manuali sulla revisione in modifica. Continuare ?'
, NULL, NULL, NULL); 
INSERT INTO A_ERRORI ( ERRORE, DESCRIZIONE, DESCRIZIONE_AL1, DESCRIZIONE_AL2,
PROPRIETA ) VALUES ( 
'P08036', 'Impossibile effettuare la cancellazione', NULL, NULL, NULL); 
INSERT INTO A_ERRORI ( ERRORE, DESCRIZIONE, DESCRIZIONE_AL1, DESCRIZIONE_AL2,
PROPRIETA ) VALUES ( 
'P08037', 'Data di inizio validita'' della revisione non definita. ', NULL, NULL, NULL); 
INSERT INTO A_ERRORI ( ERRORE, DESCRIZIONE, DESCRIZIONE_AL1, DESCRIZIONE_AL2,
PROPRIETA ) VALUES ( 
'P08038', 'Esiste una relazione di dipendenza ricorsiva tra gli individui', NULL, NULL
, NULL); 
INSERT INTO A_ERRORI ( ERRORE, DESCRIZIONE, DESCRIZIONE_AL1, DESCRIZIONE_AL2,
PROPRIETA ) VALUES ( 
'P08039', 'Errore nella definizione della Dotazione Teorica', NULL, NULL, NULL); 
INSERT INTO A_ERRORI ( ERRORE, DESCRIZIONE, DESCRIZIONE_AL1, DESCRIZIONE_AL2,
PROPRIETA ) VALUES ( 
'P08040', 'Responsabile privo di rapporto giuridico', NULL, NULL, NULL); 
INSERT INTO A_ERRORI ( ERRORE, DESCRIZIONE, DESCRIZIONE_AL1, DESCRIZIONE_AL2,
PROPRIETA ) VALUES ( 
'P08041', 'Esistono individui da riassegnare selezionati per il calcolo cedolino'
, NULL, NULL, NULL); 
INSERT INTO A_ERRORI ( ERRORE, DESCRIZIONE, DESCRIZIONE_AL1, DESCRIZIONE_AL2,
PROPRIETA ) VALUES ( 
'P08042', 'Verificare l''elenco degli individui da riassegnare [CASUO]', NULL, NULL
, NULL); 
INSERT INTO A_ERRORI ( ERRORE, DESCRIZIONE, DESCRIZIONE_AL1, DESCRIZIONE_AL2,
PROPRIETA ) VALUES ( 
'P08043', 'Il numero di suddivisioni raggiunto e maggiore di 4.', NULL, NULL, NULL); 
INSERT INTO A_ERRORI ( ERRORE, DESCRIZIONE, DESCRIZIONE_AL1, DESCRIZIONE_AL2,
PROPRIETA ) VALUES ( 
'P08044', 'Periodo esterno all''incarico del dipendente di ruolo', NULL, NULL, NULL); 
INSERT INTO A_ERRORI ( ERRORE, DESCRIZIONE, DESCRIZIONE_AL1, DESCRIZIONE_AL2,
PROPRIETA ) VALUES ( 
'P08045', 'Il periodo di sostituzione non copre completamente l''incarico', NULL, NULL
, NULL); 
INSERT INTO A_ERRORI ( ERRORE, DESCRIZIONE, DESCRIZIONE_AL1, DESCRIZIONE_AL2,
PROPRIETA ) VALUES ( 
'P08046', 'Periodo di incarico gia'' sostituito da un altro individuo', NULL, NULL
, NULL); 
INSERT INTO A_ERRORI ( ERRORE, DESCRIZIONE, DESCRIZIONE_AL1, DESCRIZIONE_AL2,
PROPRIETA ) VALUES ( 
'P08047', 'Non e'' possibile avere nulli sia il Numero che il Numero Ore', NULL, NULL
, NULL); 
INSERT INTO A_ERRORI ( ERRORE, DESCRIZIONE, DESCRIZIONE_AL1, DESCRIZIONE_AL2,
PROPRIETA ) VALUES ( 
'P08048', 'Il valore deve essere inferiore a 100', NULL, NULL, NULL); 
INSERT INTO A_ERRORI ( ERRORE, DESCRIZIONE, DESCRIZIONE_AL1, DESCRIZIONE_AL2,
PROPRIETA ) VALUES ( 
'P08049', 'Correggere la storicita delle Unita Organizzative', NULL, NULL, NULL); 
INSERT INTO A_ERRORI ( ERRORE, DESCRIZIONE, DESCRIZIONE_AL1, DESCRIZIONE_AL2,
PROPRIETA ) VALUES ( 
'P08050', 'Non e stata indicata la data di decorrenza della revisione da attivare'
, NULL, NULL, NULL); 
INSERT INTO A_ERRORI ( ERRORE, DESCRIZIONE, DESCRIZIONE_AL1, DESCRIZIONE_AL2,
PROPRIETA ) VALUES ( 
'P08051', 'Non sono previste Unita'' Organizzative. Revisione non attivabile.', NULL
, NULL, NULL); 
--
--
-- Inserimento nuovi ref codes per giuridico matricolare e dotazione organica
--
--
INSERT INTO PGM_REF_CODES ( RV_LOW_VALUE, RV_HIGH_VALUE, RV_ABBREVIATION, RV_DOMAIN, RV_MEANING,
RV_TYPE, RV_MEANING_AL1, RV_MEANING_AL2 ) VALUES ( 
'M', NULL, NULL, 'REVISIONI_STRUTTURA.STATO', 'in Modifica', 'CFG', NULL, NULL); 
INSERT INTO PGM_REF_CODES ( RV_LOW_VALUE, RV_HIGH_VALUE, RV_ABBREVIATION, RV_DOMAIN, RV_MEANING,
RV_TYPE, RV_MEANING_AL1, RV_MEANING_AL2 ) VALUES ( 
'O', NULL, NULL, 'REVISIONI_STRUTTURA.STATO', 'Obsoleta', 'CFG', NULL, NULL); 
INSERT INTO PGM_REF_CODES ( RV_LOW_VALUE, RV_HIGH_VALUE, RV_ABBREVIATION, RV_DOMAIN, RV_MEANING,
RV_TYPE, RV_MEANING_AL1, RV_MEANING_AL2 ) VALUES ( 
'A', NULL, NULL, 'REVISIONI_STRUTTURA.STATO', 'Attiva', 'CFG', NULL, NULL); 
--
--
-- Inserimento nuove guide orizzontali per giuridico matricolare e dotazione organica
--
--
INSERT INTO A_GUIDE_O ( GUIDA_O, SEQUENZA, ALIAS, LETTERA, LETTERA_AL1, LETTERA_AL2, TITOLO,
TITOLO_AL1, TITOLO_AL2, GUIDA_V, VOCE_MENU, VOCE_RIF, PROPRIETA, TITOLO_ESTESO, TITOLO_ESTESO_AL1,
TITOLO_ESTESO_AL2 ) VALUES ( 
'P_ACOMP', 1, 'ACOMP', 'R', NULL, NULL, 'Rettifica', NULL, NULL, NULL, 'PGMACOMP'
, NULL, NULL, NULL, NULL, NULL); 
INSERT INTO A_GUIDE_O ( GUIDA_O, SEQUENZA, ALIAS, LETTERA, LETTERA_AL1, LETTERA_AL2, TITOLO,
TITOLO_AL1, TITOLO_AL2, GUIDA_V, VOCE_MENU, VOCE_RIF, PROPRIETA, TITOLO_ESTESO, TITOLO_ESTESO_AL1,
TITOLO_ESTESO_AL2 ) VALUES ( 
'P_ACOMP', 2, 'ASETT', 'A', NULL, NULL, 'Agg.un.or', NULL, NULL, NULL, 'PGMASETT'
, NULL, NULL, NULL, NULL, NULL); 
INSERT INTO A_GUIDE_O ( GUIDA_O, SEQUENZA, ALIAS, LETTERA, LETTERA_AL1, LETTERA_AL2, TITOLO,
TITOLO_AL1, TITOLO_AL2, GUIDA_V, VOCE_MENU, VOCE_RIF, PROPRIETA, TITOLO_ESTESO, TITOLO_ESTESO_AL1,
TITOLO_ESTESO_AL2 ) VALUES ( 
'P_ASETT', 1, 'SDAM', 'C', NULL, NULL, 'sedi Cont', NULL, NULL, NULL, 'PGMDSDAM', NULL
, NULL, NULL, NULL, NULL); 
INSERT INTO A_GUIDE_O ( GUIDA_O, SEQUENZA, ALIAS, LETTERA, LETTERA_AL1, LETTERA_AL2, TITOLO,
TITOLO_AL1, TITOLO_AL2, GUIDA_V, VOCE_MENU, VOCE_RIF, PROPRIETA, TITOLO_ESTESO, TITOLO_ESTESO_AL1,
TITOLO_ESTESO_AL2 ) VALUES ( 
'P_ASETT', 2, 'SUST', 'S', NULL, NULL, 'Suddivis.', NULL, NULL, NULL, 'PGMDSUST', NULL
, NULL, NULL, NULL, NULL); 
INSERT INTO A_GUIDE_O ( GUIDA_O, SEQUENZA, ALIAS, LETTERA, LETTERA_AL1, LETTERA_AL2, TITOLO,
TITOLO_AL1, TITOLO_AL2, GUIDA_V, VOCE_MENU, VOCE_RIF, PROPRIETA, TITOLO_ESTESO, TITOLO_ESTESO_AL1,
TITOLO_ESTESO_AL2 ) VALUES ( 
'P_ASETT', 3, 'SEDI', 'E', NULL, NULL, 'sedi Ente', NULL, NULL, NULL, 'PGMDSEDI', NULL
, NULL, NULL, NULL, NULL); 
INSERT INTO A_GUIDE_O ( GUIDA_O, SEQUENZA, ALIAS, LETTERA, LETTERA_AL1, LETTERA_AL2, TITOLO,
TITOLO_AL1, TITOLO_AL2, GUIDA_V, VOCE_MENU, VOCE_RIF, PROPRIETA, TITOLO_ESTESO, TITOLO_ESTESO_AL1,
TITOLO_ESTESO_AL2 ) VALUES ( 
'P_ASETT', 4, 'EREST', 'V', NULL, NULL, 'reVisioni', NULL, NULL, NULL, 'PGMEREST'
, NULL, NULL, NULL, NULL, NULL); 
INSERT INTO A_GUIDE_O ( GUIDA_O, SEQUENZA, ALIAS, LETTERA, LETTERA_AL1, LETTERA_AL2, TITOLO,
TITOLO_AL1, TITOLO_AL2, GUIDA_V, VOCE_MENU, VOCE_RIF, PROPRIETA, TITOLO_ESTESO, TITOLO_ESTESO_AL1,
TITOLO_ESTESO_AL2 ) VALUES ( 
'P_ASETT', 5, 'RIFU', 'R', NULL, NULL, 'Rip.funz.', NULL, NULL, NULL, 'PGMDRIFU', NULL
, NULL, NULL, NULL, NULL); 
INSERT INTO A_GUIDE_O ( GUIDA_O, SEQUENZA, ALIAS, LETTERA, LETTERA_AL1, LETTERA_AL2, TITOLO,
TITOLO_AL1, TITOLO_AL2, GUIDA_V, VOCE_MENU, VOCE_RIF, PROPRIETA, TITOLO_ESTESO, TITOLO_ESTESO_AL1,
TITOLO_ESTESO_AL2 ) VALUES ( 
'P_ASOGG', 1, 'ANAG', 'E', NULL, NULL, 'Elenco', NULL, NULL, NULL, 'PAMESOGG', NULL
, NULL, NULL, NULL, NULL); 
INSERT INTO A_GUIDE_O ( GUIDA_O, SEQUENZA, ALIAS, LETTERA, LETTERA_AL1, LETTERA_AL2, TITOLO,
TITOLO_AL1, TITOLO_AL2, GUIDA_V, VOCE_MENU, VOCE_RIF, PROPRIETA, TITOLO_ESTESO, TITOLO_ESTESO_AL1,
TITOLO_ESTESO_AL2 ) VALUES ( 
'P_CASUO', 1, 'EVGI', 'E', NULL, NULL, 'Eventi', NULL, NULL, NULL, 'PGMDEVGI', NULL
, NULL, NULL, NULL, NULL); 
INSERT INTO A_GUIDE_O ( GUIDA_O, SEQUENZA, ALIAS, LETTERA, LETTERA_AL1, LETTERA_AL2, TITOLO,
TITOLO_AL1, TITOLO_AL2, GUIDA_V, VOCE_MENU, VOCE_RIF, PROPRIETA, TITOLO_ESTESO, TITOLO_ESTESO_AL1,
TITOLO_ESTESO_AL2 ) VALUES ( 
'P_CASUO', 2, 'STAM', 'S', NULL, NULL, 'Settori', NULL, NULL, NULL, 'PGMESTAM', NULL
, NULL, NULL, NULL, NULL); 
INSERT INTO A_GUIDE_O ( GUIDA_O, SEQUENZA, ALIAS, LETTERA, LETTERA_AL1, LETTERA_AL2, TITOLO,
TITOLO_AL1, TITOLO_AL2, GUIDA_V, VOCE_MENU, VOCE_RIF, PROPRIETA, TITOLO_ESTESO, TITOLO_ESTESO_AL1,
TITOLO_ESTESO_AL2 ) VALUES ( 
'P_CASUO', 3, 'SEDE', 'D', NULL, NULL, 'seDi', NULL, NULL, NULL, 'PGMESEDE', NULL
, NULL, NULL, NULL, NULL); 
INSERT INTO A_GUIDE_O ( GUIDA_O, SEQUENZA, ALIAS, LETTERA, LETTERA_AL1, LETTERA_AL2, TITOLO,
TITOLO_AL1, TITOLO_AL2, GUIDA_V, VOCE_MENU, VOCE_RIF, PROPRIETA, TITOLO_ESTESO, TITOLO_ESTESO_AL1,
TITOLO_ESTESO_AL2 ) VALUES ( 
'P_COMP', 1, 'AINDI', 'A', NULL, NULL, 'Anagrafe', NULL, NULL, NULL, 'PAMAINDI', NULL
, NULL, NULL, NULL, NULL); 
INSERT INTO A_GUIDE_O ( GUIDA_O, SEQUENZA, ALIAS, LETTERA, LETTERA_AL1, LETTERA_AL2, TITOLO,
TITOLO_AL1, TITOLO_AL2, GUIDA_V, VOCE_MENU, VOCE_RIF, PROPRIETA, TITOLO_ESTESO, TITOLO_ESTESO_AL1,
TITOLO_ESTESO_AL2 ) VALUES ( 
'P_COMP', 2, 'EINDI', 'I', NULL, NULL, 'Individui', NULL, NULL, NULL, 'PAMEINDI', NULL
, NULL, NULL, NULL, NULL); 
INSERT INTO A_GUIDE_O ( GUIDA_O, SEQUENZA, ALIAS, LETTERA, LETTERA_AL1, LETTERA_AL2, TITOLO,
TITOLO_AL1, TITOLO_AL2, GUIDA_V, VOCE_MENU, VOCE_RIF, PROPRIETA, TITOLO_ESTESO, TITOLO_ESTESO_AL1,
TITOLO_ESTESO_AL2 ) VALUES ( 
'P_COMP', 3, 'TIIN', 'N', NULL, NULL, 'iNcarichi', NULL, NULL, NULL, 'PGMDTIIN', NULL
, NULL, NULL, NULL, NULL); 
INSERT INTO A_GUIDE_O ( GUIDA_O, SEQUENZA, ALIAS, LETTERA, LETTERA_AL1, LETTERA_AL2, TITOLO,
TITOLO_AL1, TITOLO_AL2, GUIDA_V, VOCE_MENU, VOCE_RIF, PROPRIETA, TITOLO_ESTESO, TITOLO_ESTESO_AL1,
TITOLO_ESTESO_AL2 ) VALUES ( 
'P_COMP', 4, 'TITI', 'T', NULL, NULL, 'Titoli', NULL, NULL, NULL, 'PGMDTITI', NULL
, NULL, NULL, NULL, NULL); 
INSERT INTO A_GUIDE_O ( GUIDA_O, SEQUENZA, ALIAS, LETTERA, LETTERA_AL1, LETTERA_AL2, TITOLO,
TITOLO_AL1, TITOLO_AL2, GUIDA_V, VOCE_MENU, VOCE_RIF, PROPRIETA, TITOLO_ESTESO, TITOLO_ESTESO_AL1,
TITOLO_ESTESO_AL2 ) VALUES ( 
'P_COMP', 5, 'ANAG', 'S', NULL, NULL, 'Soggetti', NULL, NULL, NULL, 'PAMESOGG', NULL
, NULL, NULL, NULL, NULL); 
INSERT INTO A_GUIDE_O ( GUIDA_O, SEQUENZA, ALIAS, LETTERA, LETTERA_AL1, LETTERA_AL2, TITOLO,
TITOLO_AL1, TITOLO_AL2, GUIDA_V, VOCE_MENU, VOCE_RIF, PROPRIETA, TITOLO_ESTESO, TITOLO_ESTESO_AL1,
TITOLO_ESTESO_AL2 ) VALUES ( 
'P_DDOOR', 1, 'GEST', 'G', NULL, NULL, 'Gestioni', NULL, NULL, NULL, 'PGMEGEST', NULL
, NULL, NULL, NULL, NULL); 
INSERT INTO A_GUIDE_O ( GUIDA_O, SEQUENZA, ALIAS, LETTERA, LETTERA_AL1, LETTERA_AL2, TITOLO,
TITOLO_AL1, TITOLO_AL2, GUIDA_V, VOCE_MENU, VOCE_RIF, PROPRIETA, TITOLO_ESTESO, TITOLO_ESTESO_AL1,
TITOLO_ESTESO_AL2 ) VALUES ( 
'P_DDOOR', 2, 'STAM', 'S', NULL, NULL, 'Settori', NULL, NULL, NULL, 'PGMESTAM', NULL
, NULL, NULL, NULL, NULL); 
INSERT INTO A_GUIDE_O ( GUIDA_O, SEQUENZA, ALIAS, LETTERA, LETTERA_AL1, LETTERA_AL2, TITOLO,
TITOLO_AL1, TITOLO_AL2, GUIDA_V, VOCE_MENU, VOCE_RIF, PROPRIETA, TITOLO_ESTESO, TITOLO_ESTESO_AL1,
TITOLO_ESTESO_AL2 ) VALUES ( 
'P_DDOOR', 3, 'AREE', 'E', NULL, NULL, 'arEe', NULL, NULL, NULL, 'PDODAREE', NULL
, NULL, NULL, NULL, NULL); 
INSERT INTO A_GUIDE_O ( GUIDA_O, SEQUENZA, ALIAS, LETTERA, LETTERA_AL1, LETTERA_AL2, TITOLO,
TITOLO_AL1, TITOLO_AL2, GUIDA_V, VOCE_MENU, VOCE_RIF, PROPRIETA, TITOLO_ESTESO, TITOLO_ESTESO_AL1,
TITOLO_ESTESO_AL2 ) VALUES ( 
'P_DDOOR', 4, 'RUOL', 'U', NULL, NULL, 'rUoli', NULL, NULL, NULL, 'PGMERUOL', NULL
, NULL, NULL, NULL, NULL); 
INSERT INTO A_GUIDE_O ( GUIDA_O, SEQUENZA, ALIAS, LETTERA, LETTERA_AL1, LETTERA_AL2, TITOLO,
TITOLO_AL1, TITOLO_AL2, GUIDA_V, VOCE_MENU, VOCE_RIF, PROPRIETA, TITOLO_ESTESO, TITOLO_ESTESO_AL1,
TITOLO_ESTESO_AL2 ) VALUES ( 
'P_DDOOR', 5, 'FIGI', 'F', NULL, NULL, 'Figure', NULL, NULL, NULL, 'PGMRFIGU', NULL
, NULL, NULL, NULL, NULL); 
INSERT INTO A_GUIDE_O ( GUIDA_O, SEQUENZA, ALIAS, LETTERA, LETTERA_AL1, LETTERA_AL2, TITOLO,
TITOLO_AL1, TITOLO_AL2, GUIDA_V, VOCE_MENU, VOCE_RIF, PROPRIETA, TITOLO_ESTESO, TITOLO_ESTESO_AL1,
TITOLO_ESTESO_AL2 ) VALUES ( 
'P_DDOOR', 6, 'PRPR', 'O', NULL, NULL, 'prOfili', NULL, NULL, NULL, 'PGMDPRPR', NULL
, NULL, NULL, NULL, NULL); 
INSERT INTO A_GUIDE_O ( GUIDA_O, SEQUENZA, ALIAS, LETTERA, LETTERA_AL1, LETTERA_AL2, TITOLO,
TITOLO_AL1, TITOLO_AL2, GUIDA_V, VOCE_MENU, VOCE_RIF, PROPRIETA, TITOLO_ESTESO, TITOLO_ESTESO_AL1,
TITOLO_ESTESO_AL2 ) VALUES ( 
'P_DDOOR', 7, 'POFU', 'P', NULL, NULL, 'Posizioni', NULL, NULL, NULL, 'PGMEPOFU', NULL
, NULL, NULL, NULL, NULL); 
INSERT INTO A_GUIDE_O ( GUIDA_O, SEQUENZA, ALIAS, LETTERA, LETTERA_AL1, LETTERA_AL2, TITOLO,
TITOLO_AL1, TITOLO_AL2, GUIDA_V, VOCE_MENU, VOCE_RIF, PROPRIETA, TITOLO_ESTESO, TITOLO_ESTESO_AL1,
TITOLO_ESTESO_AL2 ) VALUES ( 
'P_DDOOR', 8, 'ATTI', 'A', NULL, NULL, 'Attivita', NULL, NULL, NULL, 'PPAEATTI', NULL
, NULL, NULL, NULL, NULL); 
INSERT INTO A_GUIDE_O ( GUIDA_O, SEQUENZA, ALIAS, LETTERA, LETTERA_AL1, LETTERA_AL2, TITOLO,
TITOLO_AL1, TITOLO_AL2, GUIDA_V, VOCE_MENU, VOCE_RIF, PROPRIETA, TITOLO_ESTESO, TITOLO_ESTESO_AL1,
TITOLO_ESTESO_AL2 ) VALUES ( 
'P_DDOOR', 9, 'TIRA', 'T', NULL, NULL, 'Tipi rap.', NULL, NULL, NULL, 'PGMETIRA', NULL
, NULL, NULL, NULL, NULL); 
INSERT INTO A_GUIDE_O ( GUIDA_O, SEQUENZA, ALIAS, LETTERA, LETTERA_AL1, LETTERA_AL2, TITOLO,
TITOLO_AL1, TITOLO_AL2, GUIDA_V, VOCE_MENU, VOCE_RIF, PROPRIETA, TITOLO_ESTESO, TITOLO_ESTESO_AL1,
TITOLO_ESTESO_AL2 ) VALUES ( 
'P_DDOOR', 10, 'RDOR', 'I', NULL, NULL, 'dett.Ind.', NULL, NULL, NULL, 'PDORDOOR'
, NULL, NULL, NULL, NULL, NULL); 
INSERT INTO A_GUIDE_O ( GUIDA_O, SEQUENZA, ALIAS, LETTERA, LETTERA_AL1, LETTERA_AL2, TITOLO,
TITOLO_AL1, TITOLO_AL2, GUIDA_V, VOCE_MENU, VOCE_RIF, PROPRIETA, TITOLO_ESTESO, TITOLO_ESTESO_AL1,
TITOLO_ESTESO_AL2 ) VALUES ( 
'P_DDOOR', 11, 'REDO', 'R', NULL, NULL, 'Revisioni', NULL, NULL, NULL, 'PDODREDO'
, NULL, NULL, NULL, NULL, NULL); 
INSERT INTO A_GUIDE_O ( GUIDA_O, SEQUENZA, ALIAS, LETTERA, LETTERA_AL1, LETTERA_AL2, TITOLO,
TITOLO_AL1, TITOLO_AL2, GUIDA_V, VOCE_MENU, VOCE_RIF, PROPRIETA, TITOLO_ESTESO, TITOLO_ESTESO_AL1,
TITOLO_ESTESO_AL2 ) VALUES ( 
'P_DDOOR', 13, 'IDOOR', 'D', NULL, NULL, 'Dotazione', NULL, NULL, NULL, 'PDOIDOOR'
, NULL, NULL, NULL, NULL, NULL); 
INSERT INTO A_GUIDE_O ( GUIDA_O, SEQUENZA, ALIAS, LETTERA, LETTERA_AL1, LETTERA_AL2, TITOLO,
TITOLO_AL1, TITOLO_AL2, GUIDA_V, VOCE_MENU, VOCE_RIF, PROPRIETA, TITOLO_ESTESO, TITOLO_ESTESO_AL1,
TITOLO_ESTESO_AL2 ) VALUES ( 
'P_DTICA', 1, 'TICA', 'C', NULL, NULL, 'Calendari', NULL, NULL, NULL, 'PECDTICA', NULL
, NULL, NULL, NULL, NULL); 
INSERT INTO A_GUIDE_O ( GUIDA_O, SEQUENZA, ALIAS, LETTERA, LETTERA_AL1, LETTERA_AL2, TITOLO,
TITOLO_AL1, TITOLO_AL2, GUIDA_V, VOCE_MENU, VOCE_RIF, PROPRIETA, TITOLO_ESTESO, TITOLO_ESTESO_AL1,
TITOLO_ESTESO_AL2 ) VALUES ( 
'P_ESOG', 1, 'ANAG', 'R', NULL, NULL, 'Rettifica', NULL, NULL, NULL, 'PAMASOGG', NULL
, NULL, NULL, NULL, NULL); 
INSERT INTO A_GUIDE_O ( GUIDA_O, SEQUENZA, ALIAS, LETTERA, LETTERA_AL1, LETTERA_AL2, TITOLO,
TITOLO_AL1, TITOLO_AL2, GUIDA_V, VOCE_MENU, VOCE_RIF, PROPRIETA, TITOLO_ESTESO, TITOLO_ESTESO_AL1,
TITOLO_ESTESO_AL2 ) VALUES ( 
'P_IDOGE', 1, 'DOOR', 'D', NULL, NULL, 'Data rif.', NULL, NULL, NULL, 'PDOARIDO', NULL
, NULL, NULL, NULL, NULL); 
INSERT INTO A_GUIDE_O ( GUIDA_O, SEQUENZA, ALIAS, LETTERA, LETTERA_AL1, LETTERA_AL2, TITOLO,
TITOLO_AL1, TITOLO_AL2, GUIDA_V, VOCE_MENU, VOCE_RIF, PROPRIETA, TITOLO_ESTESO, TITOLO_ESTESO_AL1,
TITOLO_ESTESO_AL2 ) VALUES ( 
'P_IDOGE', 2, 'DOOR', 'R', NULL, NULL, 'Revisioni', NULL, NULL, NULL, 'PDODREDO', NULL
, NULL, NULL, NULL, NULL); 
INSERT INTO A_GUIDE_O ( GUIDA_O, SEQUENZA, ALIAS, LETTERA, LETTERA_AL1, LETTERA_AL2, TITOLO,
TITOLO_AL1, TITOLO_AL2, GUIDA_V, VOCE_MENU, VOCE_RIF, PROPRIETA, TITOLO_ESTESO, TITOLO_ESTESO_AL1,
TITOLO_ESTESO_AL2 ) VALUES ( 
'P_IDOGE', 3, 'DOOR', 'I', NULL, NULL, 'dett.Ind.', NULL, NULL, NULL, 'PDORDOOR', NULL
, NULL, NULL, NULL, NULL); 
INSERT INTO A_GUIDE_O ( GUIDA_O, SEQUENZA, ALIAS, LETTERA, LETTERA_AL1, LETTERA_AL2, TITOLO,
TITOLO_AL1, TITOLO_AL2, GUIDA_V, VOCE_MENU, VOCE_RIF, PROPRIETA, TITOLO_ESTESO, TITOLO_ESTESO_AL1,
TITOLO_ESTESO_AL2 ) VALUES ( 
'P_IDOGE', 4, 'DOOR', 'T', NULL, NULL, 'doTazione', NULL, NULL, NULL, 'PDODDOOR', NULL
, NULL, NULL, NULL, NULL); 
INSERT INTO A_GUIDE_O ( GUIDA_O, SEQUENZA, ALIAS, LETTERA, LETTERA_AL1, LETTERA_AL2, TITOLO,
TITOLO_AL1, TITOLO_AL2, GUIDA_V, VOCE_MENU, VOCE_RIF, PROPRIETA, TITOLO_ESTESO, TITOLO_ESTESO_AL1,
TITOLO_ESTESO_AL2 ) VALUES ( 
'P_IDOOR', 1, 'DOOR', 'D', NULL, NULL, 'Data rif.', NULL, NULL, NULL, 'PDOARIDO', NULL
, NULL, NULL, NULL, NULL); 
INSERT INTO A_GUIDE_O ( GUIDA_O, SEQUENZA, ALIAS, LETTERA, LETTERA_AL1, LETTERA_AL2, TITOLO,
TITOLO_AL1, TITOLO_AL2, GUIDA_V, VOCE_MENU, VOCE_RIF, PROPRIETA, TITOLO_ESTESO, TITOLO_ESTESO_AL1,
TITOLO_ESTESO_AL2 ) VALUES ( 
'P_IDOOR', 2, 'DOOR', 'R', NULL, NULL, 'Revisioni', NULL, NULL, NULL, 'PDODREDO', NULL
, NULL, NULL, NULL, NULL); 
INSERT INTO A_GUIDE_O ( GUIDA_O, SEQUENZA, ALIAS, LETTERA, LETTERA_AL1, LETTERA_AL2, TITOLO,
TITOLO_AL1, TITOLO_AL2, GUIDA_V, VOCE_MENU, VOCE_RIF, PROPRIETA, TITOLO_ESTESO, TITOLO_ESTESO_AL1,
TITOLO_ESTESO_AL2 ) VALUES ( 
'P_IDOOR', 3, 'DOOR', 'G', NULL, NULL, 'dett.Gest', NULL, NULL, NULL, 'PDOIDOGE', NULL
, NULL, NULL, NULL, NULL); 
INSERT INTO A_GUIDE_O ( GUIDA_O, SEQUENZA, ALIAS, LETTERA, LETTERA_AL1, LETTERA_AL2, TITOLO,
TITOLO_AL1, TITOLO_AL2, GUIDA_V, VOCE_MENU, VOCE_RIF, PROPRIETA, TITOLO_ESTESO, TITOLO_ESTESO_AL1,
TITOLO_ESTESO_AL2 ) VALUES ( 
'P_IDOOR', 4, 'DOOR', 'I', NULL, NULL, 'dett.Ind.', NULL, NULL, NULL, 'PDORDOOR', NULL
, NULL, NULL, NULL, NULL); 
INSERT INTO A_GUIDE_O ( GUIDA_O, SEQUENZA, ALIAS, LETTERA, LETTERA_AL1, LETTERA_AL2, TITOLO,
TITOLO_AL1, TITOLO_AL2, GUIDA_V, VOCE_MENU, VOCE_RIF, PROPRIETA, TITOLO_ESTESO, TITOLO_ESTESO_AL1,
TITOLO_ESTESO_AL2 ) VALUES ( 
'P_RDOOR', 1, 'RDOO', 'D', NULL, NULL, 'Dot. teo.', NULL, NULL, NULL, 'PDODDOOR', NULL
, NULL, NULL, NULL, NULL); 
INSERT INTO A_GUIDE_O ( GUIDA_O, SEQUENZA, ALIAS, LETTERA, LETTERA_AL1, LETTERA_AL2, TITOLO,
TITOLO_AL1, TITOLO_AL2, GUIDA_V, VOCE_MENU, VOCE_RIF, PROPRIETA, TITOLO_ESTESO, TITOLO_ESTESO_AL1,
TITOLO_ESTESO_AL2 ) VALUES ( 
'P_RDOOR', 2, 'RDOO', 'T', NULL, NULL, 'daTa rif.', NULL, NULL, NULL, 'PDOARIDO', NULL
, NULL, NULL, NULL, NULL); 
INSERT INTO A_GUIDE_O ( GUIDA_O, SEQUENZA, ALIAS, LETTERA, LETTERA_AL1, LETTERA_AL2, TITOLO,
TITOLO_AL1, TITOLO_AL2, GUIDA_V, VOCE_MENU, VOCE_RIF, PROPRIETA, TITOLO_ESTESO, TITOLO_ESTESO_AL1,
TITOLO_ESTESO_AL2 ) VALUES ( 
'P_RDOOR', 3, 'RDOO', 'R', NULL, NULL, 'Revisioni', NULL, NULL, NULL, 'PDODREDO', NULL
, NULL, NULL, NULL, NULL); 
INSERT INTO A_GUIDE_O ( GUIDA_O, SEQUENZA, ALIAS, LETTERA, LETTERA_AL1, LETTERA_AL2, TITOLO,
TITOLO_AL1, TITOLO_AL2, GUIDA_V, VOCE_MENU, VOCE_RIF, PROPRIETA, TITOLO_ESTESO, TITOLO_ESTESO_AL1,
TITOLO_ESTESO_AL2 ) VALUES ( 
'P_RDOOR', 4, 'RDOO', 'I', NULL, NULL, 'Inquadra.', NULL, NULL, NULL, 'PGMAPESQ', NULL
, NULL, NULL, NULL, NULL); 
INSERT INTO A_GUIDE_O ( GUIDA_O, SEQUENZA, ALIAS, LETTERA, LETTERA_AL1, LETTERA_AL2, TITOLO,
TITOLO_AL1, TITOLO_AL2, GUIDA_V, VOCE_MENU, VOCE_RIF, PROPRIETA, TITOLO_ESTESO, TITOLO_ESTESO_AL1,
TITOLO_ESTESO_AL2 ) VALUES ( 
'P_RDOOR', 5, 'RDOO', 'S', NULL, NULL, 'Servizio', NULL, NULL, NULL, 'PGMAPESS', NULL
, NULL, NULL, NULL, NULL); 
INSERT INTO A_GUIDE_O ( GUIDA_O, SEQUENZA, ALIAS, LETTERA, LETTERA_AL1, LETTERA_AL2, TITOLO,
TITOLO_AL1, TITOLO_AL2, GUIDA_V, VOCE_MENU, VOCE_RIF, PROPRIETA, TITOLO_ESTESO, TITOLO_ESTESO_AL1,
TITOLO_ESTESO_AL2 ) VALUES ( 
'P_RDOOR', 6, 'RDOO', 'A', NULL, NULL, 'Astensio.', NULL, NULL, NULL, 'PGMAPEAS', NULL
, NULL, NULL, NULL, NULL); 
INSERT INTO A_GUIDE_O ( GUIDA_O, SEQUENZA, ALIAS, LETTERA, LETTERA_AL1, LETTERA_AL2, TITOLO,
TITOLO_AL1, TITOLO_AL2, GUIDA_V, VOCE_MENU, VOCE_RIF, PROPRIETA, TITOLO_ESTESO, TITOLO_ESTESO_AL1,
TITOLO_ESTESO_AL2 ) VALUES ( 
'P_REDO', 1, 'DELI', 'S', NULL, NULL, 'Delibere', NULL, NULL, NULL, 'P00EDELI', NULL
, NULL, NULL, NULL, NULL); 
INSERT INTO A_GUIDE_O ( GUIDA_O, SEQUENZA, ALIAS, LETTERA, LETTERA_AL1, LETTERA_AL2, TITOLO,
TITOLO_AL1, TITOLO_AL2, GUIDA_V, VOCE_MENU, VOCE_RIF, PROPRIETA, TITOLO_ESTESO, TITOLO_ESTESO_AL1,
TITOLO_ESTESO_AL2 ) VALUES ( 
'P_REDO', 2, 'DOOR', 'D', NULL, NULL, 'Dotazione', NULL, NULL, NULL, 'PDODDOOR', NULL
, NULL, NULL, NULL, NULL); 
INSERT INTO A_GUIDE_O ( GUIDA_O, SEQUENZA, ALIAS, LETTERA, LETTERA_AL1, LETTERA_AL2, TITOLO,
TITOLO_AL1, TITOLO_AL2, GUIDA_V, VOCE_MENU, VOCE_RIF, PROPRIETA, TITOLO_ESTESO, TITOLO_ESTESO_AL1,
TITOLO_ESTESO_AL2 ) VALUES ( 
'P_REST', 1, 'REST', 'E', NULL, NULL, 'Elenco', NULL, NULL, NULL, 'PGMEREST', NULL
, NULL, NULL, NULL, NULL); 
INSERT INTO A_GUIDE_O ( GUIDA_O, SEQUENZA, ALIAS, LETTERA, LETTERA_AL1, LETTERA_AL2, TITOLO,
TITOLO_AL1, TITOLO_AL2, GUIDA_V, VOCE_MENU, VOCE_RIF, PROPRIETA, TITOLO_ESTESO, TITOLO_ESTESO_AL1,
TITOLO_ESTESO_AL2 ) VALUES ( 
'P_REST', 2, 'SETT', 'U', NULL, NULL, 'Unita org', NULL, NULL, NULL, 'PGMDSETT', NULL
, NULL, NULL, NULL, NULL); 
INSERT INTO A_GUIDE_O ( GUIDA_O, SEQUENZA, ALIAS, LETTERA, LETTERA_AL1, LETTERA_AL2, TITOLO,
TITOLO_AL1, TITOLO_AL2, GUIDA_V, VOCE_MENU, VOCE_RIF, PROPRIETA, TITOLO_ESTESO, TITOLO_ESTESO_AL1,
TITOLO_ESTESO_AL2 ) VALUES ( 
'P_REST', 3, 'REST', 'O', NULL, NULL, 'Ottiche', NULL, NULL, NULL, 'PGMEUNOR', NULL
, NULL, NULL, NULL, NULL); 
INSERT INTO A_GUIDE_O ( GUIDA_O, SEQUENZA, ALIAS, LETTERA, LETTERA_AL1, LETTERA_AL2, TITOLO,
TITOLO_AL1, TITOLO_AL2, GUIDA_V, VOCE_MENU, VOCE_RIF, PROPRIETA, TITOLO_ESTESO, TITOLO_ESTESO_AL1,
TITOLO_ESTESO_AL2 ) VALUES ( 
'P_REST', 4, 'DELI', 'D', NULL, NULL, 'Delibere', NULL, NULL, NULL, 'P00EDELI', NULL
, NULL, NULL, NULL, NULL); 
INSERT INTO A_GUIDE_O ( GUIDA_O, SEQUENZA, ALIAS, LETTERA, LETTERA_AL1, LETTERA_AL2, TITOLO,
TITOLO_AL1, TITOLO_AL2, GUIDA_V, VOCE_MENU, VOCE_RIF, PROPRIETA, TITOLO_ESTESO, TITOLO_ESTESO_AL1,
TITOLO_ESTESO_AL2 ) VALUES ( 
'P_REST', 5, 'INRI', 'I', NULL, NULL, 'Ind.riass', NULL, NULL, NULL, 'PGMEINRI', NULL
, NULL, NULL, NULL, NULL); 
INSERT INTO A_GUIDE_O ( GUIDA_O, SEQUENZA, ALIAS, LETTERA, LETTERA_AL1, LETTERA_AL2, TITOLO,
TITOLO_AL1, TITOLO_AL2, GUIDA_V, VOCE_MENU, VOCE_RIF, PROPRIETA, TITOLO_ESTESO, TITOLO_ESTESO_AL1,
TITOLO_ESTESO_AL2 ) VALUES ( 
'P_REST_F', 1, 'DELI', 'D', NULL, NULL, 'Delibere', NULL, NULL, NULL, 'P00EDELI', NULL
, NULL, NULL, NULL, NULL); 
INSERT INTO A_GUIDE_O ( GUIDA_O, SEQUENZA, ALIAS, LETTERA, LETTERA_AL1, LETTERA_AL2, TITOLO,
TITOLO_AL1, TITOLO_AL2, GUIDA_V, VOCE_MENU, VOCE_RIF, PROPRIETA, TITOLO_ESTESO, TITOLO_ESTESO_AL1,
TITOLO_ESTESO_AL2 ) VALUES ( 
'P_REST_F', 2, 'SETT', 'R', NULL, NULL, 'Rettifica', NULL, NULL, NULL, 'PGMDREST'
, NULL, NULL, NULL, NULL, NULL); 
INSERT INTO A_GUIDE_O ( GUIDA_O, SEQUENZA, ALIAS, LETTERA, LETTERA_AL1, LETTERA_AL2, TITOLO,
TITOLO_AL1, TITOLO_AL2, GUIDA_V, VOCE_MENU, VOCE_RIF, PROPRIETA, TITOLO_ESTESO, TITOLO_ESTESO_AL1,
TITOLO_ESTESO_AL2 ) VALUES ( 
'P_REST_F', 3, 'REST', 'U', NULL, NULL, 'Unita org', NULL, NULL, NULL, 'PGMDSETT'
, NULL, NULL, NULL, NULL, NULL); 
INSERT INTO A_GUIDE_O ( GUIDA_O, SEQUENZA, ALIAS, LETTERA, LETTERA_AL1, LETTERA_AL2, TITOLO,
TITOLO_AL1, TITOLO_AL2, GUIDA_V, VOCE_MENU, VOCE_RIF, PROPRIETA, TITOLO_ESTESO, TITOLO_ESTESO_AL1,
TITOLO_ESTESO_AL2 ) VALUES ( 
'P_REST_F', 4, 'REST', 'O', NULL, NULL, 'Ottiche', NULL, NULL, NULL, 'PGMEUNOR', NULL
, NULL, NULL, NULL, NULL); 
INSERT INTO A_GUIDE_O ( GUIDA_O, SEQUENZA, ALIAS, LETTERA, LETTERA_AL1, LETTERA_AL2, TITOLO,
TITOLO_AL1, TITOLO_AL2, GUIDA_V, VOCE_MENU, VOCE_RIF, PROPRIETA, TITOLO_ESTESO, TITOLO_ESTESO_AL1,
TITOLO_ESTESO_AL2 ) VALUES ( 
'P_REST_F', 5, 'INRI', 'I', NULL, NULL, 'Ind.riass', NULL, NULL, NULL, 'PGMEINRI'
, NULL, NULL, NULL, NULL, NULL); 
INSERT INTO A_GUIDE_O ( GUIDA_O, SEQUENZA, ALIAS, LETTERA, LETTERA_AL1, LETTERA_AL2, TITOLO,
TITOLO_AL1, TITOLO_AL2, GUIDA_V, VOCE_MENU, VOCE_RIF, PROPRIETA, TITOLO_ESTESO, TITOLO_ESTESO_AL1,
TITOLO_ESTESO_AL2 ) VALUES ( 
'P_REST_F', 7, 'RIFU', 'R', NULL, NULL, 'rip.Funz.', NULL, NULL, NULL, 'PGMDRIFU'
, NULL, NULL, NULL, NULL, NULL); 
INSERT INTO A_GUIDE_O ( GUIDA_O, SEQUENZA, ALIAS, LETTERA, LETTERA_AL1, LETTERA_AL2, TITOLO,
TITOLO_AL1, TITOLO_AL2, GUIDA_V, VOCE_MENU, VOCE_RIF, PROPRIETA, TITOLO_ESTESO, TITOLO_ESTESO_AL1,
TITOLO_ESTESO_AL2 ) VALUES ( 
'P_SDOEF', 1, 'REDO', 'R', NULL, NULL, 'Revisioni', NULL, NULL, NULL, 'PDODREDO', NULL
, NULL, NULL, NULL, NULL); 
INSERT INTO A_GUIDE_O ( GUIDA_O, SEQUENZA, ALIAS, LETTERA, LETTERA_AL1, LETTERA_AL2, TITOLO,
TITOLO_AL1, TITOLO_AL2, GUIDA_V, VOCE_MENU, VOCE_RIF, PROPRIETA, TITOLO_ESTESO, TITOLO_ESTESO_AL1,
TITOLO_ESTESO_AL2 ) VALUES ( 
'P_SDOEF', 2, 'GEST', 'G', NULL, NULL, 'El. Gest.', NULL, NULL, NULL, 'PGMEGEST', NULL
, NULL, NULL, NULL, NULL); 
INSERT INTO A_GUIDE_O ( GUIDA_O, SEQUENZA, ALIAS, LETTERA, LETTERA_AL1, LETTERA_AL2, TITOLO,
TITOLO_AL1, TITOLO_AL2, GUIDA_V, VOCE_MENU, VOCE_RIF, PROPRIETA, TITOLO_ESTESO, TITOLO_ESTESO_AL1,
TITOLO_ESTESO_AL2 ) VALUES ( 
'P_SDOEF', 3, 'RIDO', 'A', NULL, NULL, 'Aggiorna', NULL, NULL, NULL, 'PDOARIDO', NULL
, NULL, NULL, NULL, NULL); 
INSERT INTO A_GUIDE_O ( GUIDA_O, SEQUENZA, ALIAS, LETTERA, LETTERA_AL1, LETTERA_AL2, TITOLO,
TITOLO_AL1, TITOLO_AL2, GUIDA_V, VOCE_MENU, VOCE_RIF, PROPRIETA, TITOLO_ESTESO, TITOLO_ESTESO_AL1,
TITOLO_ESTESO_AL2 ) VALUES ( 
'P_SEDI', 1, 'RPEGI', 'I', NULL, NULL, 'Individui', NULL, NULL, NULL, 'PGMRPEGI', NULL
, NULL, NULL, NULL, NULL); 
INSERT INTO A_GUIDE_O ( GUIDA_O, SEQUENZA, ALIAS, LETTERA, LETTERA_AL1, LETTERA_AL2, TITOLO,
TITOLO_AL1, TITOLO_AL2, GUIDA_V, VOCE_MENU, VOCE_RIF, PROPRIETA, TITOLO_ESTESO, TITOLO_ESTESO_AL1,
TITOLO_ESTESO_AL2 ) VALUES ( 
'P_SEVDO', 1, 'PRPA', 'P', NULL, NULL, 'Prenotaz.', NULL, NULL, NULL, 'ACAEPRPA', NULL
, NULL, NULL, NULL, NULL); 
INSERT INTO A_GUIDE_O ( GUIDA_O, SEQUENZA, ALIAS, LETTERA, LETTERA_AL1, LETTERA_AL2, TITOLO,
TITOLO_AL1, TITOLO_AL2, GUIDA_V, VOCE_MENU, VOCE_RIF, PROPRIETA, TITOLO_ESTESO, TITOLO_ESTESO_AL1,
TITOLO_ESTESO_AL2 ) VALUES ( 
'P_SMODO', 1, 'REDO', 'R', NULL, NULL, 'Revisioni', NULL, NULL, NULL, 'PDODREDO', NULL
, NULL, NULL, NULL, NULL); 
INSERT INTO A_GUIDE_O ( GUIDA_O, SEQUENZA, ALIAS, LETTERA, LETTERA_AL1, LETTERA_AL2, TITOLO,
TITOLO_AL1, TITOLO_AL2, GUIDA_V, VOCE_MENU, VOCE_RIF, PROPRIETA, TITOLO_ESTESO, TITOLO_ESTESO_AL1,
TITOLO_ESTESO_AL2 ) VALUES ( 
'P_SMODO', 2, 'GEST', 'G', NULL, NULL, 'Gestioni', NULL, NULL, NULL, 'PGMEGEST', NULL
, NULL, NULL, NULL, NULL); 
INSERT INTO A_GUIDE_O ( GUIDA_O, SEQUENZA, ALIAS, LETTERA, LETTERA_AL1, LETTERA_AL2, TITOLO,
TITOLO_AL1, TITOLO_AL2, GUIDA_V, VOCE_MENU, VOCE_RIF, PROPRIETA, TITOLO_ESTESO, TITOLO_ESTESO_AL1,
TITOLO_ESTESO_AL2 ) VALUES ( 
'P_SMODO', 3, 'RIDO', 'D', NULL, NULL, 'Data agg.', NULL, NULL, NULL, 'PDOARIDO', NULL
, NULL, NULL, NULL, NULL); 
INSERT INTO A_GUIDE_O ( GUIDA_O, SEQUENZA, ALIAS, LETTERA, LETTERA_AL1, LETTERA_AL2, TITOLO,
TITOLO_AL1, TITOLO_AL2, GUIDA_V, VOCE_MENU, VOCE_RIF, PROPRIETA, TITOLO_ESTESO, TITOLO_ESTESO_AL1,
TITOLO_ESTESO_AL2 ) VALUES ( 
'P_SMODO', 4, 'PRPA', 'P', NULL, NULL, 'Prenotaz.', NULL, NULL, NULL, 'ACAEPRPA', NULL
, NULL, NULL, NULL, NULL); 
INSERT INTO A_GUIDE_O ( GUIDA_O, SEQUENZA, ALIAS, LETTERA, LETTERA_AL1, LETTERA_AL2, TITOLO,
TITOLO_AL1, TITOLO_AL2, GUIDA_V, VOCE_MENU, VOCE_RIF, PROPRIETA, TITOLO_ESTESO, TITOLO_ESTESO_AL1,
TITOLO_ESTESO_AL2 ) VALUES ( 
'P_SMODO', 5, 'FIGU', 'F', NULL, NULL, 'Figure', NULL, NULL, NULL, 'PGMEFIGU', NULL
, NULL, NULL, NULL, NULL); 
INSERT INTO A_GUIDE_O ( GUIDA_O, SEQUENZA, ALIAS, LETTERA, LETTERA_AL1, LETTERA_AL2, TITOLO,
TITOLO_AL1, TITOLO_AL2, GUIDA_V, VOCE_MENU, VOCE_RIF, PROPRIETA, TITOLO_ESTESO, TITOLO_ESTESO_AL1,
TITOLO_ESTESO_AL2 ) VALUES ( 
'P_SMODO', 6, 'QUAL', 'Q', NULL, NULL, 'Qualifica', NULL, NULL, NULL, 'PGMEQUAL', NULL
, NULL, NULL, NULL, NULL); 
INSERT INTO A_GUIDE_O ( GUIDA_O, SEQUENZA, ALIAS, LETTERA, LETTERA_AL1, LETTERA_AL2, TITOLO,
TITOLO_AL1, TITOLO_AL2, GUIDA_V, VOCE_MENU, VOCE_RIF, PROPRIETA, TITOLO_ESTESO, TITOLO_ESTESO_AL1,
TITOLO_ESTESO_AL2 ) VALUES ( 
'P_SMODO', 7, 'POFU', 'F', NULL, NULL, 'pos.Funz.', NULL, NULL, NULL, 'PGMEPOFU', NULL
, NULL, NULL, NULL, NULL); 
INSERT INTO A_GUIDE_O ( GUIDA_O, SEQUENZA, ALIAS, LETTERA, LETTERA_AL1, LETTERA_AL2, TITOLO,
TITOLO_AL1, TITOLO_AL2, GUIDA_V, VOCE_MENU, VOCE_RIF, PROPRIETA, TITOLO_ESTESO, TITOLO_ESTESO_AL1,
TITOLO_ESTESO_AL2 ) VALUES ( 
'P_SMODO', 8, 'RUOL', 'O', NULL, NULL, 'ruOli ret', NULL, NULL, NULL, 'PGMERUOL', NULL
, NULL, NULL, NULL, NULL); 
INSERT INTO A_GUIDE_O ( GUIDA_O, SEQUENZA, ALIAS, LETTERA, LETTERA_AL1, LETTERA_AL2, TITOLO,
TITOLO_AL1, TITOLO_AL2, GUIDA_V, VOCE_MENU, VOCE_RIF, PROPRIETA, TITOLO_ESTESO, TITOLO_ESTESO_AL1,
TITOLO_ESTESO_AL2 ) VALUES ( 
'P_SMODO', 9, 'TIRA', 'I', NULL, NULL, 'tIpi rapp', NULL, NULL, NULL, 'PGMETIRA', NULL
, NULL, NULL, NULL, NULL); 
INSERT INTO A_GUIDE_O ( GUIDA_O, SEQUENZA, ALIAS, LETTERA, LETTERA_AL1, LETTERA_AL2, TITOLO,
TITOLO_AL1, TITOLO_AL2, GUIDA_V, VOCE_MENU, VOCE_RIF, PROPRIETA, TITOLO_ESTESO, TITOLO_ESTESO_AL1,
TITOLO_ESTESO_AL2 ) VALUES ( 
'P_SSCDF', 1, 'REDO', 'R', NULL, NULL, 'Revisioni', NULL, NULL, NULL, 'PDODREDO', NULL
, NULL, NULL, NULL, NULL); 
INSERT INTO A_GUIDE_O ( GUIDA_O, SEQUENZA, ALIAS, LETTERA, LETTERA_AL1, LETTERA_AL2, TITOLO,
TITOLO_AL1, TITOLO_AL2, GUIDA_V, VOCE_MENU, VOCE_RIF, PROPRIETA, TITOLO_ESTESO, TITOLO_ESTESO_AL1,
TITOLO_ESTESO_AL2 ) VALUES ( 
'P_SSCDF', 2, 'GEST', 'G', NULL, NULL, 'Gestioni', NULL, NULL, NULL, 'PGMEGEST', NULL
, NULL, NULL, NULL, NULL); 
INSERT INTO A_GUIDE_O ( GUIDA_O, SEQUENZA, ALIAS, LETTERA, LETTERA_AL1, LETTERA_AL2, TITOLO,
TITOLO_AL1, TITOLO_AL2, GUIDA_V, VOCE_MENU, VOCE_RIF, PROPRIETA, TITOLO_ESTESO, TITOLO_ESTESO_AL1,
TITOLO_ESTESO_AL2 ) VALUES ( 
'P_SSCDF', 3, 'RIDO', 'A', NULL, NULL, 'Agg.Data', NULL, NULL, NULL, 'PDOARIDO', NULL
, NULL, NULL, NULL, NULL); 
INSERT INTO A_GUIDE_O ( GUIDA_O, SEQUENZA, ALIAS, LETTERA, LETTERA_AL1, LETTERA_AL2, TITOLO,
TITOLO_AL1, TITOLO_AL2, GUIDA_V, VOCE_MENU, VOCE_RIF, PROPRIETA, TITOLO_ESTESO, TITOLO_ESTESO_AL1,
TITOLO_ESTESO_AL2 ) VALUES ( 
'P_SSCDF', 4, 'PRPA', 'P', NULL, NULL, 'Prenotaz.', NULL, NULL, NULL, 'ACAEPRPA', NULL
, NULL, NULL, NULL, NULL); 
INSERT INTO A_GUIDE_O ( GUIDA_O, SEQUENZA, ALIAS, LETTERA, LETTERA_AL1, LETTERA_AL2, TITOLO,
TITOLO_AL1, TITOLO_AL2, GUIDA_V, VOCE_MENU, VOCE_RIF, PROPRIETA, TITOLO_ESTESO, TITOLO_ESTESO_AL1,
TITOLO_ESTESO_AL2 ) VALUES ( 
'P_SSCDF', 5, 'FIGU', 'F', NULL, NULL, 'Fogure', NULL, NULL, NULL, 'PGMEFIGU', NULL
, NULL, NULL, NULL, NULL); 
INSERT INTO A_GUIDE_O ( GUIDA_O, SEQUENZA, ALIAS, LETTERA, LETTERA_AL1, LETTERA_AL2, TITOLO,
TITOLO_AL1, TITOLO_AL2, GUIDA_V, VOCE_MENU, VOCE_RIF, PROPRIETA, TITOLO_ESTESO, TITOLO_ESTESO_AL1,
TITOLO_ESTESO_AL2 ) VALUES ( 
'P_SSCDF', 6, 'QUAL', 'Q', NULL, NULL, 'Qualifica', NULL, NULL, NULL, 'PGMEQUAL', NULL
, NULL, NULL, NULL, NULL); 
INSERT INTO A_GUIDE_O ( GUIDA_O, SEQUENZA, ALIAS, LETTERA, LETTERA_AL1, LETTERA_AL2, TITOLO,
TITOLO_AL1, TITOLO_AL2, GUIDA_V, VOCE_MENU, VOCE_RIF, PROPRIETA, TITOLO_ESTESO, TITOLO_ESTESO_AL1,
TITOLO_ESTESO_AL2 ) VALUES ( 
'P_SSCDF', 7, 'POFU', 'F', NULL, NULL, 'Pos.Funz.', NULL, NULL, NULL, 'PGMEPOFU', NULL
, NULL, NULL, NULL, NULL); 
INSERT INTO A_GUIDE_O ( GUIDA_O, SEQUENZA, ALIAS, LETTERA, LETTERA_AL1, LETTERA_AL2, TITOLO,
TITOLO_AL1, TITOLO_AL2, GUIDA_V, VOCE_MENU, VOCE_RIF, PROPRIETA, TITOLO_ESTESO, TITOLO_ESTESO_AL1,
TITOLO_ESTESO_AL2 ) VALUES ( 
'P_SSCDF', 9, 'RUOL', 'R', NULL, NULL, 'R.Retrib.', NULL, NULL, NULL, 'PGMERUOL', NULL
, NULL, NULL, NULL, NULL); 
INSERT INTO A_GUIDE_O ( GUIDA_O, SEQUENZA, ALIAS, LETTERA, LETTERA_AL1, LETTERA_AL2, TITOLO,
TITOLO_AL1, TITOLO_AL2, GUIDA_V, VOCE_MENU, VOCE_RIF, PROPRIETA, TITOLO_ESTESO, TITOLO_ESTESO_AL1,
TITOLO_ESTESO_AL2 ) VALUES ( 
'P_SSCDF', 10, 'TIRA', 'T', NULL, NULL, 'Tipi Rapp', NULL, NULL, NULL, 'PGMETIRA'
, NULL, NULL, NULL, NULL, NULL); 
INSERT INTO A_GUIDE_O ( GUIDA_O, SEQUENZA, ALIAS, LETTERA, LETTERA_AL1, LETTERA_AL2, TITOLO,
TITOLO_AL1, TITOLO_AL2, GUIDA_V, VOCE_MENU, VOCE_RIF, PROPRIETA, TITOLO_ESTESO, TITOLO_ESTESO_AL1,
TITOLO_ESTESO_AL2 ) VALUES ( 
'P_SUST', 1, 'ESTAM', 'L', NULL, NULL, 'Settori', NULL, NULL, NULL, 'PGMESTAM', NULL
, NULL, NULL, NULL, NULL); 
--
--
-- Inserimento nuove voci menù per giuridico matricolare e dotazione organica
--
--
INSERT INTO A_VOCI_MENU ( VOCE_MENU, AMBIENTE, ACRONIMO, ACRONIMO_AL1, ACRONIMO_AL2, TITOLO,
TITOLO_AL1, TITOLO_AL2, TIPO_VOCE, TIPO, MODULO, STRINGA, IMPORTANZA, GUIDA_O,
PROPRIETA ) VALUES ( 
'PAMASOGG', 'P00', 'ASOGG', NULL, NULL, 'Aggiornamento Soggetti Anagrafici', NULL
, NULL, 'F', 'F', 'PAMASOGG', NULL, 1, NULL, NULL); 
INSERT INTO A_VOCI_MENU ( VOCE_MENU, AMBIENTE, ACRONIMO, ACRONIMO_AL1, ACRONIMO_AL2, TITOLO,
TITOLO_AL1, TITOLO_AL2, TIPO_VOCE, TIPO, MODULO, STRINGA, IMPORTANZA, GUIDA_O,
PROPRIETA ) VALUES ( 
'PAMESOGG', 'P00', 'ESOGG', NULL, NULL, 'Elenco Soggetti', NULL, NULL, 'F', 'F', 'PAMESOGG'
, NULL, 1, 'P_ESOG', NULL); 
INSERT INTO A_VOCI_MENU ( VOCE_MENU, AMBIENTE, ACRONIMO, ACRONIMO_AL1, ACRONIMO_AL2, TITOLO,
TITOLO_AL1, TITOLO_AL2, TIPO_VOCE, TIPO, MODULO, STRINGA, IMPORTANZA, GUIDA_O,
PROPRIETA ) VALUES ( 
'PGMACOMP', 'P00', 'ACOMP', NULL, NULL, 'Aggiornamento Componenti delle U.O.', NULL
, NULL, 'F', 'F', 'PGMACOMP', NULL, 1, 'P_COMP', NULL); 
INSERT INTO A_VOCI_MENU ( VOCE_MENU, AMBIENTE, ACRONIMO, ACRONIMO_AL1, ACRONIMO_AL2, TITOLO,
TITOLO_AL1, TITOLO_AL2, TIPO_VOCE, TIPO, MODULO, STRINGA, IMPORTANZA, GUIDA_O,
PROPRIETA ) VALUES ( 
'PGMASETT', 'P00', 'ASETT', NULL, NULL, 'Aggiornamento Settori', NULL, NULL, 'F', 'F'
, 'PGMASETT', NULL, 1, 'P_ASETT', NULL); 
INSERT INTO A_VOCI_MENU ( VOCE_MENU, AMBIENTE, ACRONIMO, ACRONIMO_AL1, ACRONIMO_AL2, TITOLO,
TITOLO_AL1, TITOLO_AL2, TIPO_VOCE, TIPO, MODULO, STRINGA, IMPORTANZA, GUIDA_O,
PROPRIETA ) VALUES ( 
'PGMCASUO', 'P00', 'CASUO', NULL, NULL, 'Assegnazione alle Unita Organizzative', NULL
, NULL, 'F', 'F', 'PGMCASUO', NULL, 1, 'P_CASUO', NULL); 
INSERT INTO A_VOCI_MENU ( VOCE_MENU, AMBIENTE, ACRONIMO, ACRONIMO_AL1, ACRONIMO_AL2, TITOLO,
TITOLO_AL1, TITOLO_AL2, TIPO_VOCE, TIPO, MODULO, STRINGA, IMPORTANZA, GUIDA_O,
PROPRIETA ) VALUES ( 
'PGMCUNOR', 'P00', 'CUNOR', NULL, NULL, 'Copia Unita Organizzative', NULL, NULL, 'A'
, 'F', 'PGMCUNOR', NULL, 1, NULL, NULL); 
INSERT INTO A_VOCI_MENU ( VOCE_MENU, AMBIENTE, ACRONIMO, ACRONIMO_AL1, ACRONIMO_AL2, TITOLO,
TITOLO_AL1, TITOLO_AL2, TIPO_VOCE, TIPO, MODULO, STRINGA, IMPORTANZA, GUIDA_O,
PROPRIETA ) VALUES ( 
'PGMDREST', 'P00', 'DREST', NULL, NULL, 'Revisione della Struttura Organizzativa'
, NULL, NULL, 'F', 'F', 'PGMDREST', NULL, 1, 'P_REST', NULL); 
INSERT INTO A_VOCI_MENU ( VOCE_MENU, AMBIENTE, ACRONIMO, ACRONIMO_AL1, ACRONIMO_AL2, TITOLO,
TITOLO_AL1, TITOLO_AL2, TIPO_VOCE, TIPO, MODULO, STRINGA, IMPORTANZA, GUIDA_O,
PROPRIETA ) VALUES ( 
'PGMDSDAM', 'P00', 'DSDAM', NULL, NULL, 'Sedi Amministrative', NULL, NULL, 'F', 'F'
, 'PGMDSDAM', NULL, 1, 'P_DTICA', NULL); 
INSERT INTO A_VOCI_MENU ( VOCE_MENU, AMBIENTE, ACRONIMO, ACRONIMO_AL1, ACRONIMO_AL2, TITOLO,
TITOLO_AL1, TITOLO_AL2, TIPO_VOCE, TIPO, MODULO, STRINGA, IMPORTANZA, GUIDA_O,
PROPRIETA ) VALUES ( 
'PGMDSEDI', 'P00', 'DSEDI', NULL, NULL, 'Sedi dell'' Ente', NULL, NULL, 'F', 'F', 'PGMDSEDI'
, NULL, 1, 'P_SEDI', NULL); 
INSERT INTO A_VOCI_MENU ( VOCE_MENU, AMBIENTE, ACRONIMO, ACRONIMO_AL1, ACRONIMO_AL2, TITOLO,
TITOLO_AL1, TITOLO_AL2, TIPO_VOCE, TIPO, MODULO, STRINGA, IMPORTANZA, GUIDA_O,
PROPRIETA ) VALUES ( 
'PGMDSUST', 'P00', 'DSUST', NULL, NULL, 'Definizione Suddivisione Struttura', NULL
, NULL, 'F', 'F', 'PGMDSUST', NULL, 1, 'A_SUST', NULL); 
INSERT INTO A_VOCI_MENU ( VOCE_MENU, AMBIENTE, ACRONIMO, ACRONIMO_AL1, ACRONIMO_AL2, TITOLO,
TITOLO_AL1, TITOLO_AL2, TIPO_VOCE, TIPO, MODULO, STRINGA, IMPORTANZA, GUIDA_O,
PROPRIETA ) VALUES ( 
'PGMDTIIN', 'P00', 'DTIIN', NULL, NULL, 'Definizione codici dei Tipi di Incarico'
, NULL, NULL, 'F', 'F', 'PGMDTIIN', NULL, 1, NULL, NULL); 
INSERT INTO A_VOCI_MENU ( VOCE_MENU, AMBIENTE, ACRONIMO, ACRONIMO_AL1, ACRONIMO_AL2, TITOLO,
TITOLO_AL1, TITOLO_AL2, TIPO_VOCE, TIPO, MODULO, STRINGA, IMPORTANZA, GUIDA_O,
PROPRIETA ) VALUES ( 
'PGMDTITI', 'P00', 'DTITI', NULL, NULL, 'Definizione codici dei Titoli Personali'
, NULL, NULL, 'F', 'F', 'PGMDTITI', NULL, 1, NULL, NULL); 
INSERT INTO A_VOCI_MENU ( VOCE_MENU, AMBIENTE, ACRONIMO, ACRONIMO_AL1, ACRONIMO_AL2, TITOLO,
TITOLO_AL1, TITOLO_AL2, TIPO_VOCE, TIPO, MODULO, STRINGA, IMPORTANZA, GUIDA_O,
PROPRIETA ) VALUES ( 
'PGMECOMP', 'P00', 'ECOMP', NULL, NULL, 'Componenti delle Unita Organizzative', NULL
, NULL, 'F', 'F', 'PGMECOMP', NULL, 1, 'P_ACOMP', NULL); 
INSERT INTO A_VOCI_MENU ( VOCE_MENU, AMBIENTE, ACRONIMO, ACRONIMO_AL1, ACRONIMO_AL2, TITOLO,
TITOLO_AL1, TITOLO_AL2, TIPO_VOCE, TIPO, MODULO, STRINGA, IMPORTANZA, GUIDA_O,
PROPRIETA ) VALUES ( 
'PGMEINRI', 'P00', 'EINRI', NULL, NULL, 'Individui in Sosp. per mod. alla Strutt.'
, NULL, NULL, 'F', 'F', 'PGMEINRI', NULL, 1, NULL, NULL); 
INSERT INTO A_VOCI_MENU ( VOCE_MENU, AMBIENTE, ACRONIMO, ACRONIMO_AL1, ACRONIMO_AL2, TITOLO,
TITOLO_AL1, TITOLO_AL2, TIPO_VOCE, TIPO, MODULO, STRINGA, IMPORTANZA, GUIDA_O,
PROPRIETA ) VALUES ( 
'PGMEREST', 'P00', 'EREST', NULL, NULL, 'Elenco Revisioni Struttura Organizzativa'
, NULL, NULL, 'F', 'F', 'PGMEREST', NULL, 1, 'P_REST_F', NULL); 
INSERT INTO A_VOCI_MENU ( VOCE_MENU, AMBIENTE, ACRONIMO, ACRONIMO_AL1, ACRONIMO_AL2, TITOLO,
TITOLO_AL1, TITOLO_AL2, TIPO_VOCE, TIPO, MODULO, STRINGA, IMPORTANZA, GUIDA_O,
PROPRIETA ) VALUES ( 
'PGMESTAM', 'P00', 'ESTAM', NULL, NULL, 'Elenco Settori Amministrativi', NULL, NULL
, 'F', 'F', 'PGMESTAM', NULL, 1, NULL, NULL); 
INSERT INTO A_VOCI_MENU ( VOCE_MENU, AMBIENTE, ACRONIMO, ACRONIMO_AL1, ACRONIMO_AL2, TITOLO,
TITOLO_AL1, TITOLO_AL2, TIPO_VOCE, TIPO, MODULO, STRINGA, IMPORTANZA, GUIDA_O,
PROPRIETA ) VALUES ( 
'PGMEUNOR', 'P00', 'EUNOR', NULL, NULL, 'Elenco Unita Organizzative dell'' Ente', NULL
, NULL, 'F', 'F', 'PGMEUNOR', NULL, 1, NULL, NULL); 
INSERT INTO A_VOCI_MENU ( VOCE_MENU, AMBIENTE, ACRONIMO, ACRONIMO_AL1, ACRONIMO_AL2, TITOLO,
TITOLO_AL1, TITOLO_AL2, TIPO_VOCE, TIPO, MODULO, STRINGA, IMPORTANZA, GUIDA_O,
PROPRIETA ) VALUES ( 
'PGMGMCO', 'P00', 'GMCO', NULL, NULL, 'Organigramma dell''Ente e Componenti UO', NULL
, NULL, 'N', 'M', NULL, NULL, 1, NULL, NULL); 
INSERT INTO A_VOCI_MENU ( VOCE_MENU, AMBIENTE, ACRONIMO, ACRONIMO_AL1, ACRONIMO_AL2, TITOLO,
TITOLO_AL1, TITOLO_AL2, TIPO_VOCE, TIPO, MODULO, STRINGA, IMPORTANZA, GUIDA_O,
PROPRIETA ) VALUES ( 
'PGMLSDAM', 'P00', 'LSDAM', NULL, NULL, 'Lista Sedi Amministrative', NULL, NULL, 'F'
, 'D', 'PGMLSDAM', NULL, 1, NULL, NULL); 
INSERT INTO A_VOCI_MENU ( VOCE_MENU, AMBIENTE, ACRONIMO, ACRONIMO_AL1, ACRONIMO_AL2, TITOLO,
TITOLO_AL1, TITOLO_AL2, TIPO_VOCE, TIPO, MODULO, STRINGA, IMPORTANZA, GUIDA_O,
PROPRIETA ) VALUES ( 
'PGMLSEDI', 'P00', 'LSEDI', NULL, NULL, 'Lista Sedi dell'' Ente', NULL, NULL, 'F'
, 'D', 'ACAPARPR', NULL, 1, NULL, NULL); 
INSERT INTO A_VOCI_MENU ( VOCE_MENU, AMBIENTE, ACRONIMO, ACRONIMO_AL1, ACRONIMO_AL2, TITOLO,
TITOLO_AL1, TITOLO_AL2, TIPO_VOCE, TIPO, MODULO, STRINGA, IMPORTANZA, GUIDA_O,
PROPRIETA ) VALUES ( 
'PGMRORPE', 'P00', 'RORPE', NULL, NULL, 'Ricerche sull''Organigramma del Personale'
, NULL, NULL, 'F', 'F', 'PGMRORPE', NULL, 1, NULL, NULL); 
INSERT INTO A_VOCI_MENU ( VOCE_MENU, AMBIENTE, ACRONIMO, ACRONIMO_AL1, ACRONIMO_AL2, TITOLO,
TITOLO_AL1, TITOLO_AL2, TIPO_VOCE, TIPO, MODULO, STRINGA, IMPORTANZA, GUIDA_O,
PROPRIETA ) VALUES ( 
'PGMRSETT', 'P00', 'RSETT', NULL, NULL, 'Ricerca e Verifica Settori', NULL, NULL, 'F'
, 'F', 'PGMRSETT', NULL, 1, NULL, NULL); 
INSERT INTO A_VOCI_MENU ( VOCE_MENU, AMBIENTE, ACRONIMO, ACRONIMO_AL1, ACRONIMO_AL2, TITOLO,
TITOLO_AL1, TITOLO_AL2, TIPO_VOCE, TIPO, MODULO, STRINGA, IMPORTANZA, GUIDA_O,
PROPRIETA ) VALUES ( 
'PDOARIDO', 'P00', 'ARIDO', NULL, NULL, 'Data di Riferimento', NULL, NULL, 'F', 'F'
, 'PDOARIDO', NULL, 1, NULL, NULL); 
INSERT INTO A_VOCI_MENU ( VOCE_MENU, AMBIENTE, ACRONIMO, ACRONIMO_AL1, ACRONIMO_AL2, TITOLO,
TITOLO_AL1, TITOLO_AL2, TIPO_VOCE, TIPO, MODULO, STRINGA, IMPORTANZA, GUIDA_O,
PROPRIETA ) VALUES ( 
'PDODAREE', 'P00', 'DAREE', NULL, NULL, 'Aree di Dotazione', NULL, NULL, 'F', 'F'
, 'PDODAREE', NULL, 1, NULL, NULL); 
INSERT INTO A_VOCI_MENU ( VOCE_MENU, AMBIENTE, ACRONIMO, ACRONIMO_AL1, ACRONIMO_AL2, TITOLO,
TITOLO_AL1, TITOLO_AL2, TIPO_VOCE, TIPO, MODULO, STRINGA, IMPORTANZA, GUIDA_O,
PROPRIETA ) VALUES ( 
'PDODDOOR', 'P00', 'DDOOR', NULL, NULL, 'Dotazione Teorica', NULL, NULL, 'F', 'F'
, 'PDODDOOR', NULL, 1, 'P_DDOOR', NULL); 
INSERT INTO A_VOCI_MENU ( VOCE_MENU, AMBIENTE, ACRONIMO, ACRONIMO_AL1, ACRONIMO_AL2, TITOLO,
TITOLO_AL1, TITOLO_AL2, TIPO_VOCE, TIPO, MODULO, STRINGA, IMPORTANZA, GUIDA_O,
PROPRIETA ) VALUES ( 
'PDODO', 'P00', 'DO', NULL, NULL, 'Dotazione Organica', NULL, NULL, 'N', 'M', NULL
, NULL, 1, NULL, NULL); 
INSERT INTO A_VOCI_MENU ( VOCE_MENU, AMBIENTE, ACRONIMO, ACRONIMO_AL1, ACRONIMO_AL2, TITOLO,
TITOLO_AL1, TITOLO_AL2, TIPO_VOCE, TIPO, MODULO, STRINGA, IMPORTANZA, GUIDA_O,
PROPRIETA ) VALUES ( 
'PDODOCO', 'P00', 'DOCO', NULL, NULL, 'Consultazione Dotazione Organica', NULL, NULL
, 'N', 'M', NULL, NULL, 1, NULL, NULL); 
INSERT INTO A_VOCI_MENU ( VOCE_MENU, AMBIENTE, ACRONIMO, ACRONIMO_AL1, ACRONIMO_AL2, TITOLO,
TITOLO_AL1, TITOLO_AL2, TIPO_VOCE, TIPO, MODULO, STRINGA, IMPORTANZA, GUIDA_O,
PROPRIETA ) VALUES ( 
'PDODODO', 'P00', 'DODO', NULL, NULL, 'Definizione Dotazione Organica Teorica', NULL
, NULL, 'N', 'M', NULL, NULL, 1, NULL, NULL); 
INSERT INTO A_VOCI_MENU ( VOCE_MENU, AMBIENTE, ACRONIMO, ACRONIMO_AL1, ACRONIMO_AL2, TITOLO,
TITOLO_AL1, TITOLO_AL2, TIPO_VOCE, TIPO, MODULO, STRINGA, IMPORTANZA, GUIDA_O,
PROPRIETA ) VALUES ( 
'PDODOSD', 'P00', 'DOSD', NULL, NULL, 'Stampe di  Dotazione Organica', NULL, NULL
, 'N', 'M', NULL, NULL, 1, NULL, NULL); 
INSERT INTO A_VOCI_MENU ( VOCE_MENU, AMBIENTE, ACRONIMO, ACRONIMO_AL1, ACRONIMO_AL2, TITOLO,
TITOLO_AL1, TITOLO_AL2, TIPO_VOCE, TIPO, MODULO, STRINGA, IMPORTANZA, GUIDA_O,
PROPRIETA ) VALUES ( 
'PDODREDO', 'P00', 'DREDO', NULL, NULL, 'Revisioni Dotazione', NULL, NULL, 'F', 'F'
, 'PDODREDO', NULL, 1, 'P_REDO', NULL); 
INSERT INTO A_VOCI_MENU ( VOCE_MENU, AMBIENTE, ACRONIMO, ACRONIMO_AL1, ACRONIMO_AL2, TITOLO,
TITOLO_AL1, TITOLO_AL2, TIPO_VOCE, TIPO, MODULO, STRINGA, IMPORTANZA, GUIDA_O,
PROPRIETA ) VALUES ( 
'PDOIDOGE', 'P00', 'IDOGE', NULL, NULL, 'Dotazione per Gestione', NULL, NULL, 'F'
, 'F', 'PDOIDOGE', NULL, 1, 'P_IDOGE', NULL); 
INSERT INTO A_VOCI_MENU ( VOCE_MENU, AMBIENTE, ACRONIMO, ACRONIMO_AL1, ACRONIMO_AL2, TITOLO,
TITOLO_AL1, TITOLO_AL2, TIPO_VOCE, TIPO, MODULO, STRINGA, IMPORTANZA, GUIDA_O,
PROPRIETA ) VALUES ( 
'PDOIDOOR', 'P00', 'IDOOR', NULL, NULL, 'Interrogazione Dotazione', NULL, NULL, 'F'
, 'F', 'PDOIDOOR', NULL, 1, 'P_IDOOR', NULL); 
INSERT INTO A_VOCI_MENU ( VOCE_MENU, AMBIENTE, ACRONIMO, ACRONIMO_AL1, ACRONIMO_AL2, TITOLO,
TITOLO_AL1, TITOLO_AL2, TIPO_VOCE, TIPO, MODULO, STRINGA, IMPORTANZA, GUIDA_O,
PROPRIETA ) VALUES ( 
'PDORDOOR', 'P00', 'RDOOR', NULL, NULL, 'Ricerche su Dotazione', NULL, NULL, 'F', 'F'
, 'PDORDOOR', NULL, 1, 'P_RDOOR', NULL); 
INSERT INTO A_VOCI_MENU ( VOCE_MENU, AMBIENTE, ACRONIMO, ACRONIMO_AL1, ACRONIMO_AL2, TITOLO,
TITOLO_AL1, TITOLO_AL2, TIPO_VOCE, TIPO, MODULO, STRINGA, IMPORTANZA, GUIDA_O,
PROPRIETA ) VALUES ( 
'PDOSDOEF', 'P00', 'SDOEF', NULL, NULL, 'Stampa Dotazione Effettiva', NULL, NULL, 'F'
, 'D', 'ACAPARPR', NULL, 1, 'P_SDOEF', NULL); 
INSERT INTO A_VOCI_MENU ( VOCE_MENU, AMBIENTE, ACRONIMO, ACRONIMO_AL1, ACRONIMO_AL2, TITOLO,
TITOLO_AL1, TITOLO_AL2, TIPO_VOCE, TIPO, MODULO, STRINGA, IMPORTANZA, GUIDA_O,
PROPRIETA ) VALUES ( 
'PDOSDOOR', 'P00', 'SDOOR', NULL, NULL, 'Stampa Dotazione Teorica', NULL, NULL, 'F'
, 'D', 'ACAPARPR', NULL, 1, NULL, NULL); 
INSERT INTO A_VOCI_MENU ( VOCE_MENU, AMBIENTE, ACRONIMO, ACRONIMO_AL1, ACRONIMO_AL2, TITOLO,
TITOLO_AL1, TITOLO_AL2, TIPO_VOCE, TIPO, MODULO, STRINGA, IMPORTANZA, GUIDA_O,
PROPRIETA ) VALUES ( 
'PDOSEVDO', 'P00', 'SEVDO', NULL, NULL, 'Evoluzione della Dot.Org.Teorica', NULL, NULL
, 'F', 'D', 'ACAPARPR', NULL, 1, 'P_SEVDO', NULL); 
INSERT INTO A_VOCI_MENU ( VOCE_MENU, AMBIENTE, ACRONIMO, ACRONIMO_AL1, ACRONIMO_AL2, TITOLO,
TITOLO_AL1, TITOLO_AL2, TIPO_VOCE, TIPO, MODULO, STRINGA, IMPORTANZA, GUIDA_O,
PROPRIETA ) VALUES ( 
'PDOSMODO', 'P00', 'SMODO', NULL, NULL, 'Mobilita del Personale sulla Dotazione', NULL
, NULL, 'F', 'D', 'ACAPARPR', NULL, 1, 'P_SMODO', NULL); 
INSERT INTO A_VOCI_MENU ( VOCE_MENU, AMBIENTE, ACRONIMO, ACRONIMO_AL1, ACRONIMO_AL2, TITOLO,
TITOLO_AL1, TITOLO_AL2, TIPO_VOCE, TIPO, MODULO, STRINGA, IMPORTANZA, GUIDA_O,
PROPRIETA ) VALUES ( 
'PDOSSCDF', 'P00', 'SSCDF', NULL, NULL, 'Scostamento Diritto/Fatto', NULL, NULL, 'F'
, 'D', 'ACAPARPR', NULL, 1, 'P_SSCDF', NULL); 
--
--
-- Inserimento nuove stampe del catalogo per giuridico matricolare e dotazione organica
--
--
INSERT INTO A_CATALOGO_STAMPE ( STAMPA, TITOLO, TITOLO_AL1, TITOLO_AL2, TIPO_PROPRIETA, TIPO_VISURA,
CLASSE, STAMPA_BLOCCATA, STAMPA_PROTETTA, SEQUENZIALE ) VALUES ( 
'PGMLSDAM', 'Lista Sedi Amministrative', NULL, NULL, 'U', 'U', 'PDF', 'N', 'N', 'S'); 
INSERT INTO A_CATALOGO_STAMPE ( STAMPA, TITOLO, TITOLO_AL1, TITOLO_AL2, TIPO_PROPRIETA, TIPO_VISURA,
CLASSE, STAMPA_BLOCCATA, STAMPA_PROTETTA, SEQUENZIALE ) VALUES ( 
'PGMLSEDI', 'Lista Sedi dell'' Ente', NULL, NULL, 'U', 'U', 'PDF', 'N', 'N', 'S'); 
INSERT INTO A_CATALOGO_STAMPE ( STAMPA, TITOLO, TITOLO_AL1, TITOLO_AL2, TIPO_PROPRIETA, TIPO_VISURA,
CLASSE, STAMPA_BLOCCATA, STAMPA_PROTETTA, SEQUENZIALE ) VALUES ( 
'PDOSDOEF', 'Dotazione Organica Effettiva', NULL, NULL, 'U', 'U', 'PDF', 'N', 'N'
, 'S'); 
INSERT INTO A_CATALOGO_STAMPE ( STAMPA, TITOLO, TITOLO_AL1, TITOLO_AL2, TIPO_PROPRIETA, TIPO_VISURA,
CLASSE, STAMPA_BLOCCATA, STAMPA_PROTETTA, SEQUENZIALE ) VALUES ( 
'PDOSDOOR', 'Stampa Dotazione Organica Teorica', NULL, NULL, 'U', 'U', 'PDF', 'N'
, 'N', 'S'); 
INSERT INTO A_CATALOGO_STAMPE ( STAMPA, TITOLO, TITOLO_AL1, TITOLO_AL2, TIPO_PROPRIETA, TIPO_VISURA,
CLASSE, STAMPA_BLOCCATA, STAMPA_PROTETTA, SEQUENZIALE ) VALUES ( 
'PDOSEVDO', 'Evoluzione della Dot.Org.Teorica', NULL, NULL, 'U', 'U', 'PDF', 'N', 'N'
, 'S'); 
INSERT INTO A_CATALOGO_STAMPE ( STAMPA, TITOLO, TITOLO_AL1, TITOLO_AL2, TIPO_PROPRIETA, TIPO_VISURA,
CLASSE, STAMPA_BLOCCATA, STAMPA_PROTETTA, SEQUENZIALE ) VALUES ( 
'PDOSMODO', 'Mobilita sulla dotazione', NULL, NULL, 'U', 'U', 'PDF', 'N', 'N', 'S'); 
INSERT INTO A_CATALOGO_STAMPE ( STAMPA, TITOLO, TITOLO_AL1, TITOLO_AL2, TIPO_PROPRIETA, TIPO_VISURA,
CLASSE, STAMPA_BLOCCATA, STAMPA_PROTETTA, SEQUENZIALE ) VALUES ( 
'PDOSSCDF', 'Scostamenti situazioni Diritto/Fatto', NULL, NULL, 'U', 'U', 'PDF', 'N'
, 'N', 'S'); 
--
--
-- Inserimento nuovi passi procedurali per giuridico matricolare e dotazione organica
--
--
INSERT INTO A_PASSI_PROC ( VOCE_MENU, PASSO, TITOLO, TITOLO_AL1, TITOLO_AL2, TIPO, MODULO, STRINGA,
STAMPA, GRUPPO_LING ) VALUES ( 
'PDOSDOEF', 1, 'Stampa Dotazione Organica Effettiva', NULL, NULL, 'R', 'PDOSDOEF'
, NULL, 'PDOSDOEF', 'N'); 
INSERT INTO A_PASSI_PROC ( VOCE_MENU, PASSO, TITOLO, TITOLO_AL1, TITOLO_AL2, TIPO, MODULO, STRINGA,
STAMPA, GRUPPO_LING ) VALUES ( 
'PDOSDOOR', 1, 'Stampa Dotazione Organica Teorica', NULL, NULL, 'R', 'PDOSDOOR', NULL
, 'PDOSDOOR', 'N'); 
INSERT INTO A_PASSI_PROC ( VOCE_MENU, PASSO, TITOLO, TITOLO_AL1, TITOLO_AL2, TIPO, MODULO, STRINGA,
STAMPA, GRUPPO_LING ) VALUES ( 
'PDOSEVDO', 1, 'Evoluzione della Dot.Org.Teorica', NULL, NULL, 'R', 'PDOSEVDO', NULL
, 'PDOSEVDO', 'N'); 
INSERT INTO A_PASSI_PROC ( VOCE_MENU, PASSO, TITOLO, TITOLO_AL1, TITOLO_AL2, TIPO, MODULO, STRINGA,
STAMPA, GRUPPO_LING ) VALUES ( 
'PDOSMODO', 1, 'Aggiornamento parametri date', NULL, NULL, 'Q', 'PDOCMODO', NULL, NULL
, 'N'); 
INSERT INTO A_PASSI_PROC ( VOCE_MENU, PASSO, TITOLO, TITOLO_AL1, TITOLO_AL2, TIPO, MODULO, STRINGA,
STAMPA, GRUPPO_LING ) VALUES ( 
'PDOSMODO', 2, 'Mobilita sulla Dotazione Organica', NULL, NULL, 'R', 'PDOSMODO', NULL
, 'PDOSMODO', 'N'); 
INSERT INTO A_PASSI_PROC ( VOCE_MENU, PASSO, TITOLO, TITOLO_AL1, TITOLO_AL2, TIPO, MODULO, STRINGA,
STAMPA, GRUPPO_LING ) VALUES ( 
'PDOSMODO', 3, 'Mobilita sulla Dotazione Organica', NULL, NULL, 'Q', 'PDODMODO', NULL
, NULL, 'N'); 
INSERT INTO A_PASSI_PROC ( VOCE_MENU, PASSO, TITOLO, TITOLO_AL1, TITOLO_AL2, TIPO, MODULO, STRINGA,
STAMPA, GRUPPO_LING ) VALUES ( 
'PDOSSCDF', 1, 'Scostamenti situazioni Diritto/Fatto', NULL, NULL, 'R', 'PDOSSCDF'
, NULL, 'PDOSSCDF', 'N'); 
INSERT INTO A_PASSI_PROC ( VOCE_MENU, PASSO, TITOLO, TITOLO_AL1, TITOLO_AL2, TIPO, MODULO, STRINGA,
STAMPA, GRUPPO_LING ) VALUES ( 
'PGMLSDAM', 1, 'Lista Sedi Amministrative', NULL, NULL, 'R', 'PGMLSDAM', NULL, 'PGMLSDAM'
, 'N'); 
INSERT INTO A_PASSI_PROC ( VOCE_MENU, PASSO, TITOLO, TITOLO_AL1, TITOLO_AL2, TIPO, MODULO, STRINGA,
STAMPA, GRUPPO_LING ) VALUES ( 
'PGMLSEDI', 1, 'Lista Sedi dell'' Ente', NULL, NULL, 'R', 'PGMLSEDI', NULL, 'PGMLSEDI'
, 'N'); 
--
--
-- Inserimento nuove selezioni parametri per giuridico matricolare e dotazione organica
--
--
INSERT INTO A_SELEZIONI ( PARAMETRO, VOCE_MENU, SEQUENZA, DESCRIZIONE, DESCRIZIONE_AL1,
DESCRIZIONE_AL2, LUNGHEZZA, FORMATO, OBBLIGO, VALORE_DEFAULT, DOMINIO, ALIAS, GRUPPO_ALIAS,
NUMERO_FK ) VALUES ( 
'P_SETTORI', 'PGMLSEDI', 1, 'Elenco Settori', NULL, NULL, 1, 'U', 'N', NULL, NULL
, NULL, NULL, NULL); 
INSERT INTO A_SELEZIONI ( PARAMETRO, VOCE_MENU, SEQUENZA, DESCRIZIONE, DESCRIZIONE_AL1,
DESCRIZIONE_AL2, LUNGHEZZA, FORMATO, OBBLIGO, VALORE_DEFAULT, DOMINIO, ALIAS, GRUPPO_ALIAS,
NUMERO_FK ) VALUES ( 
'P_ASSEGNATI', 'PGMLSETT', 4, 'Assegnati', NULL, NULL, 1, 'U', 'N', NULL, NULL, NULL
, NULL, NULL); 
INSERT INTO A_SELEZIONI ( PARAMETRO, VOCE_MENU, SEQUENZA, DESCRIZIONE, DESCRIZIONE_AL1,
DESCRIZIONE_AL2, LUNGHEZZA, FORMATO, OBBLIGO, VALORE_DEFAULT, DOMINIO, ALIAS, GRUPPO_ALIAS,
NUMERO_FK ) VALUES ( 
'P_COMPONENTI', 'PGMLSETT', 3, 'Componenti', NULL, NULL, 1, 'U', 'N', NULL, NULL, NULL
, NULL, NULL); 
INSERT INTO A_SELEZIONI ( PARAMETRO, VOCE_MENU, SEQUENZA, DESCRIZIONE, DESCRIZIONE_AL1,
DESCRIZIONE_AL2, LUNGHEZZA, FORMATO, OBBLIGO, VALORE_DEFAULT, DOMINIO, ALIAS, GRUPPO_ALIAS,
NUMERO_FK ) VALUES ( 
'P_GESTIONE', 'PGMLSETT', 6, 'Gestione', NULL, NULL, 4, 'U', 'N', '%', NULL, NULL
, NULL, NULL); 
INSERT INTO A_SELEZIONI ( PARAMETRO, VOCE_MENU, SEQUENZA, DESCRIZIONE, DESCRIZIONE_AL1,
DESCRIZIONE_AL2, LUNGHEZZA, FORMATO, OBBLIGO, VALORE_DEFAULT, DOMINIO, ALIAS, GRUPPO_ALIAS,
NUMERO_FK ) VALUES ( 
'P_IN_SERVIZIO', 'PGMLSETT', 5, 'In Servizio', NULL, NULL, 1, 'U', 'N', NULL, NULL
, NULL, NULL, NULL); 
INSERT INTO A_SELEZIONI ( PARAMETRO, VOCE_MENU, SEQUENZA, DESCRIZIONE, DESCRIZIONE_AL1,
DESCRIZIONE_AL2, LUNGHEZZA, FORMATO, OBBLIGO, VALORE_DEFAULT, DOMINIO, ALIAS, GRUPPO_ALIAS,
NUMERO_FK ) VALUES ( 
'P_REVISIONE', 'PGMLSETT', 1, 'Revisione', NULL, NULL, 8, 'N', 'N', NULL, NULL, 'LSETT'
, 0, 1); 
INSERT INTO A_SELEZIONI ( PARAMETRO, VOCE_MENU, SEQUENZA, DESCRIZIONE, DESCRIZIONE_AL1,
DESCRIZIONE_AL2, LUNGHEZZA, FORMATO, OBBLIGO, VALORE_DEFAULT, DOMINIO, ALIAS, GRUPPO_ALIAS,
NUMERO_FK ) VALUES ( 
'P_RILEVANZA', 'PGMLSETT', 2, 'Rilevanza', NULL, NULL, 1, 'U', 'S', 'Q', NULL, NULL
, NULL, NULL); 
INSERT INTO A_SELEZIONI ( PARAMETRO, VOCE_MENU, SEQUENZA, DESCRIZIONE, DESCRIZIONE_AL1,
DESCRIZIONE_AL2, LUNGHEZZA, FORMATO, OBBLIGO, VALORE_DEFAULT, DOMINIO, ALIAS, GRUPPO_ALIAS,
NUMERO_FK ) VALUES ( 
'P_ASSENZE', 'PDOSDOEF', 6, 'Assenze', NULL, NULL, 1, 'U', 'N', NULL, 'P_X', NULL
, NULL, NULL); 
INSERT INTO A_SELEZIONI ( PARAMETRO, VOCE_MENU, SEQUENZA, DESCRIZIONE, DESCRIZIONE_AL1,
DESCRIZIONE_AL2, LUNGHEZZA, FORMATO, OBBLIGO, VALORE_DEFAULT, DOMINIO, ALIAS, GRUPPO_ALIAS,
NUMERO_FK ) VALUES ( 
'P_DI_RUOLO', 'PDOSDOEF', 9, 'Di Ruolo', NULL, NULL, 1, 'U', 'N', 'X', 'P_X', NULL
, NULL, NULL); 
INSERT INTO A_SELEZIONI ( PARAMETRO, VOCE_MENU, SEQUENZA, DESCRIZIONE, DESCRIZIONE_AL1,
DESCRIZIONE_AL2, LUNGHEZZA, FORMATO, OBBLIGO, VALORE_DEFAULT, DOMINIO, ALIAS, GRUPPO_ALIAS,
NUMERO_FK ) VALUES ( 
'P_D_F', 'PDOSDOEF', 3, 'Situazione Giuridica', NULL, NULL, 1, 'U', 'N', 'D', 'P_DF'
, NULL, NULL, NULL); 
INSERT INTO A_SELEZIONI ( PARAMETRO, VOCE_MENU, SEQUENZA, DESCRIZIONE, DESCRIZIONE_AL1,
DESCRIZIONE_AL2, LUNGHEZZA, FORMATO, OBBLIGO, VALORE_DEFAULT, DOMINIO, ALIAS, GRUPPO_ALIAS,
NUMERO_FK ) VALUES ( 
'P_GESTIONE', 'PDOSDOEF', 2, 'Gestione', NULL, NULL, 4, 'U', 'N', '%', NULL, 'GEST'
, 0, 1); 
INSERT INTO A_SELEZIONI ( PARAMETRO, VOCE_MENU, SEQUENZA, DESCRIZIONE, DESCRIZIONE_AL1,
DESCRIZIONE_AL2, LUNGHEZZA, FORMATO, OBBLIGO, VALORE_DEFAULT, DOMINIO, ALIAS, GRUPPO_ALIAS,
NUMERO_FK ) VALUES ( 
'P_INCARICHI', 'PDOSDOEF', 7, 'Incarichi', NULL, NULL, 1, 'U', 'N', NULL, 'P_X', NULL
, NULL, NULL); 
INSERT INTO A_SELEZIONI ( PARAMETRO, VOCE_MENU, SEQUENZA, DESCRIZIONE, DESCRIZIONE_AL1,
DESCRIZIONE_AL2, LUNGHEZZA, FORMATO, OBBLIGO, VALORE_DEFAULT, DOMINIO, ALIAS, GRUPPO_ALIAS,
NUMERO_FK ) VALUES ( 
'P_NOMINATIVA', 'PDOSDOEF', 4, 'Nominativa', NULL, NULL, 1, 'U', 'N', NULL, 'P_X'
, NULL, NULL, NULL); 
INSERT INTO A_SELEZIONI ( PARAMETRO, VOCE_MENU, SEQUENZA, DESCRIZIONE, DESCRIZIONE_AL1,
DESCRIZIONE_AL2, LUNGHEZZA, FORMATO, OBBLIGO, VALORE_DEFAULT, DOMINIO, ALIAS, GRUPPO_ALIAS,
NUMERO_FK ) VALUES ( 
'P_NON_RUOLO', 'PDOSDOEF', 10, 'Non di Ruolo', NULL, NULL, 1, 'U', 'N', 'X', 'P_X'
, NULL, NULL, NULL); 
INSERT INTO A_SELEZIONI ( PARAMETRO, VOCE_MENU, SEQUENZA, DESCRIZIONE, DESCRIZIONE_AL1,
DESCRIZIONE_AL2, LUNGHEZZA, FORMATO, OBBLIGO, VALORE_DEFAULT, DOMINIO, ALIAS, GRUPPO_ALIAS,
NUMERO_FK ) VALUES ( 
'P_REVISIONE', 'PDOSDOEF', 1, 'Revisione', NULL, NULL, 8, 'N', 'N', NULL, NULL, 'REDO'
, 0, 1); 
INSERT INTO A_SELEZIONI ( PARAMETRO, VOCE_MENU, SEQUENZA, DESCRIZIONE, DESCRIZIONE_AL1,
DESCRIZIONE_AL2, LUNGHEZZA, FORMATO, OBBLIGO, VALORE_DEFAULT, DOMINIO, ALIAS, GRUPPO_ALIAS,
NUMERO_FK ) VALUES ( 
'P_SCOSTAMENTI', 'PDOSDOEF', 5, 'Scostamenti', NULL, NULL, 1, 'U', 'N', NULL, 'P_X'
, NULL, NULL, NULL); 
INSERT INTO A_SELEZIONI ( PARAMETRO, VOCE_MENU, SEQUENZA, DESCRIZIONE, DESCRIZIONE_AL1,
DESCRIZIONE_AL2, LUNGHEZZA, FORMATO, OBBLIGO, VALORE_DEFAULT, DOMINIO, ALIAS, GRUPPO_ALIAS,
NUMERO_FK ) VALUES ( 
'P_SOSTITUTI', 'PDOSDOEF', 8, 'Sostituti', NULL, NULL, 1, 'U', 'N', NULL, 'P_X', NULL
, NULL, NULL); 
INSERT INTO A_SELEZIONI ( PARAMETRO, VOCE_MENU, SEQUENZA, DESCRIZIONE, DESCRIZIONE_AL1,
DESCRIZIONE_AL2, LUNGHEZZA, FORMATO, OBBLIGO, VALORE_DEFAULT, DOMINIO, ALIAS, GRUPPO_ALIAS,
NUMERO_FK ) VALUES ( 
'P_GESTIONE', 'PDOSDOOR', 2, 'Gestione', NULL, NULL, 4, 'U', 'N', '%', NULL, NULL
, NULL, NULL); 
INSERT INTO A_SELEZIONI ( PARAMETRO, VOCE_MENU, SEQUENZA, DESCRIZIONE, DESCRIZIONE_AL1,
DESCRIZIONE_AL2, LUNGHEZZA, FORMATO, OBBLIGO, VALORE_DEFAULT, DOMINIO, ALIAS, GRUPPO_ALIAS,
NUMERO_FK ) VALUES ( 
'P_REVISIONE', 'PDOSDOOR', 1, 'Revisione', NULL, NULL, 8, 'N', 'N', NULL, NULL, NULL
, NULL, NULL); 
INSERT INTO A_SELEZIONI ( PARAMETRO, VOCE_MENU, SEQUENZA, DESCRIZIONE, DESCRIZIONE_AL1,
DESCRIZIONE_AL2, LUNGHEZZA, FORMATO, OBBLIGO, VALORE_DEFAULT, DOMINIO, ALIAS, GRUPPO_ALIAS,
NUMERO_FK ) VALUES ( 
'P_DATA_FINE', 'PDOSEVDO', 2, 'Data fine', NULL, NULL, 10, 'D', 'N', NULL, NULL, NULL
, NULL, NULL); 
INSERT INTO A_SELEZIONI ( PARAMETRO, VOCE_MENU, SEQUENZA, DESCRIZIONE, DESCRIZIONE_AL1,
DESCRIZIONE_AL2, LUNGHEZZA, FORMATO, OBBLIGO, VALORE_DEFAULT, DOMINIO, ALIAS, GRUPPO_ALIAS,
NUMERO_FK ) VALUES ( 
'P_DATA_INIZIO', 'PDOSEVDO', 1, 'Data inizio', NULL, NULL, 10, 'D', 'N', NULL, NULL
, NULL, NULL, NULL); 
INSERT INTO A_SELEZIONI ( PARAMETRO, VOCE_MENU, SEQUENZA, DESCRIZIONE, DESCRIZIONE_AL1,
DESCRIZIONE_AL2, LUNGHEZZA, FORMATO, OBBLIGO, VALORE_DEFAULT, DOMINIO, ALIAS, GRUPPO_ALIAS,
NUMERO_FK ) VALUES ( 
'P_AREA', 'PDOSMODO', 7, 'Area', NULL, NULL, 8, 'U', 'N', '%', NULL, NULL, NULL, NULL); 
INSERT INTO A_SELEZIONI ( PARAMETRO, VOCE_MENU, SEQUENZA, DESCRIZIONE, DESCRIZIONE_AL1,
DESCRIZIONE_AL2, LUNGHEZZA, FORMATO, OBBLIGO, VALORE_DEFAULT, DOMINIO, ALIAS, GRUPPO_ALIAS,
NUMERO_FK ) VALUES ( 
'P_ATTIVITA', 'PDOSMODO', 12, 'Attivita', NULL, NULL, 4, 'U', 'N', '%', NULL, NULL
, NULL, NULL); 
INSERT INTO A_SELEZIONI ( PARAMETRO, VOCE_MENU, SEQUENZA, DESCRIZIONE, DESCRIZIONE_AL1,
DESCRIZIONE_AL2, LUNGHEZZA, FORMATO, OBBLIGO, VALORE_DEFAULT, DOMINIO, ALIAS, GRUPPO_ALIAS,
NUMERO_FK ) VALUES ( 
'P_DATA_FINE', 'PDOSMODO', 2, 'Data di riferimento finale', NULL, NULL, 10, 'D', 'N'
, NULL, NULL, NULL, NULL, NULL); 
INSERT INTO A_SELEZIONI ( PARAMETRO, VOCE_MENU, SEQUENZA, DESCRIZIONE, DESCRIZIONE_AL1,
DESCRIZIONE_AL2, LUNGHEZZA, FORMATO, OBBLIGO, VALORE_DEFAULT, DOMINIO, ALIAS, GRUPPO_ALIAS,
NUMERO_FK ) VALUES ( 
'P_DATA_INIZIO', 'PDOSMODO', 1, 'Data di riferimento iniziale', NULL, NULL, 10, 'D'
, 'N', NULL, NULL, NULL, NULL, NULL); 
INSERT INTO A_SELEZIONI ( PARAMETRO, VOCE_MENU, SEQUENZA, DESCRIZIONE, DESCRIZIONE_AL1,
DESCRIZIONE_AL2, LUNGHEZZA, FORMATO, OBBLIGO, VALORE_DEFAULT, DOMINIO, ALIAS, GRUPPO_ALIAS,
NUMERO_FK ) VALUES ( 
'P_FIGURA', 'PDOSMODO', 13, 'Figura', NULL, NULL, 8, 'U', 'N', '%', NULL, 'FIGU', 0
, 1); 
INSERT INTO A_SELEZIONI ( PARAMETRO, VOCE_MENU, SEQUENZA, DESCRIZIONE, DESCRIZIONE_AL1,
DESCRIZIONE_AL2, LUNGHEZZA, FORMATO, OBBLIGO, VALORE_DEFAULT, DOMINIO, ALIAS, GRUPPO_ALIAS,
NUMERO_FK ) VALUES ( 
'P_GESTIONE', 'PDOSMODO', 5, 'Gestione', NULL, NULL, 4, 'U', 'N', '%', NULL, 'GEST'
, 0, 1); 
INSERT INTO A_SELEZIONI ( PARAMETRO, VOCE_MENU, SEQUENZA, DESCRIZIONE, DESCRIZIONE_AL1,
DESCRIZIONE_AL2, LUNGHEZZA, FORMATO, OBBLIGO, VALORE_DEFAULT, DOMINIO, ALIAS, GRUPPO_ALIAS,
NUMERO_FK ) VALUES ( 
'P_LIVELLO', 'PDOSMODO', 15, 'Livello', NULL, NULL, 4, 'U', 'N', '%', NULL, NULL, NULL
, NULL); 
INSERT INTO A_SELEZIONI ( PARAMETRO, VOCE_MENU, SEQUENZA, DESCRIZIONE, DESCRIZIONE_AL1,
DESCRIZIONE_AL2, LUNGHEZZA, FORMATO, OBBLIGO, VALORE_DEFAULT, DOMINIO, ALIAS, GRUPPO_ALIAS,
NUMERO_FK ) VALUES ( 
'P_NOMINATIVA', 'PDOSMODO', 6, 'Nominativa', NULL, NULL, 1, 'U', 'N', NULL, 'P_X'
, NULL, NULL, NULL); 
INSERT INTO A_SELEZIONI ( PARAMETRO, VOCE_MENU, SEQUENZA, DESCRIZIONE, DESCRIZIONE_AL1,
DESCRIZIONE_AL2, LUNGHEZZA, FORMATO, OBBLIGO, VALORE_DEFAULT, DOMINIO, ALIAS, GRUPPO_ALIAS,
NUMERO_FK ) VALUES ( 
'P_ORE', 'PDOSMODO', 17, 'Ore', NULL, NULL, 3, 'N', 'N', NULL, NULL, NULL, NULL, NULL); 
INSERT INTO A_SELEZIONI ( PARAMETRO, VOCE_MENU, SEQUENZA, DESCRIZIONE, DESCRIZIONE_AL1,
DESCRIZIONE_AL2, LUNGHEZZA, FORMATO, OBBLIGO, VALORE_DEFAULT, DOMINIO, ALIAS, GRUPPO_ALIAS,
NUMERO_FK ) VALUES ( 
'P_POSIZIONE', 'PDOSMODO', 11, 'Posizione', NULL, NULL, 4, 'U', 'N', '%', NULL, 'POFU'
, 0, 1); 
INSERT INTO A_SELEZIONI ( PARAMETRO, VOCE_MENU, SEQUENZA, DESCRIZIONE, DESCRIZIONE_AL1,
DESCRIZIONE_AL2, LUNGHEZZA, FORMATO, OBBLIGO, VALORE_DEFAULT, DOMINIO, ALIAS, GRUPPO_ALIAS,
NUMERO_FK ) VALUES ( 
'P_PROFILO', 'PDOSMODO', 10, 'Profilo', NULL, NULL, 4, 'U', 'N', '%', NULL, NULL, NULL
, NULL); 
INSERT INTO A_SELEZIONI ( PARAMETRO, VOCE_MENU, SEQUENZA, DESCRIZIONE, DESCRIZIONE_AL1,
DESCRIZIONE_AL2, LUNGHEZZA, FORMATO, OBBLIGO, VALORE_DEFAULT, DOMINIO, ALIAS, GRUPPO_ALIAS,
NUMERO_FK ) VALUES ( 
'P_QUALIFICA', 'PDOSMODO', 14, 'Qualifica', NULL, NULL, 8, 'U', 'N', '%', NULL, 'QUAL'
, 0, 1); 
INSERT INTO A_SELEZIONI ( PARAMETRO, VOCE_MENU, SEQUENZA, DESCRIZIONE, DESCRIZIONE_AL1,
DESCRIZIONE_AL2, LUNGHEZZA, FORMATO, OBBLIGO, VALORE_DEFAULT, DOMINIO, ALIAS, GRUPPO_ALIAS,
NUMERO_FK ) VALUES ( 
'P_REVISIONE', 'PDOSMODO', 4, 'Revisione', NULL, NULL, 8, 'N', 'N', NULL, NULL, 'REDO'
, 0, 1); 
INSERT INTO A_SELEZIONI ( PARAMETRO, VOCE_MENU, SEQUENZA, DESCRIZIONE, DESCRIZIONE_AL1,
DESCRIZIONE_AL2, LUNGHEZZA, FORMATO, OBBLIGO, VALORE_DEFAULT, DOMINIO, ALIAS, GRUPPO_ALIAS,
NUMERO_FK ) VALUES ( 
'P_RILEVANZA', 'PDOSMODO', 3, 'Tipo di elaborazione', NULL, NULL, 1, 'U', 'N', NULL
, NULL, NULL, NULL, NULL); 
INSERT INTO A_SELEZIONI ( PARAMETRO, VOCE_MENU, SEQUENZA, DESCRIZIONE, DESCRIZIONE_AL1,
DESCRIZIONE_AL2, LUNGHEZZA, FORMATO, OBBLIGO, VALORE_DEFAULT, DOMINIO, ALIAS, GRUPPO_ALIAS,
NUMERO_FK ) VALUES ( 
'P_RUOLO', 'PDOSMODO', 9, 'Ruolo', NULL, NULL, 4, 'U', 'N', '%', NULL, 'RUOL', 0, 1); 
INSERT INTO A_SELEZIONI ( PARAMETRO, VOCE_MENU, SEQUENZA, DESCRIZIONE, DESCRIZIONE_AL1,
DESCRIZIONE_AL2, LUNGHEZZA, FORMATO, OBBLIGO, VALORE_DEFAULT, DOMINIO, ALIAS, GRUPPO_ALIAS,
NUMERO_FK ) VALUES ( 
'P_SETTORE', 'PDOSMODO', 8, 'Settore', NULL, NULL, 15, 'U', 'N', '%', NULL, NULL, NULL
, NULL); 
INSERT INTO A_SELEZIONI ( PARAMETRO, VOCE_MENU, SEQUENZA, DESCRIZIONE, DESCRIZIONE_AL1,
DESCRIZIONE_AL2, LUNGHEZZA, FORMATO, OBBLIGO, VALORE_DEFAULT, DOMINIO, ALIAS, GRUPPO_ALIAS,
NUMERO_FK ) VALUES ( 
'P_TIPO_RAPPORTO', 'PDOSMODO', 16, 'Tipo Rapporto', NULL, NULL, 4, 'U', 'N', '%', NULL
, 'TIRA', 0, 1); 
INSERT INTO A_SELEZIONI ( PARAMETRO, VOCE_MENU, SEQUENZA, DESCRIZIONE, DESCRIZIONE_AL1,
DESCRIZIONE_AL2, LUNGHEZZA, FORMATO, OBBLIGO, VALORE_DEFAULT, DOMINIO, ALIAS, GRUPPO_ALIAS,
NUMERO_FK ) VALUES ( 
'ATTIVITA', 'PDOSSCDF', 9, 'Attivita', NULL, NULL, 4, 'U', 'N', '%', NULL, NULL, NULL
, NULL); 
INSERT INTO A_SELEZIONI ( PARAMETRO, VOCE_MENU, SEQUENZA, DESCRIZIONE, DESCRIZIONE_AL1,
DESCRIZIONE_AL2, LUNGHEZZA, FORMATO, OBBLIGO, VALORE_DEFAULT, DOMINIO, ALIAS, GRUPPO_ALIAS,
NUMERO_FK ) VALUES ( 
'FIGURA', 'PDOSSCDF', 10, 'Figura', NULL, NULL, 8, 'U', 'N', '%', NULL, 'FIGU', 0
, 1); 
INSERT INTO A_SELEZIONI ( PARAMETRO, VOCE_MENU, SEQUENZA, DESCRIZIONE, DESCRIZIONE_AL1,
DESCRIZIONE_AL2, LUNGHEZZA, FORMATO, OBBLIGO, VALORE_DEFAULT, DOMINIO, ALIAS, GRUPPO_ALIAS,
NUMERO_FK ) VALUES ( 
'LIVELLO', 'PDOSSCDF', 12, 'Livello', NULL, NULL, 4, 'U', 'N', '%', NULL, NULL, NULL
, NULL); 
INSERT INTO A_SELEZIONI ( PARAMETRO, VOCE_MENU, SEQUENZA, DESCRIZIONE, DESCRIZIONE_AL1,
DESCRIZIONE_AL2, LUNGHEZZA, FORMATO, OBBLIGO, VALORE_DEFAULT, DOMINIO, ALIAS, GRUPPO_ALIAS,
NUMERO_FK ) VALUES ( 
'POSIZIONE', 'PDOSSCDF', 8, 'Posizione', NULL, NULL, 4, 'U', 'N', '%', NULL, 'POFU'
, 0, 1); 
INSERT INTO A_SELEZIONI ( PARAMETRO, VOCE_MENU, SEQUENZA, DESCRIZIONE, DESCRIZIONE_AL1,
DESCRIZIONE_AL2, LUNGHEZZA, FORMATO, OBBLIGO, VALORE_DEFAULT, DOMINIO, ALIAS, GRUPPO_ALIAS,
NUMERO_FK ) VALUES ( 
'PROFILO', 'PDOSSCDF', 7, 'Profilo', NULL, NULL, 4, 'U', 'N', '%', NULL, NULL, NULL
, NULL); 
INSERT INTO A_SELEZIONI ( PARAMETRO, VOCE_MENU, SEQUENZA, DESCRIZIONE, DESCRIZIONE_AL1,
DESCRIZIONE_AL2, LUNGHEZZA, FORMATO, OBBLIGO, VALORE_DEFAULT, DOMINIO, ALIAS, GRUPPO_ALIAS,
NUMERO_FK ) VALUES ( 
'P_AREA', 'PDOSSCDF', 4, 'Area', NULL, NULL, 8, 'U', 'N', '%', NULL, NULL, NULL, NULL); 
INSERT INTO A_SELEZIONI ( PARAMETRO, VOCE_MENU, SEQUENZA, DESCRIZIONE, DESCRIZIONE_AL1,
DESCRIZIONE_AL2, LUNGHEZZA, FORMATO, OBBLIGO, VALORE_DEFAULT, DOMINIO, ALIAS, GRUPPO_ALIAS,
NUMERO_FK ) VALUES ( 
'P_GESTIONE', 'PDOSSCDF', 2, 'Gestione', NULL, NULL, 4, 'U', 'N', '%', NULL, 'GEST'
, 0, 1); 
INSERT INTO A_SELEZIONI ( PARAMETRO, VOCE_MENU, SEQUENZA, DESCRIZIONE, DESCRIZIONE_AL1,
DESCRIZIONE_AL2, LUNGHEZZA, FORMATO, OBBLIGO, VALORE_DEFAULT, DOMINIO, ALIAS, GRUPPO_ALIAS,
NUMERO_FK ) VALUES ( 
'P_NOMINATIVA', 'PDOSSCDF', 3, 'Se Nominativa', NULL, NULL, 1, 'U', 'N', NULL, 'P_X'
, NULL, NULL, NULL); 
INSERT INTO A_SELEZIONI ( PARAMETRO, VOCE_MENU, SEQUENZA, DESCRIZIONE, DESCRIZIONE_AL1,
DESCRIZIONE_AL2, LUNGHEZZA, FORMATO, OBBLIGO, VALORE_DEFAULT, DOMINIO, ALIAS, GRUPPO_ALIAS,
NUMERO_FK ) VALUES ( 
'P_REVISIONE', 'PDOSSCDF', 1, 'Revisione', NULL, NULL, 8, 'N', 'N', NULL, NULL, 'REDO'
, 0, 1); 
INSERT INTO A_SELEZIONI ( PARAMETRO, VOCE_MENU, SEQUENZA, DESCRIZIONE, DESCRIZIONE_AL1,
DESCRIZIONE_AL2, LUNGHEZZA, FORMATO, OBBLIGO, VALORE_DEFAULT, DOMINIO, ALIAS, GRUPPO_ALIAS,
NUMERO_FK ) VALUES ( 
'QUALIFICA', 'PDOSSCDF', 11, 'Qualifica', NULL, NULL, 8, 'U', 'N', '%', NULL, 'QUAL'
, 0, 1); 
INSERT INTO A_SELEZIONI ( PARAMETRO, VOCE_MENU, SEQUENZA, DESCRIZIONE, DESCRIZIONE_AL1,
DESCRIZIONE_AL2, LUNGHEZZA, FORMATO, OBBLIGO, VALORE_DEFAULT, DOMINIO, ALIAS, GRUPPO_ALIAS,
NUMERO_FK ) VALUES ( 
'RUOLO', 'PDOSSCDF', 6, 'Ruolo', NULL, NULL, 4, 'U', 'N', '%', NULL, 'RUOL', 0, 1); 
INSERT INTO A_SELEZIONI ( PARAMETRO, VOCE_MENU, SEQUENZA, DESCRIZIONE, DESCRIZIONE_AL1,
DESCRIZIONE_AL2, LUNGHEZZA, FORMATO, OBBLIGO, VALORE_DEFAULT, DOMINIO, ALIAS, GRUPPO_ALIAS,
NUMERO_FK ) VALUES ( 
'SETTORE', 'PDOSSCDF', 5, 'Settore', NULL, NULL, 15, 'U', 'N', '%', NULL, NULL, NULL
, NULL); 
INSERT INTO A_SELEZIONI ( PARAMETRO, VOCE_MENU, SEQUENZA, DESCRIZIONE, DESCRIZIONE_AL1,
DESCRIZIONE_AL2, LUNGHEZZA, FORMATO, OBBLIGO, VALORE_DEFAULT, DOMINIO, ALIAS, GRUPPO_ALIAS,
NUMERO_FK ) VALUES ( 
'TIPO_RAPPORTO', 'PDOSSCDF', 13, 'Tipo Rapporto', NULL, NULL, 4, 'U', 'N', '%', NULL
, 'TIRA', 0, 1); 
 
 

